{"strategy":{"VATSMStrategy":{"trades":[{"pair":"BTC/USDT","stake_amount":34131.18384,"max_stake_amount":34131.18384,"amount":0.56052,"open_date":"2024-08-20 14:00:00+00:00","close_date":"2024-08-21 19:45:00+00:00","open_rate":60892.0,"close_rate":61562.41,"fee_open":0.001,"fee_close":0.001,"trade_duration":1785,"profit_ratio":0.008989821024500511,"profit_abs":307.14006731,"exit_reason":"trailing_stop_loss","initial_stop_loss_abs":30446.0,"initial_stop_loss_ratio":-0.5,"stop_loss_abs":61562.41,"stop_loss_ratio":-0.0010189300000000012,"min_rate":58548.23,"max_rate":61625.2,"is_open":false,"enter_tag":"","leverage":1.0,"is_short":false,"open_timestamp":1724162400000,"close_timestamp":1724269500000,"orders":[{"amount":0.56052,"safe_price":60892.0,"ft_order_side":"buy","order_filled_timestamp":1724162400000,"ft_is_entry":true,"ft_order_tag":"","cost":34165.31502384},{"amount":0.56052,"safe_price":61562.41,"ft_order_side":"sell","order_filled_timestamp":1724269500000,"ft_is_entry":false,"ft_order_tag":"trailing_stop_loss","cost":34541.4690152532}],"funding_fees":0.0},{"pair":"BTC/USDT","stake_amount":20506.7137392,"max_stake_amount":20506.7137392,"amount":0.33336,"open_date":"2024-08-21 20:15:00+00:00","close_date":"2024-08-23 14:00:00+00:00","open_rate":61515.22,"close_rate":62032.27,"fee_open":0.001,"fee_close":0.001,"trade_duration":2505,"profit_ratio":0.006390441269471396,"profit_abs":131.17799673,"exit_reason":"trailing_stop_loss","initial_stop_loss_abs":30757.61,"initial_stop_loss_ratio":-0.5,"stop_loss_abs":62032.27,"stop_loss_ratio":-0.0012998199999999993,"min_rate":59724.87,"max_rate":62113.0,"is_open":false,"enter_tag":"","leverage":1.0,"is_short":false,"open_timestamp":1724271300000,"close_timestamp":1724421600000,"orders":[{"amount":0.33336,"safe_price":61515.22,"ft_order_side":"buy","order_filled_timestamp":1724271300000,"ft_is_entry":true,"ft_order_tag":"","cost":20527.220452939197},{"amount":0.33336,"safe_price":62032.27,"ft_order_side":"sell","order_filled_timestamp":1724421600000,"ft_is_entry":false,"ft_order_tag":"trailing_stop_loss","cost":20699.756604727198}],"funding_fees":0.0},{"pair":"BTC/USDT","stake_amount":25778.31672,"max_stake_amount":25778.31672,"amount":0.41519,"open_date":"2024-08-23 14:15:00+00:00","close_date":"2024-08-23 17:45:00+00:00","open_rate":62088.0,"close_rate":62769.07,"fee_open":0.001,"fee_close":0.001,"trade_duration":210,"profit_ratio":0.008949511543860537,"profit_abs":230.93404641,"exit_reason":"trailing_stop_loss","initial_stop_loss_abs":31044.0,"initial_stop_loss_ratio":-0.5,"stop_loss_abs":62769.07,"stop_loss_ratio":-0.0039185,"min_rate":60802.36,"max_rate":63015.99,"is_open":false,"enter_tag":"","leverage":1.0,"is_short":false,"open_timestamp":1724422500000,"close_timestamp":1724435100000,"orders":[{"amount":0.41519,"safe_price":62088.0,"ft_order_side":"buy","order_filled_timestamp":1724422500000,"ft_is_entry":true,"ft_order_tag":"","cost":25804.095036719995},{"amount":0.41519,"safe_price":62769.07,"ft_order_side":"sell","order_filled_timestamp":1724435100000,"ft_is_entry":false,"ft_order_tag":"trailing_stop_loss","cost":26087.151263473297}],"funding_fees":0.0},{"pair":"BTC/USDT","stake_amount":24978.8224212,"max_stake_amount":24978.8224212,"amount":0.39649,"open_date":"2024-08-23 18:00:00+00:00","close_date":"2024-08-23 19:15:00+00:00","open_rate":62999.88,"close_rate":63692.77,"fee_open":0.001,"fee_close":0.001,"trade_duration":75,"profit_ratio":0.008978298344027622,"profit_abs":224.4915873,"exit_reason":"trailing_stop_loss","initial_stop_loss_abs":31499.94,"initial_stop_loss_ratio":-0.5,"stop_loss_abs":63692.77,"stop_loss_ratio":-0.0019804800000000015,"min_rate":62659.09,"max_rate":63819.16,"is_open":false,"enter_tag":"","leverage":1.0,"is_short":false,"open_timestamp":1724436000000,"close_timestamp":1724440500000,"orders":[{"amount":0.39649,"safe_price":62999.88,"ft_order_side":"buy","order_filled_timestamp":1724436000000,"ft_is_entry":true,"ft_order_tag":"","cost":25003.801243621198},{"amount":0.39649,"safe_price":63692.77,"ft_order_side":"sell","order_filled_timestamp":1724440500000,"ft_is_entry":false,"ft_order_tag":"trailing_stop_loss","cost":25278.7999236773}],"funding_fees":0.0},{"pair":"BTC/USDT","stake_amount":24613.1141602,"max_stake_amount":24613.1141602,"amount":0.38398,"open_date":"2024-08-23 23:30:00+00:00","close_date":"2024-08-25 23:00:00+00:00","open_rate":64099.99,"close_rate":64805.81,"fee_open":0.001,"fee_close":0.001,"trade_duration":2850,"profit_ratio":0.008991231701413197,"profit_abs":221.52351452,"exit_reason":"trailing_stop_loss","initial_stop_loss_abs":32050.0,"initial_stop_loss_ratio":-0.5,"stop_loss_abs":64805.81,"stop_loss_ratio":-0.0008972200000000007,"min_rate":63531.0,"max_rate":64864.0,"is_open":false,"enter_tag":"","leverage":1.0,"is_short":false,"open_timestamp":1724455800000,"close_timestamp":1724626800000,"orders":[{"amount":0.38398,"safe_price":64099.99,"ft_order_side":"buy","order_filled_timestamp":1724455800000,"ft_is_entry":true,"ft_order_tag":"","cost":24637.727274360197},{"amount":0.38398,"safe_price":64805.81,"ft_order_side":"sell","order_filled_timestamp":1724626800000,"ft_is_entry":false,"ft_order_tag":"trailing_stop_loss","cost":24909.019058723792}],"funding_fees":0.0},{"pair":"BTC/USDT","stake_amount":40992.68924,"max_stake_amount":40992.68924,"amount":0.63233,"open_date":"2024-08-25 23:15:00+00:00","close_date":"2024-08-27 00:00:00+00:00","open_rate":64828.0,"close_rate":62834.0,"fee_open":0.001,"fee_close":0.001,"trade_duration":1485,"profit_ratio":-0.03269486113319025,"profit_abs":-1341.59053246,"exit_reason":"force_exit","initial_stop_loss_abs":32414.0,"initial_stop_loss_ratio":-0.5,"stop_loss_abs":32500.0,"stop_loss_ratio":-0.5,"min_rate":62756.0,"max_rate":65000.0,"is_open":false,"enter_tag":"","leverage":1.0,"is_short":false,"open_timestamp":1724627700000,"close_timestamp":1724716800000,"orders":[{"amount":0.63233,"safe_price":64828.0,"ft_order_side":"buy","order_filled_timestamp":1724627700000,"ft_is_entry":true,"ft_order_tag":"","cost":41033.681929239996},{"amount":0.63233,"safe_price":62834.0,"ft_order_side":"sell","order_filled_timestamp":1724716800000,"ft_is_entry":false,"ft_order_tag":"force_exit","cost":39771.555043219996}],"funding_fees":0.0}],"locks":[],"best_pair":{"key":"BTC/USDT","trades":6,"profit_mean":0.001600740458347168,"profit_mean_pct":0.16,"profit_total_abs":-226.32332019000023,"profit_total":-0.0022632332019000023,"profit_total_pct":-0.23,"duration_avg":"1 day, 0:45:00","wins":5,"draws":0,"losses":1,"winrate":0.8333333333333334,"cagr":-0.03130775743885228,"expectancy":-37.72055336500003,"expectancy_ratio":-0.028116293647238222,"sortino":-100,"sharpe":-0.28411964650931737,"calmar":-12.534272695581095,"sqn":-0.1441,"profit_factor":0.8313022381165707,"max_drawdown_account":0.013267932424523178,"max_drawdown_abs":1341.59053246},"worst_pair":{"key":"BTC/USDT","trades":6,"profit_mean":0.001600740458347168,"profit_mean_pct":0.16,"profit_total_abs":-226.32332019000023,"profit_total":-0.0022632332019000023,"profit_total_pct":-0.23,"duration_avg":"1 day, 0:45:00","wins":5,"draws":0,"losses":1,"winrate":0.8333333333333334,"cagr":-0.03130775743885228,"expectancy":-37.72055336500003,"expectancy_ratio":-0.028116293647238222,"sortino":-100,"sharpe":-0.28411964650931737,"calmar":-12.534272695581095,"sqn":-0.1441,"profit_factor":0.8313022381165707,"max_drawdown_account":0.013267932424523178,"max_drawdown_abs":1341.59053246},"results_per_pair":[{"key":"BTC/USDT","trades":6,"profit_mean":0.001600740458347168,"profit_mean_pct":0.16,"profit_total_abs":-226.32332019000023,"profit_total":-0.0022632332019000023,"profit_total_pct":-0.23,"duration_avg":"1 day, 0:45:00","wins":5,"draws":0,"losses":1,"winrate":0.8333333333333334,"cagr":-0.03130775743885228,"expectancy":-37.72055336500003,"expectancy_ratio":-0.028116293647238222,"sortino":-100,"sharpe":-0.28411964650931737,"calmar":-12.534272695581095,"sqn":-0.1441,"profit_factor":0.8313022381165707,"max_drawdown_account":0.013267932424523178,"max_drawdown_abs":1341.59053246},{"key":"TOTAL","trades":6,"profit_mean":0.001600740458347168,"profit_mean_pct":0.16,"profit_total_abs":-226.32332019000023,"profit_total":-0.0022632332019000023,"profit_total_pct":-0.23,"duration_avg":"1 day, 0:45:00","wins":5,"draws":0,"losses":1,"winrate":0.8333333333333334,"cagr":-0.03130775743885228,"expectancy":-37.72055336500003,"expectancy_ratio":-0.028116293647238222,"sortino":-100,"sharpe":-0.28411964650931737,"calmar":-12.534272695581095,"sqn":-0.1441,"profit_factor":0.8313022381165707,"max_drawdown_account":0.013267932424523178,"max_drawdown_abs":1341.59053246}],"results_per_enter_tag":[{"key":"","trades":6,"profit_mean":0.001600740458347168,"profit_mean_pct":0.16,"profit_total_abs":-226.32332019000023,"profit_total":-0.0022632332019000023,"profit_total_pct":-0.23,"duration_avg":"1 day, 0:45:00","wins":5,"draws":0,"losses":1,"winrate":0.8333333333333334,"cagr":-0.03130775743885228,"expectancy":-37.72055336500003,"expectancy_ratio":-0.028116293647238222,"sortino":-100,"sharpe":-0.28411964650931737,"calmar":-12.534272695581095,"sqn":-0.1441,"profit_factor":0.8313022381165707,"max_drawdown_account":0.013267932424523178,"max_drawdown_abs":1341.59053246},{"key":"TOTAL","trades":6,"profit_mean":0.001600740458347168,"profit_mean_pct":0.16,"profit_total_abs":-226.32332019000023,"profit_total":-0.0022632332019000023,"profit_total_pct":-0.23,"duration_avg":"1 day, 0:45:00","wins":5,"draws":0,"losses":1,"winrate":0.8333333333333334,"cagr":-0.03130775743885228,"expectancy":-37.72055336500003,"expectancy_ratio":-0.028116293647238222,"sortino":-100,"sharpe":-0.28411964650931737,"calmar":-12.534272695581095,"sqn":-0.1441,"profit_factor":0.8313022381165707,"max_drawdown_account":0.013267932424523178,"max_drawdown_abs":1341.59053246}],"exit_reason_summary":[{"key":"trailing_stop_loss","trades":5,"profit_mean":0.008459860776654652,"profit_mean_pct":0.85,"profit_total_abs":1115.2672122699998,"profit_total":0.011152672122699998,"profit_total_pct":1.12,"duration_avg":"1 day, 0:45:00","wins":5,"draws":0,"losses":0,"winrate":1.0,"cagr":0.16847529180379328,"expectancy":223.05344245399996,"expectancy_ratio":100.0,"sortino":-100,"sharpe":14.681782617565268,"calmar":-100,"sqn":7.9922,"profit_factor":0.0,"max_drawdown_account":0.0,"max_drawdown_abs":0.0},{"key":"force_exit","trades":1,"profit_mean":-0.03269486113319025,"profit_mean_pct":-3.27,"profit_total_abs":-1341.59053246,"profit_total":-0.0134159053246,"profit_total_pct":-1.34,"duration_avg":"1 day, 0:45:00","wins":0,"draws":0,"losses":1,"winrate":0.0,"cagr":-0.1727211450281808,"expectancy":-1341.59053246,"expectancy_ratio":-1.0,"sortino":-100,"sharpe":-100,"calmar":-100,"sqn":-100.0,"profit_factor":0.0,"max_drawdown_account":0.0,"max_drawdown_abs":0.0},{"key":"TOTAL","trades":6,"profit_mean":0.001600740458347168,"profit_mean_pct":0.16,"profit_total_abs":-226.32332019000023,"profit_total":-0.0022632332019000023,"profit_total_pct":-0.23,"duration_avg":"1 day, 0:45:00","wins":5,"draws":0,"losses":1,"winrate":0.8333333333333334,"cagr":-0.03130775743885228,"expectancy":-37.72055336500003,"expectancy_ratio":-0.028116293647238222,"sortino":-100,"sharpe":-0.28411964650931737,"calmar":-12.534272695581095,"sqn":-0.1441,"profit_factor":0.8313022381165707,"max_drawdown_account":0.013267932424523178,"max_drawdown_abs":1341.59053246}],"mix_tag_stats":[{"key":["","trailing_stop_loss"],"trades":5,"profit_mean":0.008459860776654652,"profit_mean_pct":0.85,"profit_total_abs":1115.2672122699998,"profit_total":0.011152672122699998,"profit_total_pct":1.12,"duration_avg":"1 day, 0:45:00","wins":5,"draws":0,"losses":0,"winrate":1.0,"cagr":0.16847529180379328,"expectancy":223.05344245399996,"expectancy_ratio":100.0,"sortino":-100,"sharpe":14.681782617565268,"calmar":-100,"sqn":7.9922,"profit_factor":0.0,"max_drawdown_account":0.0,"max_drawdown_abs":0.0},{"key":["","force_exit"],"trades":1,"profit_mean":-0.03269486113319025,"profit_mean_pct":-3.27,"profit_total_abs":-1341.59053246,"profit_total":-0.0134159053246,"profit_total_pct":-1.34,"duration_avg":"1 day, 0:45:00","wins":0,"draws":0,"losses":1,"winrate":0.0,"cagr":-0.1727211450281808,"expectancy":-1341.59053246,"expectancy_ratio":-1.0,"sortino":-100,"sharpe":-100,"calmar":-100,"sqn":-100.0,"profit_factor":0.0,"max_drawdown_account":0.0,"max_drawdown_abs":0.0},{"key":"TOTAL","trades":6,"profit_mean":0.001600740458347168,"profit_mean_pct":0.16,"profit_total_abs":-226.32332019000023,"profit_total":-0.0022632332019000023,"profit_total_pct":-0.23,"duration_avg":"1 day, 0:45:00","wins":5,"draws":0,"losses":1,"winrate":0.8333333333333334,"cagr":-0.03130775743885228,"expectancy":-37.72055336500003,"expectancy_ratio":-0.028116293647238222,"sortino":-100,"sharpe":-0.28411964650931737,"calmar":-12.534272695581095,"sqn":-0.1441,"profit_factor":0.8313022381165707,"max_drawdown_account":0.013267932424523178,"max_drawdown_abs":1341.59053246}],"left_open_trades":[{"key":"BTC/USDT","trades":1,"profit_mean":-0.03269486113319025,"profit_mean_pct":-3.27,"profit_total_abs":-1341.59053246,"profit_total":-0.0134159053246,"profit_total_pct":-1.34,"duration_avg":"1 day, 0:45:00","wins":0,"draws":0,"losses":1,"winrate":0.0,"cagr":-0.1727211450281808,"expectancy":-1341.59053246,"expectancy_ratio":-1.0,"sortino":-100,"sharpe":-100,"calmar":-100,"sqn":-100.0,"profit_factor":0.0,"max_drawdown_account":0.0,"max_drawdown_abs":0.0},{"key":"TOTAL","trades":1,"profit_mean":-0.03269486113319025,"profit_mean_pct":-3.27,"profit_total_abs":-1341.59053246,"profit_total":-0.0134159053246,"profit_total_pct":-1.34,"duration_avg":"1 day, 0:45:00","wins":0,"draws":0,"losses":1,"winrate":0.0,"cagr":-0.1727211450281808,"expectancy":-1341.59053246,"expectancy_ratio":-1.0,"sortino":-100,"sharpe":-100,"calmar":-100,"sqn":-100.0,"profit_factor":0.0,"max_drawdown_account":0.0,"max_drawdown_abs":0.0}],"total_trades":6,"trade_count_long":6,"trade_count_short":0,"total_volume":342459.59186979535,"avg_stake_amount":28500.140020100003,"profit_mean":0.001600740458347168,"profit_median":0.008963904943944079,"profit_total":-0.0022632332019000023,"profit_total_long":-0.0022632332019000023,"profit_total_short":0.0,"profit_total_abs":-226.32332019000023,"profit_total_long_abs":-226.32332019000023,"profit_total_short_abs":0.0,"cagr":-0.03130775743885228,"expectancy":-37.72055336500003,"expectancy_ratio":-0.028116293647238222,"sortino":-100,"sharpe":-0.28411964650931737,"calmar":-12.534272695581095,"sqn":-0.1441,"profit_factor":0.8313022381165707,"backtest_start":"2024-08-01 00:00:00","backtest_start_ts":1722470400000,"backtest_end":"2024-08-27 00:00:00","backtest_end_ts":1724716800000,"backtest_days":26,"backtest_run_start_ts":1756269763,"backtest_run_end_ts":1756269766,"trades_per_day":0.23,"market_change":-0.027775909028133133,"pairlist":["BTC/USDT"],"stake_amount":1000.0,"stake_currency":"USDT","stake_currency_decimals":3,"starting_balance":100000,"dry_run_wallet":100000,"final_balance":99773.67667981,"rejected_signals":0,"timedout_entry_orders":0,"timedout_exit_orders":0,"canceled_trade_entries":0,"canceled_entry_orders":0,"replaced_entry_orders":0,"max_open_trades":1,"max_open_trades_setting":1,"timeframe":"15m","timeframe_detail":"","timerange":"20240801-20240827","enable_protections":false,"strategy_name":"VATSMStrategy","stoploss":-0.5,"trailing_stop":true,"trailing_stop_positive":0.005,"trailing_stop_positive_offset":0.015,"trailing_only_offset_is_reached":false,"use_custom_stoploss":true,"minimal_roi":{"0":10},"use_exit_signal":true,"exit_profit_only":false,"exit_profit_offset":0.0,"ignore_roi_if_entry_signal":false,"trading_mode":"spot","margin_mode":"","periodic_breakdown":{"day":[{"date":"21/08/2024","date_ts":1724198400000,"profit_abs":307.14006731,"wins":1,"draws":0,"losses":0,"trades":1,"profit_factor":0.0},{"date":"22/08/2024","date_ts":1724284800000,"profit_abs":0.0,"wins":0,"draws":0,"losses":0,"trades":0,"profit_factor":0.0},{"date":"23/08/2024","date_ts":1724371200000,"profit_abs":586.60363044,"wins":3,"draws":0,"losses":0,"trades":3,"profit_factor":0.0},{"date":"24/08/2024","date_ts":1724457600000,"profit_abs":0.0,"wins":0,"draws":0,"losses":0,"trades":0,"profit_factor":0.0},{"date":"25/08/2024","date_ts":1724544000000,"profit_abs":221.52351452,"wins":1,"draws":0,"losses":0,"trades":1,"profit_factor":0.0},{"date":"26/08/2024","date_ts":1724630400000,"profit_abs":0.0,"wins":0,"draws":0,"losses":0,"trades":0,"profit_factor":0.0},{"date":"27/08/2024","date_ts":1724716800000,"profit_abs":-1341.59053246,"wins":0,"draws":0,"losses":1,"trades":1,"profit_factor":0.0}],"week":[{"date":"26/08/2024","date_ts":1724630400000,"profit_abs":1115.26721227,"wins":5,"draws":0,"losses":0,"trades":5,"profit_factor":0.0},{"date":"02/09/2024","date_ts":1725235200000,"profit_abs":-1341.59053246,"wins":0,"draws":0,"losses":1,"trades":1,"profit_factor":0.0}],"month":[{"date":"31/08/2024","date_ts":1725062400000,"profit_abs":-226.32332019,"wins":5,"draws":0,"losses":1,"trades":6,"profit_factor":0.83130224}],"year":[{"date":"31/12/2024","date_ts":1735603200000,"profit_abs":-226.32332019,"wins":5,"draws":0,"losses":1,"trades":6,"profit_factor":0.83130224}]},"backtest_best_day":0.024318251157359555,"backtest_worst_day":-0.03269486113319025,"backtest_best_day_abs":586.60363044,"backtest_worst_day_abs":-1341.59053246,"winning_days":3,"draw_days":3,"losing_days":1,"daily_profit":[["2024-08-21",307.14006731],["2024-08-22",0.0],["2024-08-23",586.60363044],["2024-08-24",0.0],["2024-08-25",221.52351452],["2024-08-26",0.0],["2024-08-27",-1341.59053246]],"wins":5,"losses":1,"draws":0,"winrate":0.8333333333333334,"holding_avg":"1 day, 0:45:00","holding_avg_s":89100.0,"winner_holding_min":"0d 01:15","winner_holding_min_s":4500.0,"winner_holding_max":"1d 23:30","winner_holding_max_s":171000.0,"winner_holding_avg":"1d 00:45","winner_holding_avg_s":89100.0,"loser_holding_min":"1d 00:45","loser_holding_min_s":89100.0,"loser_holding_max":"1d 00:45","loser_holding_max_s":89100.0,"loser_holding_avg":"1d 00:45","loser_holding_avg_s":89100.0,"max_consecutive_wins":5,"max_consecutive_losses":1,"max_drawdown_account":0.013267932424523178,"max_relative_drawdown":0.013267932424523178,"max_drawdown_abs":1341.59053246,"drawdown_start":"2024-08-25 23:00:00","drawdown_start_ts":1724626800000.0,"drawdown_end":"2024-08-27 00:00:00","drawdown_end_ts":1724716800000.0,"max_drawdown_low":-226.32332019000023,"max_drawdown_high":1115.2672122699998,"csum_min":99773.67667981,"csum_max":101115.26721227}},"strategy_comparison":[{"key":"VATSMStrategy","trades":6,"profit_mean":0.001600740458347168,"profit_mean_pct":0.16,"profit_total_abs":-226.32332019000023,"profit_total":-0.0022632332019000023,"profit_total_pct":-0.23,"duration_avg":"1 day, 0:45:00","wins":5,"draws":0,"losses":1,"winrate":0.8333333333333334,"cagr":-0.03130775743885228,"expectancy":-37.72055336500003,"expectancy_ratio":-0.028116293647238222,"sortino":-100,"sharpe":-0.28411964650931737,"calmar":-12.534272695581095,"sqn":-0.1441,"profit_factor":0.8313022381165707,"max_drawdown_account":0.013267932424523178,"max_drawdown_abs":"1341.591"}]}