{"strategy":{"MeanReversionProfitStrategy":{"trades":[{"pair":"ETH/USDT","stake_amount":999.75384,"max_stake_amount":999.75384,"amount":0.2911,"open_date":"2024-07-21 18:15:00+00:00","close_date":"2024-07-21 19:15:00+00:00","open_rate":3434.4,"close_rate":3475.6540540540536,"fee_open":0.001,"fee_close":0.001,"trade_duration":60,"profit_ratio":0.00999000999000999,"profit_abs":9.9975384,"exit_reason":"roi","initial_stop_loss_abs":3348.54,"initial_stop_loss_ratio":-0.025,"stop_loss_abs":3348.54,"stop_loss_ratio":-0.025,"min_rate":3429.65,"max_rate":3487.57,"is_open":false,"enter_tag":"","leverage":1.0,"is_short":false,"open_timestamp":1721585700000,"close_timestamp":1721589300000,"orders":[{"amount":0.2911,"safe_price":3434.4,"ft_order_side":"buy","order_filled_timestamp":1721585700000,"ft_is_entry":true,"ft_order_tag":"","cost":1000.75359384},{"amount":0.2911,"safe_price":3475.6540540540536,"ft_order_side":"sell","order_filled_timestamp":1721589300000,"ft_is_entry":false,"ft_order_tag":"roi","cost":1012.7746580302701}],"funding_fees":0.0},{"pair":"BTC/USDT","stake_amount":999.7346356,"max_stake_amount":999.7346356,"amount":0.01532,"open_date":"2024-07-31 20:00:00+00:00","close_date":"2024-07-31 21:30:00+00:00","open_rate":65256.83,"close_rate":64613.99,"fee_open":0.001,"fee_close":0.001,"trade_duration":90,"profit_ratio":-0.011829242716239505,"profit_abs":-11.83792976,"exit_reason":"exit_signal","initial_stop_loss_abs":63625.41,"initial_stop_loss_ratio":-0.025,"stop_loss_abs":63625.41,"stop_loss_ratio":-0.025,"min_rate":64530.0,"max_rate":65422.0,"is_open":false,"enter_tag":"","leverage":1.0,"is_short":false,"open_timestamp":1722456000000,"close_timestamp":1722461400000,"orders":[{"amount":0.01532,"safe_price":65256.83,"ft_order_side":"buy","order_filled_timestamp":1722456000000,"ft_is_entry":true,"ft_order_tag":"","cost":1000.7343702356},{"amount":0.01532,"safe_price":64613.99,"ft_order_side":"sell","order_filled_timestamp":1722461400000,"ft_is_entry":false,"ft_order_tag":"exit_signal","cost":990.8762131267999}],"funding_fees":0.0}],"locks":[],"best_pair":{"key":"ETH/USDT","trades":1,"profit_mean":0.00999000999000999,"profit_mean_pct":1.0,"profit_total_abs":9.9975384,"profit_total":9.9975384e-05,"profit_total_pct":0.01,"duration_avg":"1:00:00","wins":1,"draws":0,"losses":0,"winrate":1.0,"cagr":0.0006403661957143925,"expectancy":9.9975384,"expectancy_ratio":100.0,"sortino":-100,"sharpe":-100,"calmar":-100,"sqn":-100.0,"profit_factor":0.0,"max_drawdown_account":0.0,"max_drawdown_abs":0.0},"worst_pair":{"key":"BTC/USDT","trades":1,"profit_mean":-0.011829242716239505,"profit_mean_pct":-1.18,"profit_total_abs":-11.83792976,"profit_total":-0.0001183792976,"profit_total_pct":-0.01,"duration_avg":"1:30:00","wins":0,"draws":0,"losses":1,"winrate":0.0,"cagr":-0.0007578004665148574,"expectancy":-11.83792976,"expectancy_ratio":-1.0,"sortino":-100,"sharpe":-100,"calmar":-100,"sqn":-100.0,"profit_factor":0.0,"max_drawdown_account":0.0,"max_drawdown_abs":0.0},"results_per_pair":[{"key":"ETH/USDT","trades":1,"profit_mean":0.00999000999000999,"profit_mean_pct":1.0,"profit_total_abs":9.9975384,"profit_total":9.9975384e-05,"profit_total_pct":0.01,"duration_avg":"1:00:00","wins":1,"draws":0,"losses":0,"winrate":1.0,"cagr":0.0006403661957143925,"expectancy":9.9975384,"expectancy_ratio":100.0,"sortino":-100,"sharpe":-100,"calmar":-100,"sqn":-100.0,"profit_factor":0.0,"max_drawdown_account":0.0,"max_drawdown_abs":0.0},{"key":"BTC/USDT","trades":1,"profit_mean":-0.011829242716239505,"profit_mean_pct":-1.18,"profit_total_abs":-11.83792976,"profit_total":-0.0001183792976,"profit_total_pct":-0.01,"duration_avg":"1:30:00","wins":0,"draws":0,"losses":1,"winrate":0.0,"cagr":-0.0007578004665148574,"expectancy":-11.83792976,"expectancy_ratio":-1.0,"sortino":-100,"sharpe":-100,"calmar":-100,"sqn":-100.0,"profit_factor":0.0,"max_drawdown_account":0.0,"max_drawdown_abs":0.0},{"key":"TOTAL","trades":2,"profit_mean":-0.0009196163631147577,"profit_mean_pct":-0.09,"profit_total_abs":-1.84039136,"profit_total":-1.84039136e-05,"profit_total_pct":-0.0,"duration_avg":"1:15:00","wins":1,"draws":0,"losses":1,"winrate":0.5,"cagr":-0.00011784376251466888,"expectancy":-0.92019568,"expectancy_ratio":-0.07773282141859905,"sortino":-100,"sharpe":-0.056500104383237264,"calmar":-5.211340139555574,"sqn":-0.0843,"profit_factor":0.8445343571628018,"max_drawdown_account":0.0001183674637673972,"max_drawdown_abs":11.83792976}],"results_per_enter_tag":[{"key":"","trades":2,"profit_mean":-0.0009196163631147577,"profit_mean_pct":-0.09,"profit_total_abs":-1.84039136,"profit_total":-1.84039136e-05,"profit_total_pct":-0.0,"duration_avg":"1:15:00","wins":1,"draws":0,"losses":1,"winrate":0.5,"cagr":-0.00011784376251466888,"expectancy":-0.92019568,"expectancy_ratio":-0.07773282141859905,"sortino":-100,"sharpe":-0.056500104383237264,"calmar":-5.211340139555574,"sqn":-0.0843,"profit_factor":0.8445343571628018,"max_drawdown_account":0.0001183674637673972,"max_drawdown_abs":11.83792976},{"key":"TOTAL","trades":2,"profit_mean":-0.0009196163631147577,"profit_mean_pct":-0.09,"profit_total_abs":-1.84039136,"profit_total":-1.84039136e-05,"profit_total_pct":-0.0,"duration_avg":"1:15:00","wins":1,"draws":0,"losses":1,"winrate":0.5,"cagr":-0.00011784376251466888,"expectancy":-0.92019568,"expectancy_ratio":-0.07773282141859905,"sortino":-100,"sharpe":-0.056500104383237264,"calmar":-5.211340139555574,"sqn":-0.0843,"profit_factor":0.8445343571628018,"max_drawdown_account":0.0001183674637673972,"max_drawdown_abs":11.83792976}],"exit_reason_summary":[{"key":"roi","trades":1,"profit_mean":0.00999000999000999,"profit_mean_pct":1.0,"profit_total_abs":9.9975384,"profit_total":9.9975384e-05,"profit_total_pct":0.01,"duration_avg":"1:00:00","wins":1,"draws":0,"losses":0,"winrate":1.0,"cagr":0.0006403661957143925,"expectancy":9.9975384,"expectancy_ratio":100.0,"sortino":-100,"sharpe":-100,"calmar":-100,"sqn":-100.0,"profit_factor":0.0,"max_drawdown_account":0.0,"max_drawdown_abs":0.0},{"key":"exit_signal","trades":1,"profit_mean":-0.011829242716239505,"profit_mean_pct":-1.18,"profit_total_abs":-11.83792976,"profit_total":-0.0001183792976,"profit_total_pct":-0.01,"duration_avg":"1:30:00","wins":0,"draws":0,"losses":1,"winrate":0.0,"cagr":-0.0007578004665148574,"expectancy":-11.83792976,"expectancy_ratio":-1.0,"sortino":-100,"sharpe":-100,"calmar":-100,"sqn":-100.0,"profit_factor":0.0,"max_drawdown_account":0.0,"max_drawdown_abs":0.0},{"key":"TOTAL","trades":2,"profit_mean":-0.0009196163631147577,"profit_mean_pct":-0.09,"profit_total_abs":-1.84039136,"profit_total":-1.84039136e-05,"profit_total_pct":-0.0,"duration_avg":"1:15:00","wins":1,"draws":0,"losses":1,"winrate":0.5,"cagr":-0.00011784376251466888,"expectancy":-0.92019568,"expectancy_ratio":-0.07773282141859905,"sortino":-100,"sharpe":-0.056500104383237264,"calmar":-5.211340139555574,"sqn":-0.0843,"profit_factor":0.8445343571628018,"max_drawdown_account":0.0001183674637673972,"max_drawdown_abs":11.83792976}],"mix_tag_stats":[{"key":["","roi"],"trades":1,"profit_mean":0.00999000999000999,"profit_mean_pct":1.0,"profit_total_abs":9.9975384,"profit_total":9.9975384e-05,"profit_total_pct":0.01,"duration_avg":"1:00:00","wins":1,"draws":0,"losses":0,"winrate":1.0,"cagr":0.0006403661957143925,"expectancy":9.9975384,"expectancy_ratio":100.0,"sortino":-100,"sharpe":-100,"calmar":-100,"sqn":-100.0,"profit_factor":0.0,"max_drawdown_account":0.0,"max_drawdown_abs":0.0},{"key":["","exit_signal"],"trades":1,"profit_mean":-0.011829242716239505,"profit_mean_pct":-1.18,"profit_total_abs":-11.83792976,"profit_total":-0.0001183792976,"profit_total_pct":-0.01,"duration_avg":"1:30:00","wins":0,"draws":0,"losses":1,"winrate":0.0,"cagr":-0.0007578004665148574,"expectancy":-11.83792976,"expectancy_ratio":-1.0,"sortino":-100,"sharpe":-100,"calmar":-100,"sqn":-100.0,"profit_factor":0.0,"max_drawdown_account":0.0,"max_drawdown_abs":0.0},{"key":"TOTAL","trades":2,"profit_mean":-0.0009196163631147577,"profit_mean_pct":-0.09,"profit_total_abs":-1.84039136,"profit_total":-1.84039136e-05,"profit_total_pct":-0.0,"duration_avg":"1:15:00","wins":1,"draws":0,"losses":1,"winrate":0.5,"cagr":-0.00011784376251466888,"expectancy":-0.92019568,"expectancy_ratio":-0.07773282141859905,"sortino":-100,"sharpe":-0.056500104383237264,"calmar":-5.211340139555574,"sqn":-0.0843,"profit_factor":0.8445343571628018,"max_drawdown_account":0.0001183674637673972,"max_drawdown_abs":11.83792976}],"left_open_trades":[{"key":"TOTAL","trades":0,"profit_mean":0.0,"profit_mean_pct":0.0,"profit_total_abs":0.0,"profit_total":0.0,"profit_total_pct":0.0,"duration_avg":"0:00","wins":0,"draws":0,"losses":0,"winrate":0.0,"cagr":0.0,"expectancy":0.0,"expectancy_ratio":100.0,"sortino":0,"sharpe":0,"calmar":0,"sqn":0.0,"profit_factor":0.0,"max_drawdown_account":0.0,"max_drawdown_abs":0.0}],"total_trades":2,"trade_count_long":2,"trade_count_short":0,"total_volume":4005.1388352326703,"avg_stake_amount":999.7442378000001,"profit_mean":-0.0009196163631147577,"profit_median":-0.0009196163631147577,"profit_total":-1.84039136e-05,"profit_total_long":-1.84039136e-05,"profit_total_short":0.0,"profit_total_abs":-1.84039136,"profit_total_long_abs":-1.84039136,"profit_total_short_abs":0.0,"cagr":-0.00011784376251466888,"expectancy":-0.92019568,"expectancy_ratio":-0.07773282141859905,"sortino":-100,"sharpe":-0.056500104383237264,"calmar":-5.211340139555574,"sqn":-0.0843,"profit_factor":0.8445343571628018,"backtest_start":"2024-07-01 00:00:00","backtest_start_ts":1719792000000,"backtest_end":"2024-08-27 00:00:00","backtest_end_ts":1724716800000,"backtest_days":57,"backtest_run_start_ts":1756276821,"backtest_run_end_ts":1756276822,"trades_per_day":0.04,"market_change":-0.10720876462744372,"pairlist":["BTC/USDT","ETH/USDT"],"stake_amount":1000,"stake_currency":"USDT","stake_currency_decimals":3,"starting_balance":100000,"dry_run_wallet":100000,"final_balance":99998.15960864,"rejected_signals":0,"timedout_entry_orders":0,"timedout_exit_orders":0,"canceled_trade_entries":0,"canceled_entry_orders":0,"replaced_entry_orders":0,"max_open_trades":2,"max_open_trades_setting":5,"timeframe":"15m","timeframe_detail":"","timerange":"20240701-20240827","enable_protections":false,"strategy_name":"MeanReversionProfitStrategy","stoploss":-0.025,"trailing_stop":false,"trailing_stop_positive":null,"trailing_stop_positive_offset":0.0,"trailing_only_offset_is_reached":false,"use_custom_stoploss":false,"minimal_roi":{"0":0.03,"30":0.02,"60":0.01,"120":0},"use_exit_signal":true,"exit_profit_only":false,"exit_profit_offset":0.0,"ignore_roi_if_entry_signal":false,"trading_mode":"spot","margin_mode":"","periodic_breakdown":{"day":[{"date":"21/07/2024","date_ts":1721520000000,"profit_abs":9.9975384,"wins":1,"draws":0,"losses":0,"trades":1,"profit_factor":0.0},{"date":"22/07/2024","date_ts":1721606400000,"profit_abs":0.0,"wins":0,"draws":0,"losses":0,"trades":0,"profit_factor":0.0},{"date":"23/07/2024","date_ts":1721692800000,"profit_abs":0.0,"wins":0,"draws":0,"losses":0,"trades":0,"profit_factor":0.0},{"date":"24/07/2024","date_ts":1721779200000,"profit_abs":0.0,"wins":0,"draws":0,"losses":0,"trades":0,"profit_factor":0.0},{"date":"25/07/2024","date_ts":1721865600000,"profit_abs":0.0,"wins":0,"draws":0,"losses":0,"trades":0,"profit_factor":0.0},{"date":"26/07/2024","date_ts":1721952000000,"profit_abs":0.0,"wins":0,"draws":0,"losses":0,"trades":0,"profit_factor":0.0},{"date":"27/07/2024","date_ts":1722038400000,"profit_abs":0.0,"wins":0,"draws":0,"losses":0,"trades":0,"profit_factor":0.0},{"date":"28/07/2024","date_ts":1722124800000,"profit_abs":0.0,"wins":0,"draws":0,"losses":0,"trades":0,"profit_factor":0.0},{"date":"29/07/2024","date_ts":1722211200000,"profit_abs":0.0,"wins":0,"draws":0,"losses":0,"trades":0,"profit_factor":0.0},{"date":"30/07/2024","date_ts":1722297600000,"profit_abs":0.0,"wins":0,"draws":0,"losses":0,"trades":0,"profit_factor":0.0},{"date":"31/07/2024","date_ts":1722384000000,"profit_abs":-11.83792976,"wins":0,"draws":0,"losses":1,"trades":1,"profit_factor":0.0}],"week":[{"date":"22/07/2024","date_ts":1721606400000,"profit_abs":9.9975384,"wins":1,"draws":0,"losses":0,"trades":1,"profit_factor":0.0},{"date":"29/07/2024","date_ts":1722211200000,"profit_abs":0.0,"wins":0,"draws":0,"losses":0,"trades":0,"profit_factor":0.0},{"date":"05/08/2024","date_ts":1722816000000,"profit_abs":-11.83792976,"wins":0,"draws":0,"losses":1,"trades":1,"profit_factor":0.0}],"month":[{"date":"31/07/2024","date_ts":1722384000000,"profit_abs":-1.84039136,"wins":1,"draws":0,"losses":1,"trades":2,"profit_factor":0.84453436}],"year":[{"date":"31/12/2024","date_ts":1735603200000,"profit_abs":-1.84039136,"wins":1,"draws":0,"losses":1,"trades":2,"profit_factor":0.84453436}]},"backtest_best_day":0.00999000999000999,"backtest_worst_day":-0.011829242716239505,"backtest_best_day_abs":9.9975384,"backtest_worst_day_abs":-11.83792976,"winning_days":1,"draw_days":9,"losing_days":1,"daily_profit":[["2024-07-21",9.9975384],["2024-07-22",0.0],["2024-07-23",0.0],["2024-07-24",0.0],["2024-07-25",0.0],["2024-07-26",0.0],["2024-07-27",0.0],["2024-07-28",0.0],["2024-07-29",0.0],["2024-07-30",0.0],["2024-07-31",-11.83792976]],"wins":1,"losses":1,"draws":0,"winrate":0.5,"holding_avg":"1:15:00","holding_avg_s":4500.0,"winner_holding_min":"0d 01:00","winner_holding_min_s":3600.0,"winner_holding_max":"0d 01:00","winner_holding_max_s":3600.0,"winner_holding_avg":"0d 01:00","winner_holding_avg_s":3600.0,"loser_holding_min":"0d 01:30","loser_holding_min_s":5400.0,"loser_holding_max":"0d 01:30","loser_holding_max_s":5400.0,"loser_holding_avg":"0d 01:30","loser_holding_avg_s":5400.0,"max_consecutive_wins":1,"max_consecutive_losses":1,"max_drawdown_account":0.0001183674637673972,"max_relative_drawdown":0.0001183674637673972,"max_drawdown_abs":11.83792976,"drawdown_start":"2024-07-21 19:15:00","drawdown_start_ts":1721589300000.0,"drawdown_end":"2024-07-31 21:30:00","drawdown_end_ts":1722461400000.0,"max_drawdown_low":-1.84039136,"max_drawdown_high":9.9975384,"csum_min":99998.15960864,"csum_max":100009.9975384}},"strategy_comparison":[{"key":"MeanReversionProfitStrategy","trades":2,"profit_mean":-0.0009196163631147577,"profit_mean_pct":-0.09,"profit_total_abs":-1.84039136,"profit_total":-1.84039136e-05,"profit_total_pct":-0.0,"duration_avg":"1:15:00","wins":1,"draws":0,"losses":1,"winrate":0.5,"cagr":-0.00011784376251466888,"expectancy":-0.92019568,"expectancy_ratio":-0.07773282141859905,"sortino":-100,"sharpe":-0.056500104383237264,"calmar":-5.211340139555574,"sqn":-0.0843,"profit_factor":0.8445343571628018,"max_drawdown_account":0.0001183674637673972,"max_drawdown_abs":"11.838"}]}