{"strategy":{"VATSMStrategy":{"trades":[{"pair":"ETH/USDT","stake_amount":13521.981851,"max_stake_amount":13521.981851,"amount":5.0603,"open_date":"2024-08-12 14:15:00+00:00","close_date":"2024-08-12 14:30:00+00:00","open_rate":2672.17,"close_rate":2710.09,"fee_open":0.001,"fee_close":0.001,"trade_duration":15,"profit_ratio":0.01216435884125633,"profit_abs":164.65072572,"exit_reason":"trailing_stop_loss","initial_stop_loss_abs":1336.09,"initial_stop_loss_ratio":-0.5,"stop_loss_abs":2710.09,"stop_loss_ratio":-0.005,"min_rate":2657.81,"max_rate":2723.7,"is_open":false,"enter_tag":"","leverage":1.0,"is_short":false,"open_timestamp":1723472100000,"close_timestamp":1723473000000,"orders":[{"amount":5.0603,"safe_price":2672.17,"ft_order_side":"buy","order_filled_timestamp":1723472100000,"ft_is_entry":true,"ft_order_tag":"","cost":13535.503832850998},{"amount":5.0603,"safe_price":2710.09,"ft_order_side":"sell","order_filled_timestamp":1723473000000,"ft_is_entry":false,"ft_order_tag":"trailing_stop_loss","cost":13727.582295426999}],"funding_fees":0.0},{"pair":"ETH/USDT","stake_amount":12548.750248,"max_stake_amount":12548.750248,"amount":4.6642,"open_date":"2024-08-12 14:45:00+00:00","close_date":"2024-08-12 23:15:00+00:00","open_rate":2690.44,"close_rate":2736.25,"fee_open":0.001,"fee_close":0.001,"trade_duration":510,"profit_ratio":0.014994932811190237,"profit_abs":188.3558345,"exit_reason":"trailing_stop_loss","initial_stop_loss_abs":1345.22,"initial_stop_loss_ratio":-0.5,"stop_loss_abs":2736.25,"stop_loss_ratio":-0.005,"min_rate":2627.89,"max_rate":2750.0,"is_open":false,"enter_tag":"","leverage":1.0,"is_short":false,"open_timestamp":1723473900000,"close_timestamp":1723504500000,"orders":[{"amount":4.6642,"safe_price":2690.44,"ft_order_side":"buy","order_filled_timestamp":1723473900000,"ft_is_entry":true,"ft_order_tag":"","cost":12561.298998248},{"amount":4.6642,"safe_price":2736.25,"ft_order_side":"sell","order_filled_timestamp":1723504500000,"ft_is_entry":false,"ft_order_tag":"trailing_stop_loss","cost":12775.179667249999}],"funding_fees":0.0},{"pair":"ETH/USDT","stake_amount":27057.370466,"max_stake_amount":27057.370466,"amount":10.0289,"open_date":"2024-08-13 19:00:00+00:00","close_date":"2024-08-13 21:30:00+00:00","open_rate":2697.94,"close_rate":2716.8,"fee_open":0.001,"fee_close":0.001,"trade_duration":150,"profit_ratio":0.004978549623575662,"profit_abs":134.84116801,"exit_reason":"trailing_stop_loss","initial_stop_loss_abs":1348.97,"initial_stop_loss_ratio":-0.5,"stop_loss_abs":2716.8,"stop_loss_ratio":-0.003011829999999999,"min_rate":2675.1,"max_rate":2725.0,"is_open":false,"enter_tag":"","leverage":1.0,"is_short":false,"open_timestamp":1723575600000,"close_timestamp":1723584600000,"orders":[{"amount":10.0289,"safe_price":2697.94,"ft_order_side":"buy","order_filled_timestamp":1723575600000,"ft_is_entry":true,"ft_order_tag":"","cost":27084.427836466},{"amount":10.0289,"safe_price":2716.8,"ft_order_side":"sell","order_filled_timestamp":1723584600000,"ft_is_entry":false,"ft_order_tag":"trailing_stop_loss","cost":27273.762035519998}],"funding_fees":0.0},{"pair":"ETH/USDT","stake_amount":30885.366415,"max_stake_amount":30885.366415,"amount":11.2855,"open_date":"2024-08-14 06:30:00+00:00","close_date":"2024-08-14 12:15:00+00:00","open_rate":2736.73,"close_rate":2755.63,"fee_open":0.001,"fee_close":0.001,"trade_duration":345,"profit_ratio":0.004894251809365832,"profit_abs":151.31192122,"exit_reason":"trailing_stop_loss","initial_stop_loss_abs":1368.37,"initial_stop_loss_ratio":-0.5,"stop_loss_abs":2755.63,"stop_loss_ratio":-0.00815766,"min_rate":2715.0,"max_rate":2778.29,"is_open":false,"enter_tag":"","leverage":1.0,"is_short":false,"open_timestamp":1723617000000,"close_timestamp":1723637700000,"orders":[{"amount":11.2855,"safe_price":2736.73,"ft_order_side":"buy","order_filled_timestamp":1723617000000,"ft_is_entry":true,"ft_order_tag":"","cost":30916.251781415},{"amount":11.2855,"safe_price":2755.63,"ft_order_side":"sell","order_filled_timestamp":1723637700000,"ft_is_entry":false,"ft_order_tag":"trailing_stop_loss","cost":31129.761027365}],"funding_fees":0.0},{"pair":"ETH/USDT","stake_amount":26329.440404,"max_stake_amount":26329.440404,"amount":9.5012,"open_date":"2024-08-14 12:30:00+00:00","close_date":"2024-08-23 21:15:00+00:00","open_rate":2771.17,"close_rate":2773.39,"fee_open":0.001,"fee_close":0.001,"trade_duration":13485,"profit_ratio":-0.001198496938487524,"profit_abs":-31.58730947,"exit_reason":"trailing_stop_loss","initial_stop_loss_abs":1385.59,"initial_stop_loss_ratio":-0.5,"stop_loss_abs":2773.39,"stop_loss_ratio":-0.00309771,"min_rate":2515.71,"max_rate":2782.0,"is_open":false,"enter_tag":"","leverage":1.0,"is_short":false,"open_timestamp":1723638600000,"close_timestamp":1724447700000,"orders":[{"amount":9.5012,"safe_price":2771.17,"ft_order_side":"buy","order_filled_timestamp":1723638600000,"ft_is_entry":true,"ft_order_tag":"","cost":26355.769844404003},{"amount":9.5012,"safe_price":2773.39,"ft_order_side":"sell","order_filled_timestamp":1724447700000,"ft_is_entry":false,"ft_order_tag":"trailing_stop_loss","cost":26376.883601068}],"funding_fees":0.0},{"pair":"ETH/USDT","stake_amount":27781.127407,"max_stake_amount":27781.127407,"amount":10.0661,"open_date":"2024-08-23 23:00:00+00:00","close_date":"2024-08-24 16:15:00+00:00","open_rate":2759.87,"close_rate":2800.13,"fee_open":0.001,"fee_close":0.001,"trade_duration":1035,"profit_ratio":0.0125604954817925,"profit_abs":349.29367,"exit_reason":"trailing_stop_loss","initial_stop_loss_abs":1379.94,"initial_stop_loss_ratio":-0.5,"stop_loss_abs":2800.13,"stop_loss_ratio":-0.005,"min_rate":2739.4,"max_rate":2814.2,"is_open":false,"enter_tag":"","leverage":1.0,"is_short":false,"open_timestamp":1724454000000,"close_timestamp":1724516100000,"orders":[{"amount":10.0661,"safe_price":2759.87,"ft_order_side":"buy","order_filled_timestamp":1724454000000,"ft_is_entry":true,"ft_order_tag":"","cost":27808.908534406997},{"amount":10.0661,"safe_price":2800.13,"ft_order_side":"sell","order_filled_timestamp":1724516100000,"ft_is_entry":false,"ft_order_tag":"trailing_stop_loss","cost":28214.574981593}],"funding_fees":0.0},{"pair":"ETH/USDT","stake_amount":23032.61136,"max_stake_amount":23032.61136,"amount":8.2566,"open_date":"2024-08-24 17:30:00+00:00","close_date":"2024-08-27 00:00:00+00:00","open_rate":2789.6,"close_rate":2680.49,"fee_open":0.001,"fee_close":0.001,"trade_duration":3270,"profit_ratio":-0.04103298837652007,"profit_abs":-946.04197109,"exit_reason":"force_exit","initial_stop_loss_abs":1394.8,"initial_stop_loss_ratio":-0.5,"stop_loss_abs":1403.81,"stop_loss_ratio":-0.5,"min_rate":2666.66,"max_rate":2807.61,"is_open":false,"enter_tag":"","leverage":1.0,"is_short":false,"open_timestamp":1724520600000,"close_timestamp":1724716800000,"orders":[{"amount":8.2566,"safe_price":2789.6,"ft_order_side":"buy","order_filled_timestamp":1724520600000,"ft_is_entry":true,"ft_order_tag":"","cost":23055.64397136},{"amount":8.2566,"safe_price":2680.49,"ft_order_side":"sell","order_filled_timestamp":1724716800000,"ft_is_entry":false,"ft_order_tag":"force_exit","cost":22153.865467734}],"funding_fees":0.0}],"locks":[],"best_pair":{"key":"ETH/USDT","trades":7,"profit_mean":0.0010515861788818529,"profit_mean_pct":0.11,"profit_total_abs":10.824038889999997,"profit_total":0.00010824038889999997,"profit_total_pct":0.01,"duration_avg":"1 day, 20:47:00","wins":5,"draws":0,"losses":2,"winrate":0.7142857142857143,"cagr":0.0015206012486577158,"expectancy":1.5462912700000118,"expectancy_ratio":0.003163348931435994,"sortino":0.017395232818727513,"sharpe":0.01986932938271597,"calmar":0.8487658243488676,"sqn":0.0095,"profit_factor":1.011071721260026,"max_drawdown_account":0.009370754149564054,"max_drawdown_abs":946.04197109},"worst_pair":{"key":"ETH/USDT","trades":7,"profit_mean":0.0010515861788818529,"profit_mean_pct":0.11,"profit_total_abs":10.824038889999997,"profit_total":0.00010824038889999997,"profit_total_pct":0.01,"duration_avg":"1 day, 20:47:00","wins":5,"draws":0,"losses":2,"winrate":0.7142857142857143,"cagr":0.0015206012486577158,"expectancy":1.5462912700000118,"expectancy_ratio":0.003163348931435994,"sortino":0.017395232818727513,"sharpe":0.01986932938271597,"calmar":0.8487658243488676,"sqn":0.0095,"profit_factor":1.011071721260026,"max_drawdown_account":0.009370754149564054,"max_drawdown_abs":946.04197109},"results_per_pair":[{"key":"ETH/USDT","trades":7,"profit_mean":0.0010515861788818529,"profit_mean_pct":0.11,"profit_total_abs":10.824038889999997,"profit_total":0.00010824038889999997,"profit_total_pct":0.01,"duration_avg":"1 day, 20:47:00","wins":5,"draws":0,"losses":2,"winrate":0.7142857142857143,"cagr":0.0015206012486577158,"expectancy":1.5462912700000118,"expectancy_ratio":0.003163348931435994,"sortino":0.017395232818727513,"sharpe":0.01986932938271597,"calmar":0.8487658243488676,"sqn":0.0095,"profit_factor":1.011071721260026,"max_drawdown_account":0.009370754149564054,"max_drawdown_abs":946.04197109},{"key":"TOTAL","trades":7,"profit_mean":0.0010515861788818529,"profit_mean_pct":0.11,"profit_total_abs":10.824038889999997,"profit_total":0.00010824038889999997,"profit_total_pct":0.01,"duration_avg":"1 day, 20:47:00","wins":5,"draws":0,"losses":2,"winrate":0.7142857142857143,"cagr":0.0015206012486577158,"expectancy":1.5462912700000118,"expectancy_ratio":0.003163348931435994,"sortino":0.017395232818727513,"sharpe":0.01986932938271597,"calmar":0.8487658243488676,"sqn":0.0095,"profit_factor":1.011071721260026,"max_drawdown_account":0.009370754149564054,"max_drawdown_abs":946.04197109}],"results_per_enter_tag":[{"key":"","trades":7,"profit_mean":0.0010515861788818529,"profit_mean_pct":0.11,"profit_total_abs":10.824038889999997,"profit_total":0.00010824038889999997,"profit_total_pct":0.01,"duration_avg":"1 day, 20:47:00","wins":5,"draws":0,"losses":2,"winrate":0.7142857142857143,"cagr":0.0015206012486577158,"expectancy":1.5462912700000118,"expectancy_ratio":0.003163348931435994,"sortino":0.017395232818727513,"sharpe":0.01986932938271597,"calmar":0.8487658243488676,"sqn":0.0095,"profit_factor":1.011071721260026,"max_drawdown_account":0.009370754149564054,"max_drawdown_abs":946.04197109},{"key":"TOTAL","trades":7,"profit_mean":0.0010515861788818529,"profit_mean_pct":0.11,"profit_total_abs":10.824038889999997,"profit_total":0.00010824038889999997,"profit_total_pct":0.01,"duration_avg":"1 day, 20:47:00","wins":5,"draws":0,"losses":2,"winrate":0.7142857142857143,"cagr":0.0015206012486577158,"expectancy":1.5462912700000118,"expectancy_ratio":0.003163348931435994,"sortino":0.017395232818727513,"sharpe":0.01986932938271597,"calmar":0.8487658243488676,"sqn":0.0095,"profit_factor":1.011071721260026,"max_drawdown_account":0.009370754149564054,"max_drawdown_abs":946.04197109}],"exit_reason_summary":[{"key":"trailing_stop_loss","trades":6,"profit_mean":0.008065681938115507,"profit_mean_pct":0.81,"profit_total_abs":956.86600998,"profit_total":0.0095686600998,"profit_total_pct":0.96,"duration_avg":"1 day, 19:10:00","wins":5,"draws":0,"losses":1,"winrate":0.8333333333333334,"cagr":0.1430391791947072,"expectancy":159.47766833,"expectancy_ratio":5.048789244980288,"sortino":-100,"sharpe":6.32816547479069,"calmar":2240.157627790944,"sqn":3.2095,"profit_factor":31.292735469881727,"max_drawdown_account":0.000313866983587888,"max_drawdown_abs":31.587309470000037},{"key":"force_exit","trades":1,"profit_mean":-0.04103298837652007,"profit_mean_pct":-4.1,"profit_total_abs":-946.04197109,"profit_total":-0.0094604197109,"profit_total_pct":-0.95,"duration_avg":"2 days, 6:30:00","wins":0,"draws":0,"losses":1,"winrate":0.0,"cagr":-0.12492173126832906,"expectancy":-946.04197109,"expectancy_ratio":-1.0,"sortino":-100,"sharpe":-100,"calmar":-100,"sqn":-100.0,"profit_factor":0.0,"max_drawdown_account":0.0,"max_drawdown_abs":0.0},{"key":"TOTAL","trades":7,"profit_mean":0.0010515861788818529,"profit_mean_pct":0.11,"profit_total_abs":10.824038889999997,"profit_total":0.00010824038889999997,"profit_total_pct":0.01,"duration_avg":"1 day, 20:47:00","wins":5,"draws":0,"losses":2,"winrate":0.7142857142857143,"cagr":0.0015206012486577158,"expectancy":1.5462912700000118,"expectancy_ratio":0.003163348931435994,"sortino":0.017395232818727513,"sharpe":0.01986932938271597,"calmar":0.8487658243488676,"sqn":0.0095,"profit_factor":1.011071721260026,"max_drawdown_account":0.009370754149564054,"max_drawdown_abs":946.04197109}],"mix_tag_stats":[{"key":["","trailing_stop_loss"],"trades":6,"profit_mean":0.008065681938115507,"profit_mean_pct":0.81,"profit_total_abs":956.86600998,"profit_total":0.0095686600998,"profit_total_pct":0.96,"duration_avg":"1 day, 19:10:00","wins":5,"draws":0,"losses":1,"winrate":0.8333333333333334,"cagr":0.1430391791947072,"expectancy":159.47766833,"expectancy_ratio":5.048789244980288,"sortino":-100,"sharpe":6.32816547479069,"calmar":2240.157627790944,"sqn":3.2095,"profit_factor":31.292735469881727,"max_drawdown_account":0.000313866983587888,"max_drawdown_abs":31.587309470000037},{"key":["","force_exit"],"trades":1,"profit_mean":-0.04103298837652007,"profit_mean_pct":-4.1,"profit_total_abs":-946.04197109,"profit_total":-0.0094604197109,"profit_total_pct":-0.95,"duration_avg":"2 days, 6:30:00","wins":0,"draws":0,"losses":1,"winrate":0.0,"cagr":-0.12492173126832906,"expectancy":-946.04197109,"expectancy_ratio":-1.0,"sortino":-100,"sharpe":-100,"calmar":-100,"sqn":-100.0,"profit_factor":0.0,"max_drawdown_account":0.0,"max_drawdown_abs":0.0},{"key":"TOTAL","trades":7,"profit_mean":0.0010515861788818529,"profit_mean_pct":0.11,"profit_total_abs":10.824038889999997,"profit_total":0.00010824038889999997,"profit_total_pct":0.01,"duration_avg":"1 day, 20:47:00","wins":5,"draws":0,"losses":2,"winrate":0.7142857142857143,"cagr":0.0015206012486577158,"expectancy":1.5462912700000118,"expectancy_ratio":0.003163348931435994,"sortino":0.017395232818727513,"sharpe":0.01986932938271597,"calmar":0.8487658243488676,"sqn":0.0095,"profit_factor":1.011071721260026,"max_drawdown_account":0.009370754149564054,"max_drawdown_abs":946.04197109}],"left_open_trades":[{"key":"ETH/USDT","trades":1,"profit_mean":-0.04103298837652007,"profit_mean_pct":-4.1,"profit_total_abs":-946.04197109,"profit_total":-0.0094604197109,"profit_total_pct":-0.95,"duration_avg":"2 days, 6:30:00","wins":0,"draws":0,"losses":1,"winrate":0.0,"cagr":-0.12492173126832906,"expectancy":-946.04197109,"expectancy_ratio":-1.0,"sortino":-100,"sharpe":-100,"calmar":-100,"sqn":-100.0,"profit_factor":0.0,"max_drawdown_account":0.0,"max_drawdown_abs":0.0},{"key":"TOTAL","trades":1,"profit_mean":-0.04103298837652007,"profit_mean_pct":-4.1,"profit_total_abs":-946.04197109,"profit_total":-0.0094604197109,"profit_total_pct":-0.95,"duration_avg":"2 days, 6:30:00","wins":0,"draws":0,"losses":1,"winrate":0.0,"cagr":-0.12492173126832906,"expectancy":-946.04197109,"expectancy_ratio":-1.0,"sortino":-100,"sharpe":-100,"calmar":-100,"sqn":-100.0,"profit_factor":0.0,"max_drawdown_account":0.0,"max_drawdown_abs":0.0}],"total_trades":7,"trade_count_long":7,"trade_count_short":0,"total_volume":322969.413875108,"avg_stake_amount":23022.378307285715,"profit_mean":0.0010515861788818529,"profit_median":0.004978549623575662,"profit_total":0.00010824038889999997,"profit_total_long":0.00010824038889999997,"profit_total_short":0.0,"profit_total_abs":10.824038889999997,"profit_total_long_abs":10.824038889999997,"profit_total_short_abs":0.0,"cagr":0.0015206012486577158,"expectancy":1.5462912700000118,"expectancy_ratio":0.003163348931435994,"sortino":0.017395232818727513,"sharpe":0.01986932938271597,"calmar":0.8487658243488676,"sqn":0.0095,"profit_factor":1.011071721260026,"backtest_start":"2024-08-01 00:00:00","backtest_start_ts":1722470400000,"backtest_end":"2024-08-27 00:00:00","backtest_end_ts":1724716800000,"backtest_days":26,"backtest_run_start_ts":1756265847,"backtest_run_end_ts":1756265852,"trades_per_day":0.27,"market_change":-0.17024563094498868,"pairlist":["ETH/USDT"],"stake_amount":1000.0,"stake_currency":"USDT","stake_currency_decimals":3,"starting_balance":100000,"dry_run_wallet":100000,"final_balance":100010.82403889,"rejected_signals":0,"timedout_entry_orders":0,"timedout_exit_orders":0,"canceled_trade_entries":0,"canceled_entry_orders":0,"replaced_entry_orders":0,"max_open_trades":1,"max_open_trades_setting":1,"timeframe":"15m","timeframe_detail":"","timerange":"20240801-20240827","enable_protections":false,"strategy_name":"VATSMStrategy","stoploss":-0.5,"trailing_stop":true,"trailing_stop_positive":0.005,"trailing_stop_positive_offset":0.015,"trailing_only_offset_is_reached":false,"use_custom_stoploss":true,"minimal_roi":{"0":10},"use_exit_signal":true,"exit_profit_only":false,"exit_profit_offset":0.0,"ignore_roi_if_entry_signal":false,"trading_mode":"spot","margin_mode":"","periodic_breakdown":{"day":[{"date":"12/08/2024","date_ts":1723420800000,"profit_abs":353.00656022,"wins":2,"draws":0,"losses":0,"trades":2,"profit_factor":0.0},{"date":"13/08/2024","date_ts":1723507200000,"profit_abs":134.84116801,"wins":1,"draws":0,"losses":0,"trades":1,"profit_factor":0.0},{"date":"14/08/2024","date_ts":1723593600000,"profit_abs":151.31192122,"wins":1,"draws":0,"losses":0,"trades":1,"profit_factor":0.0},{"date":"15/08/2024","date_ts":1723680000000,"profit_abs":0.0,"wins":0,"draws":0,"losses":0,"trades":0,"profit_factor":0.0},{"date":"16/08/2024","date_ts":1723766400000,"profit_abs":0.0,"wins":0,"draws":0,"losses":0,"trades":0,"profit_factor":0.0},{"date":"17/08/2024","date_ts":1723852800000,"profit_abs":0.0,"wins":0,"draws":0,"losses":0,"trades":0,"profit_factor":0.0},{"date":"18/08/2024","date_ts":1723939200000,"profit_abs":0.0,"wins":0,"draws":0,"losses":0,"trades":0,"profit_factor":0.0},{"date":"19/08/2024","date_ts":1724025600000,"profit_abs":0.0,"wins":0,"draws":0,"losses":0,"trades":0,"profit_factor":0.0},{"date":"20/08/2024","date_ts":1724112000000,"profit_abs":0.0,"wins":0,"draws":0,"losses":0,"trades":0,"profit_factor":0.0},{"date":"21/08/2024","date_ts":1724198400000,"profit_abs":0.0,"wins":0,"draws":0,"losses":0,"trades":0,"profit_factor":0.0},{"date":"22/08/2024","date_ts":1724284800000,"profit_abs":0.0,"wins":0,"draws":0,"losses":0,"trades":0,"profit_factor":0.0},{"date":"23/08/2024","date_ts":1724371200000,"profit_abs":-31.58730947,"wins":0,"draws":0,"losses":1,"trades":1,"profit_factor":0.0},{"date":"24/08/2024","date_ts":1724457600000,"profit_abs":349.29367,"wins":1,"draws":0,"losses":0,"trades":1,"profit_factor":0.0},{"date":"25/08/2024","date_ts":1724544000000,"profit_abs":0.0,"wins":0,"draws":0,"losses":0,"trades":0,"profit_factor":0.0},{"date":"26/08/2024","date_ts":1724630400000,"profit_abs":0.0,"wins":0,"draws":0,"losses":0,"trades":0,"profit_factor":0.0},{"date":"27/08/2024","date_ts":1724716800000,"profit_abs":-946.04197109,"wins":0,"draws":0,"losses":1,"trades":1,"profit_factor":0.0}],"week":[{"date":"12/08/2024","date_ts":1723420800000,"profit_abs":353.00656022,"wins":2,"draws":0,"losses":0,"trades":2,"profit_factor":0.0},{"date":"19/08/2024","date_ts":1724025600000,"profit_abs":286.15308923,"wins":2,"draws":0,"losses":0,"trades":2,"profit_factor":0.0},{"date":"26/08/2024","date_ts":1724630400000,"profit_abs":317.70636053,"wins":1,"draws":0,"losses":1,"trades":2,"profit_factor":11.05803805},{"date":"02/09/2024","date_ts":1725235200000,"profit_abs":-946.04197109,"wins":0,"draws":0,"losses":1,"trades":1,"profit_factor":0.0}],"month":[{"date":"31/08/2024","date_ts":1725062400000,"profit_abs":10.82403889,"wins":5,"draws":0,"losses":2,"trades":7,"profit_factor":1.01107172}],"year":[{"date":"31/12/2024","date_ts":1735603200000,"profit_abs":10.82403889,"wins":5,"draws":0,"losses":2,"trades":7,"profit_factor":1.01107172}]},"backtest_best_day":0.027159291652446568,"backtest_worst_day":-0.04103298837652007,"backtest_best_day_abs":353.00656022,"backtest_worst_day_abs":-946.04197109,"winning_days":4,"draw_days":10,"losing_days":2,"daily_profit":[["2024-08-12",353.00656022],["2024-08-13",134.84116801],["2024-08-14",151.31192122],["2024-08-15",0.0],["2024-08-16",0.0],["2024-08-17",0.0],["2024-08-18",0.0],["2024-08-19",0.0],["2024-08-20",0.0],["2024-08-21",0.0],["2024-08-22",0.0],["2024-08-23",-31.58730947],["2024-08-24",349.29367],["2024-08-25",0.0],["2024-08-26",0.0],["2024-08-27",-946.04197109]],"wins":5,"losses":2,"draws":0,"winrate":0.7142857142857143,"holding_avg":"1 day, 20:47:00","holding_avg_s":161220.0,"winner_holding_min":"0d 00:15","winner_holding_min_s":900.0,"winner_holding_max":"0d 17:15","winner_holding_max_s":62100.0,"winner_holding_avg":"0d 06:51","winner_holding_avg_s":24660.0,"loser_holding_min":"2d 06:30","loser_holding_min_s":196200.0,"loser_holding_max":"9d 08:45","loser_holding_max_s":809100.0,"loser_holding_avg":"5d 19:38","loser_holding_avg_s":502680.0,"max_consecutive_wins":4,"max_consecutive_losses":1,"max_drawdown_account":0.009370754149564054,"max_relative_drawdown":0.009370754149564054,"max_drawdown_abs":946.04197109,"drawdown_start":"2024-08-24 16:15:00","drawdown_start_ts":1724516100000.0,"drawdown_end":"2024-08-27 00:00:00","drawdown_end_ts":1724716800000.0,"max_drawdown_low":10.824038889999997,"max_drawdown_high":956.86600998,"csum_min":100010.82403889,"csum_max":100956.86600998}},"strategy_comparison":[{"key":"VATSMStrategy","trades":7,"profit_mean":0.0010515861788818529,"profit_mean_pct":0.11,"profit_total_abs":10.824038889999997,"profit_total":0.00010824038889999997,"profit_total_pct":0.01,"duration_avg":"1 day, 20:47:00","wins":5,"draws":0,"losses":2,"winrate":0.7142857142857143,"cagr":0.0015206012486577158,"expectancy":1.5462912700000118,"expectancy_ratio":0.003163348931435994,"sortino":0.017395232818727513,"sharpe":0.01986932938271597,"calmar":0.8487658243488676,"sqn":0.0095,"profit_factor":1.011071721260026,"max_drawdown_account":0.009370754149564054,"max_drawdown_abs":"946.042"}]}