{"strategy":{"VATSMStrategy":{"trades":[{"pair":"BTC/USDT","stake_amount":80023.35498,"max_stake_amount":80023.35498,"amount":1.37483,"open_date":"2024-07-13 09:30:00+00:00","close_date":"2024-07-13 22:15:00+00:00","open_rate":58206.0,"close_rate":58492.35,"fee_open":0.001,"fee_close":0.001,"trade_duration":765,"profit_ratio":0.0029117645574774273,"profit_abs":233.24217797,"exit_reason":"trailing_stop_loss","initial_stop_loss_abs":49475.1,"initial_stop_loss_ratio":-0.15,"stop_loss_abs":58492.35,"stop_loss_ratio":-0.008013949999999999,"min_rate":58202.34,"max_rate":58964.89,"is_open":false,"enter_tag":"","leverage":1.0,"is_short":false,"open_timestamp":1720863000000,"close_timestamp":1720908900000,"orders":[{"amount":1.37483,"safe_price":58206.0,"ft_order_side":"buy","order_filled_timestamp":1720863000000,"ft_is_entry":true,"ft_order_tag":"","cost":80103.37833497999},{"amount":1.37483,"safe_price":58492.35,"ft_order_side":"sell","order_filled_timestamp":1720908900000,"ft_is_entry":false,"ft_order_tag":"trailing_stop_loss","cost":80497.45458805049}],"funding_fees":0.0},{"pair":"BTC/USDT","stake_amount":41786.179752,"max_stake_amount":41786.179752,"amount":0.6969,"open_date":"2024-07-14 05:15:00+00:00","close_date":"2024-07-14 21:15:00+00:00","open_rate":59960.08,"close_rate":60688.04,"fee_open":0.001,"fee_close":0.001,"trade_duration":960,"profit_ratio":0.0101184850791111,"profit_abs":423.23564917,"exit_reason":"trailing_stop_loss","initial_stop_loss_abs":50966.07,"initial_stop_loss_ratio":-0.15,"stop_loss_abs":60688.04,"stop_loss_ratio":-0.005,"min_rate":59466.67,"max_rate":60993.0,"is_open":false,"enter_tag":"","leverage":1.0,"is_short":false,"open_timestamp":1720934100000,"close_timestamp":1720991700000,"orders":[{"amount":0.6969,"safe_price":59960.08,"ft_order_side":"buy","order_filled_timestamp":1720934100000,"ft_is_entry":true,"ft_order_tag":"","cost":41827.96593175199},{"amount":0.6969,"safe_price":60688.04,"ft_order_side":"sell","order_filled_timestamp":1720991700000,"ft_is_entry":false,"ft_order_tag":"trailing_stop_loss","cost":42335.788571075995}],"funding_fees":0.0},{"pair":"BTC/USDT","stake_amount":34939.8660369,"max_stake_amount":34939.8660369,"amount":0.57431,"open_date":"2024-07-14 22:15:00+00:00","close_date":"2024-07-15 02:15:00+00:00","open_rate":60837.99,"close_rate":61971.74,"fee_open":0.001,"fee_close":0.001,"trade_duration":240,"profit_ratio":0.016600323903763148,"profit_abs":580.59310646,"exit_reason":"trailing_stop_loss","initial_stop_loss_abs":51712.3,"initial_stop_loss_ratio":-0.15,"stop_loss_abs":61971.74,"stop_loss_ratio":-0.005,"min_rate":60632.3,"max_rate":62283.15,"is_open":false,"enter_tag":"","leverage":1.0,"is_short":false,"open_timestamp":1720995300000,"close_timestamp":1721009700000,"orders":[{"amount":0.57431,"safe_price":60837.99,"ft_order_side":"buy","order_filled_timestamp":1720995300000,"ft_is_entry":true,"ft_order_tag":"","cost":34974.805902936896},{"amount":0.57431,"safe_price":61971.74,"ft_order_side":"sell","order_filled_timestamp":1721009700000,"ft_is_entry":false,"ft_order_tag":"trailing_stop_loss","cost":35626.580989399394}],"funding_fees":0.0},{"pair":"BTC/USDT","stake_amount":42036.70608,"max_stake_amount":42036.70608,"amount":0.66744,"open_date":"2024-07-15 07:45:00+00:00","close_date":"2024-07-15 19:15:00+00:00","open_rate":62982.0,"close_rate":63291.52,"fee_open":0.001,"fee_close":0.001,"trade_duration":690,"profit_ratio":0.002906598974018298,"profit_abs":122.30603061,"exit_reason":"trailing_stop_loss","initial_stop_loss_abs":53534.7,"initial_stop_loss_ratio":-0.15,"stop_loss_abs":63291.52,"stop_loss_ratio":-0.008283180000000001,"min_rate":62290.0,"max_rate":63820.15,"is_open":false,"enter_tag":"","leverage":1.0,"is_short":false,"open_timestamp":1721029500000,"close_timestamp":1721070900000,"orders":[{"amount":0.66744,"safe_price":62982.0,"ft_order_side":"buy","order_filled_timestamp":1721029500000,"ft_is_entry":true,"ft_order_tag":"","cost":42078.74278608},{"amount":0.66744,"safe_price":63291.52,"ft_order_side":"sell","order_filled_timestamp":1721070900000,"ft_is_entry":false,"ft_order_tag":"trailing_stop_loss","cost":42285.5354009088}],"funding_fees":0.0},{"pair":"BTC/USDT","stake_amount":48874.3683098,"max_stake_amount":48874.3683098,"amount":0.75449,"open_date":"2024-07-16 04:15:00+00:00","close_date":"2024-07-17 01:00:00+00:00","open_rate":64778.02,"close_rate":65560.7,"fee_open":0.001,"fee_close":0.001,"trade_duration":1245,"profit_ratio":0.010060350569734887,"profit_abs":492.18497235,"exit_reason":"trailing_stop_loss","initial_stop_loss_abs":55061.32,"initial_stop_loss_ratio":-0.15,"stop_loss_abs":65560.7,"stop_loss_ratio":-0.005,"min_rate":62373.24,"max_rate":65890.15,"is_open":false,"enter_tag":"","leverage":1.0,"is_short":false,"open_timestamp":1721103300000,"close_timestamp":1721178000000,"orders":[{"amount":0.75449,"safe_price":64778.02,"ft_order_side":"buy","order_filled_timestamp":1721103300000,"ft_is_entry":true,"ft_order_tag":"","cost":48923.24267810979},{"amount":0.75449,"safe_price":65560.7,"ft_order_side":"sell","order_filled_timestamp":1721178000000,"ft_is_entry":false,"ft_order_tag":"trailing_stop_loss","cost":49514.35743554299}],"funding_fees":0.0},{"pair":"BTC/USDT","stake_amount":48175.768305,"max_stake_amount":48175.768305,"amount":0.72107,"open_date":"2024-07-20 00:15:00+00:00","close_date":"2024-07-21 17:45:00+00:00","open_rate":66811.5,"close_rate":67139.6,"fee_open":0.001,"fee_close":0.001,"trade_duration":2490,"profit_ratio":0.0029030173705243668,"profit_abs":139.99494732,"exit_reason":"trailing_stop_loss","initial_stop_loss_abs":56789.78,"initial_stop_loss_ratio":-0.15,"stop_loss_abs":67139.6,"stop_loss_ratio":-0.008468219999999999,"min_rate":66222.46,"max_rate":67713.0,"is_open":false,"enter_tag":"","leverage":1.0,"is_short":false,"open_timestamp":1721434500000,"close_timestamp":1721583900000,"orders":[{"amount":0.72107,"safe_price":66811.5,"ft_order_side":"buy","order_filled_timestamp":1721434500000,"ft_is_entry":true,"ft_order_tag":"","cost":48223.94407330499},{"amount":0.72107,"safe_price":67139.6,"ft_order_side":"sell","order_filled_timestamp":1721583900000,"ft_is_entry":false,"ft_order_tag":"trailing_stop_loss","cost":48460.763723372}],"funding_fees":0.0},{"pair":"BTC/USDT","stake_amount":53184.4462832,"max_stake_amount":53184.4462832,"amount":0.79427,"open_date":"2024-07-26 07:45:00+00:00","close_date":"2024-07-26 14:15:00+00:00","open_rate":66960.16,"close_rate":67286.56,"fee_open":0.001,"fee_close":0.001,"trade_duration":390,"profit_ratio":0.002866798984453634,"profit_abs":152.62158571,"exit_reason":"trailing_stop_loss","initial_stop_loss_abs":56916.14,"initial_stop_loss_ratio":-0.15,"stop_loss_abs":67286.56,"stop_loss_ratio":-0.010143240000000001,"min_rate":66879.99,"max_rate":68000.0,"is_open":false,"enter_tag":"","leverage":1.0,"is_short":false,"open_timestamp":1721979900000,"close_timestamp":1722003300000,"orders":[{"amount":0.79427,"safe_price":66960.16,"ft_order_side":"buy","order_filled_timestamp":1721979900000,"ft_is_entry":true,"ft_order_tag":"","cost":53237.6307294832},{"amount":0.79427,"safe_price":67286.56,"ft_order_side":"sell","order_filled_timestamp":1722003300000,"ft_is_entry":false,"ft_order_tag":"trailing_stop_loss","cost":53497.139707211194}],"funding_fees":0.0},{"pair":"BTC/USDT","stake_amount":101122.7081523,"max_stake_amount":101122.7081523,"amount":1.48507,"open_date":"2024-07-27 07:00:00+00:00","close_date":"2024-07-27 14:15:00+00:00","open_rate":68092.89,"close_rate":69053.0,"fee_open":0.001,"fee_close":0.001,"trade_duration":435,"profit_ratio":0.01207382985262507,"profit_abs":1222.15931084,"exit_reason":"trailing_stop_loss","initial_stop_loss_abs":57878.96,"initial_stop_loss_ratio":-0.15,"stop_loss_abs":69053.0,"stop_loss_ratio":-0.005,"min_rate":67892.24,"max_rate":69399.99,"is_open":false,"enter_tag":"","leverage":1.0,"is_short":false,"open_timestamp":1722063600000,"close_timestamp":1722089700000,"orders":[{"amount":1.48507,"safe_price":68092.89,"ft_order_side":"buy","order_filled_timestamp":1722063600000,"ft_is_entry":true,"ft_order_tag":"","cost":101223.83086045229},{"amount":1.48507,"safe_price":69053.0,"ft_order_side":"sell","order_filled_timestamp":1722089700000,"ft_is_entry":false,"ft_order_tag":"trailing_stop_loss","cost":102651.08724870998}],"funding_fees":0.0},{"pair":"BTC/USDT","stake_amount":66823.364793,"max_stake_amount":66823.364793,"amount":0.95723,"open_date":"2024-07-29 11:30:00+00:00","close_date":"2024-08-01 15:15:00+00:00","open_rate":69809.1,"close_rate":63552.73,"fee_open":0.001,"fee_close":0.001,"trade_duration":4545,"profit_ratio":-0.09144006270697576,"profit_abs":-6116.44299963,"exit_reason":"trailing_stop_loss","initial_stop_loss_abs":59337.74,"initial_stop_loss_ratio":-0.15,"stop_loss_abs":63552.73,"stop_loss_ratio":-0.049312629999999996,"min_rate":62846.4,"max_rate":70079.99,"is_open":false,"enter_tag":"","leverage":1.0,"is_short":false,"open_timestamp":1722252600000,"close_timestamp":1722525300000,"orders":[{"amount":0.95723,"safe_price":69809.1,"ft_order_side":"buy","order_filled_timestamp":1722252600000,"ft_is_entry":true,"ft_order_tag":"","cost":66890.18815779299},{"amount":0.95723,"safe_price":63552.73,"ft_order_side":"sell","order_filled_timestamp":1722525300000,"ft_is_entry":false,"ft_order_tag":"trailing_stop_loss","cost":60895.4143176379}],"funding_fees":0.0},{"pair":"BTC/USDT","stake_amount":34641.5688975,"max_stake_amount":34641.5688975,"amount":0.58335,"open_date":"2024-08-15 14:15:00+00:00","close_date":"2024-08-17 15:00:00+00:00","open_rate":59383.85,"close_rate":59509.18,"fee_open":0.001,"fee_close":0.001,"trade_duration":2925,"profit_ratio":0.00010828768194375615,"profit_abs":3.75500645,"exit_reason":"trailing_stop_loss","initial_stop_loss_abs":50476.28,"initial_stop_loss_ratio":-0.15,"stop_loss_abs":59509.18,"stop_loss_ratio":-0.00244275,"min_rate":56078.54,"max_rate":59849.38,"is_open":false,"enter_tag":"","leverage":1.0,"is_short":false,"open_timestamp":1723731300000,"close_timestamp":1723906800000,"orders":[{"amount":0.58335,"safe_price":59383.85,"ft_order_side":"buy","order_filled_timestamp":1723731300000,"ft_is_entry":true,"ft_order_tag":"","cost":34676.2104663975},{"amount":0.58335,"safe_price":59509.18,"ft_order_side":"sell","order_filled_timestamp":1723906800000,"ft_is_entry":false,"ft_order_tag":"trailing_stop_loss","cost":34749.394833153}],"funding_fees":0.0},{"pair":"BTC/USDT","stake_amount":33333.6925509,"max_stake_amount":33333.6925509,"amount":0.54453,"open_date":"2024-08-21 23:15:00+00:00","close_date":"2024-08-23 14:00:00+00:00","open_rate":61215.53,"close_rate":61514.64,"fee_open":0.001,"fee_close":0.001,"trade_duration":2325,"profit_ratio":0.002878413800775879,"profit_abs":96.04410883,"exit_reason":"trailing_stop_loss","initial_stop_loss_abs":52033.21,"initial_stop_loss_ratio":-0.15,"stop_loss_abs":61514.64,"stop_loss_ratio":-0.009633530000000001,"min_rate":59724.87,"max_rate":62113.0,"is_open":false,"enter_tag":"","leverage":1.0,"is_short":false,"open_timestamp":1724282100000,"close_timestamp":1724421600000,"orders":[{"amount":0.54453,"safe_price":61215.53,"ft_order_side":"buy","order_filled_timestamp":1724282100000,"ft_is_entry":true,"ft_order_tag":"","cost":33367.0262434509},{"amount":0.54453,"safe_price":61514.64,"ft_order_side":"sell","order_filled_timestamp":1724421600000,"ft_is_entry":false,"ft_order_tag":"trailing_stop_loss","cost":33530.063486119194}],"funding_fees":0.0},{"pair":"BTC/USDT","stake_amount":96376.0308,"max_stake_amount":96376.0308,"amount":1.49212,"open_date":"2024-08-25 22:15:00+00:00","close_date":"2024-08-27 00:00:00+00:00","open_rate":64590.0,"close_rate":62834.0,"fee_open":0.001,"fee_close":0.001,"trade_duration":1545,"profit_ratio":-0.029130553608026903,"profit_abs":-2810.29461888,"exit_reason":"force_exit","initial_stop_loss_abs":54901.5,"initial_stop_loss_ratio":-0.15,"stop_loss_abs":55250.0,"stop_loss_ratio":-0.15,"min_rate":62756.0,"max_rate":65000.0,"is_open":false,"enter_tag":"","leverage":1.0,"is_short":false,"open_timestamp":1724624100000,"close_timestamp":1724716800000,"orders":[{"amount":1.49212,"safe_price":64590.0,"ft_order_side":"buy","order_filled_timestamp":1724624100000,"ft_is_entry":true,"ft_order_tag":"","cost":96472.40683079998},{"amount":1.49212,"safe_price":62834.0,"ft_order_side":"sell","order_filled_timestamp":1724716800000,"ft_is_entry":false,"ft_order_tag":"force_exit","cost":93849.62394807998}],"funding_fees":0.0}],"locks":[],"best_pair":{"key":"BTC/USDT","trades":12,"profit_mean":-0.004761895461714591,"profit_mean_pct":-0.48,"profit_total_abs":-5460.6007228,"profit_total":-0.054606007228,"profit_total_pct":-5.46,"duration_avg":"1 day, 1:46:00","wins":10,"draws":0,"losses":2,"winrate":0.8333333333333334,"cagr":-0.3534377556832261,"expectancy":-455.0500602333333,"expectancy_ratio":-0.10195215311129247,"sortino":-1.34275460749628,"sharpe":-1.143728222915597,"calmar":-25.99309687201155,"sqn":-0.7777,"profit_factor":0.38828708133224465,"max_drawdown_account":0.08539471062600774,"max_drawdown_abs":8826.93850323},"worst_pair":{"key":"BTC/USDT","trades":12,"profit_mean":-0.004761895461714591,"profit_mean_pct":-0.48,"profit_total_abs":-5460.6007228,"profit_total":-0.054606007228,"profit_total_pct":-5.46,"duration_avg":"1 day, 1:46:00","wins":10,"draws":0,"losses":2,"winrate":0.8333333333333334,"cagr":-0.3534377556832261,"expectancy":-455.0500602333333,"expectancy_ratio":-0.10195215311129247,"sortino":-1.34275460749628,"sharpe":-1.143728222915597,"calmar":-25.99309687201155,"sqn":-0.7777,"profit_factor":0.38828708133224465,"max_drawdown_account":0.08539471062600774,"max_drawdown_abs":8826.93850323},"results_per_pair":[{"key":"BTC/USDT","trades":12,"profit_mean":-0.004761895461714591,"profit_mean_pct":-0.48,"profit_total_abs":-5460.6007228,"profit_total":-0.054606007228,"profit_total_pct":-5.46,"duration_avg":"1 day, 1:46:00","wins":10,"draws":0,"losses":2,"winrate":0.8333333333333334,"cagr":-0.3534377556832261,"expectancy":-455.0500602333333,"expectancy_ratio":-0.10195215311129247,"sortino":-1.34275460749628,"sharpe":-1.143728222915597,"calmar":-25.99309687201155,"sqn":-0.7777,"profit_factor":0.38828708133224465,"max_drawdown_account":0.08539471062600774,"max_drawdown_abs":8826.93850323},{"key":"TOTAL","trades":12,"profit_mean":-0.004761895461714591,"profit_mean_pct":-0.48,"profit_total_abs":-5460.6007228,"profit_total":-0.054606007228,"profit_total_pct":-5.46,"duration_avg":"1 day, 1:46:00","wins":10,"draws":0,"losses":2,"winrate":0.8333333333333334,"cagr":-0.3534377556832261,"expectancy":-455.0500602333333,"expectancy_ratio":-0.10195215311129247,"sortino":-1.34275460749628,"sharpe":-1.143728222915597,"calmar":-25.99309687201155,"sqn":-0.7777,"profit_factor":0.38828708133224465,"max_drawdown_account":0.08539471062600774,"max_drawdown_abs":8826.93850323}],"results_per_enter_tag":[{"key":"","trades":12,"profit_mean":-0.004761895461714591,"profit_mean_pct":-0.48,"profit_total_abs":-5460.6007228,"profit_total":-0.054606007228,"profit_total_pct":-5.46,"duration_avg":"1 day, 1:46:00","wins":10,"draws":0,"losses":2,"winrate":0.8333333333333334,"cagr":-0.3534377556832261,"expectancy":-455.0500602333333,"expectancy_ratio":-0.10195215311129247,"sortino":-1.34275460749628,"sharpe":-1.143728222915597,"calmar":-25.99309687201155,"sqn":-0.7777,"profit_factor":0.38828708133224465,"max_drawdown_account":0.08539471062600774,"max_drawdown_abs":8826.93850323},{"key":"TOTAL","trades":12,"profit_mean":-0.004761895461714591,"profit_mean_pct":-0.48,"profit_total_abs":-5460.6007228,"profit_total":-0.054606007228,"profit_total_pct":-5.46,"duration_avg":"1 day, 1:46:00","wins":10,"draws":0,"losses":2,"winrate":0.8333333333333334,"cagr":-0.3534377556832261,"expectancy":-455.0500602333333,"expectancy_ratio":-0.10195215311129247,"sortino":-1.34275460749628,"sharpe":-1.143728222915597,"calmar":-25.99309687201155,"sqn":-0.7777,"profit_factor":0.38828708133224465,"max_drawdown_account":0.08539471062600774,"max_drawdown_abs":8826.93850323}],"exit_reason_summary":[{"key":"trailing_stop_loss","trades":11,"profit_mean":-0.0025465629029589264,"profit_mean_pct":-0.25,"profit_total_abs":-2650.3061039199993,"profit_total":-0.026503061039199992,"profit_total_pct":-2.65,"duration_avg":"1 day, 1:46:00","wins":10,"draws":0,"losses":1,"winrate":0.9090909090909091,"cagr":-0.18827873321393374,"expectancy":-240.93691853818177,"expectancy_ratio":-0.039391672341711925,"sortino":-100,"sharpe":-0.5710807992222868,"calmar":-18.20643051476599,"sqn":-0.4039,"profit_factor":0.5666916042411703,"max_drawdown_account":0.059172484301635075,"max_drawdown_abs":6116.44299963},{"key":"force_exit","trades":1,"profit_mean":-0.029130553608026903,"profit_mean_pct":-2.91,"profit_total_abs":-2810.29461888,"profit_total":-0.0281029461888,"profit_total_pct":-2.81,"duration_avg":"1 day, 1:45:00","wins":0,"draws":0,"losses":1,"winrate":0.0,"cagr":-0.19858123044169418,"expectancy":-2810.29461888,"expectancy_ratio":-1.0,"sortino":-100,"sharpe":-100,"calmar":-100,"sqn":-100.0,"profit_factor":0.0,"max_drawdown_account":0.0,"max_drawdown_abs":0.0},{"key":"TOTAL","trades":12,"profit_mean":-0.004761895461714591,"profit_mean_pct":-0.48,"profit_total_abs":-5460.6007228,"profit_total":-0.054606007228,"profit_total_pct":-5.46,"duration_avg":"1 day, 1:46:00","wins":10,"draws":0,"losses":2,"winrate":0.8333333333333334,"cagr":-0.3534377556832261,"expectancy":-455.0500602333333,"expectancy_ratio":-0.10195215311129247,"sortino":-1.34275460749628,"sharpe":-1.143728222915597,"calmar":-25.99309687201155,"sqn":-0.7777,"profit_factor":0.38828708133224465,"max_drawdown_account":0.08539471062600774,"max_drawdown_abs":8826.93850323}],"mix_tag_stats":[{"key":["","trailing_stop_loss"],"trades":11,"profit_mean":-0.0025465629029589264,"profit_mean_pct":-0.25,"profit_total_abs":-2650.3061039199993,"profit_total":-0.026503061039199992,"profit_total_pct":-2.65,"duration_avg":"1 day, 1:46:00","wins":10,"draws":0,"losses":1,"winrate":0.9090909090909091,"cagr":-0.18827873321393374,"expectancy":-240.93691853818177,"expectancy_ratio":-0.039391672341711925,"sortino":-100,"sharpe":-0.5710807992222868,"calmar":-18.20643051476599,"sqn":-0.4039,"profit_factor":0.5666916042411703,"max_drawdown_account":0.059172484301635075,"max_drawdown_abs":6116.44299963},{"key":["","force_exit"],"trades":1,"profit_mean":-0.029130553608026903,"profit_mean_pct":-2.91,"profit_total_abs":-2810.29461888,"profit_total":-0.0281029461888,"profit_total_pct":-2.81,"duration_avg":"1 day, 1:45:00","wins":0,"draws":0,"losses":1,"winrate":0.0,"cagr":-0.19858123044169418,"expectancy":-2810.29461888,"expectancy_ratio":-1.0,"sortino":-100,"sharpe":-100,"calmar":-100,"sqn":-100.0,"profit_factor":0.0,"max_drawdown_account":0.0,"max_drawdown_abs":0.0},{"key":"TOTAL","trades":12,"profit_mean":-0.004761895461714591,"profit_mean_pct":-0.48,"profit_total_abs":-5460.6007228,"profit_total":-0.054606007228,"profit_total_pct":-5.46,"duration_avg":"1 day, 1:46:00","wins":10,"draws":0,"losses":2,"winrate":0.8333333333333334,"cagr":-0.3534377556832261,"expectancy":-455.0500602333333,"expectancy_ratio":-0.10195215311129247,"sortino":-1.34275460749628,"sharpe":-1.143728222915597,"calmar":-25.99309687201155,"sqn":-0.7777,"profit_factor":0.38828708133224465,"max_drawdown_account":0.08539471062600774,"max_drawdown_abs":8826.93850323}],"left_open_trades":[{"key":"BTC/USDT","trades":1,"profit_mean":-0.029130553608026903,"profit_mean_pct":-2.91,"profit_total_abs":-2810.29461888,"profit_total":-0.0281029461888,"profit_total_pct":-2.81,"duration_avg":"1 day, 1:45:00","wins":0,"draws":0,"losses":1,"winrate":0.0,"cagr":-0.19858123044169418,"expectancy":-2810.29461888,"expectancy_ratio":-1.0,"sortino":-100,"sharpe":-100,"calmar":-100,"sqn":-100.0,"profit_factor":0.0,"max_drawdown_account":0.0,"max_drawdown_abs":0.0},{"key":"TOTAL","trades":1,"profit_mean":-0.029130553608026903,"profit_mean_pct":-2.91,"profit_total_abs":-2810.29461888,"profit_total":-0.0281029461888,"profit_total_pct":-2.81,"duration_avg":"1 day, 1:45:00","wins":0,"draws":0,"losses":1,"winrate":0.0,"cagr":-0.19858123044169418,"expectancy":-2810.29461888,"expectancy_ratio":-1.0,"sortino":-100,"sharpe":-100,"calmar":-100,"sqn":-100.0,"profit_factor":0.0,"max_drawdown_account":0.0,"max_drawdown_abs":0.0}],"total_trades":12,"trade_count_long":12,"trade_count_short":0,"total_volume":1359892.5772448014,"avg_stake_amount":56776.50457838333,"profit_mean":-0.004761895461714591,"profit_median":0.0029048081722713327,"profit_total":-0.054606007228,"profit_total_long":-0.054606007228,"profit_total_short":0.0,"profit_total_abs":-5460.6007228,"profit_total_long_abs":-5460.6007228,"profit_total_short_abs":0.0,"cagr":-0.3534377556832261,"expectancy":-455.0500602333333,"expectancy_ratio":-0.10195215311129247,"sortino":-1.34275460749628,"sharpe":-1.143728222915597,"calmar":-25.99309687201155,"sqn":-0.7777,"profit_factor":0.38828708133224465,"backtest_start":"2024-07-10 16:00:00","backtest_start_ts":1720627200000,"backtest_end":"2024-08-27 00:00:00","backtest_end_ts":1724716800000,"backtest_days":47,"backtest_run_start_ts":1756272149,"backtest_run_end_ts":1756272154,"trades_per_day":0.26,"market_change":0.08565939681521022,"pairlist":["BTC/USDT"],"stake_amount":1000.0,"stake_currency":"USDT","stake_currency_decimals":3,"starting_balance":100000,"dry_run_wallet":100000,"final_balance":94539.3992772,"rejected_signals":0,"timedout_entry_orders":0,"timedout_exit_orders":0,"canceled_trade_entries":0,"canceled_entry_orders":0,"replaced_entry_orders":0,"max_open_trades":1,"max_open_trades_setting":1,"timeframe":"15m","timeframe_detail":"","timerange":"20240701-20240827","enable_protections":false,"strategy_name":"VATSMStrategy","stoploss":-0.15,"trailing_stop":true,"trailing_stop_positive":0.005,"trailing_stop_positive_offset":0.015,"trailing_only_offset_is_reached":false,"use_custom_stoploss":true,"minimal_roi":{"0":10},"use_exit_signal":true,"exit_profit_only":false,"exit_profit_offset":0.0,"ignore_roi_if_entry_signal":false,"trading_mode":"spot","margin_mode":"","periodic_breakdown":{"day":[{"date":"13/07/2024","date_ts":1720828800000,"profit_abs":233.24217797,"wins":1,"draws":0,"losses":0,"trades":1,"profit_factor":0.0},{"date":"14/07/2024","date_ts":1720915200000,"profit_abs":423.23564917,"wins":1,"draws":0,"losses":0,"trades":1,"profit_factor":0.0},{"date":"15/07/2024","date_ts":1721001600000,"profit_abs":702.89913707,"wins":2,"draws":0,"losses":0,"trades":2,"profit_factor":0.0},{"date":"16/07/2024","date_ts":1721088000000,"profit_abs":0.0,"wins":0,"draws":0,"losses":0,"trades":0,"profit_factor":0.0},{"date":"17/07/2024","date_ts":1721174400000,"profit_abs":492.18497235,"wins":1,"draws":0,"losses":0,"trades":1,"profit_factor":0.0},{"date":"18/07/2024","date_ts":1721260800000,"profit_abs":0.0,"wins":0,"draws":0,"losses":0,"trades":0,"profit_factor":0.0},{"date":"19/07/2024","date_ts":1721347200000,"profit_abs":0.0,"wins":0,"draws":0,"losses":0,"trades":0,"profit_factor":0.0},{"date":"20/07/2024","date_ts":1721433600000,"profit_abs":0.0,"wins":0,"draws":0,"losses":0,"trades":0,"profit_factor":0.0},{"date":"21/07/2024","date_ts":1721520000000,"profit_abs":139.99494732,"wins":1,"draws":0,"losses":0,"trades":1,"profit_factor":0.0},{"date":"22/07/2024","date_ts":1721606400000,"profit_abs":0.0,"wins":0,"draws":0,"losses":0,"trades":0,"profit_factor":0.0},{"date":"23/07/2024","date_ts":1721692800000,"profit_abs":0.0,"wins":0,"draws":0,"losses":0,"trades":0,"profit_factor":0.0},{"date":"24/07/2024","date_ts":1721779200000,"profit_abs":0.0,"wins":0,"draws":0,"losses":0,"trades":0,"profit_factor":0.0},{"date":"25/07/2024","date_ts":1721865600000,"profit_abs":0.0,"wins":0,"draws":0,"losses":0,"trades":0,"profit_factor":0.0},{"date":"26/07/2024","date_ts":1721952000000,"profit_abs":152.62158571,"wins":1,"draws":0,"losses":0,"trades":1,"profit_factor":0.0},{"date":"27/07/2024","date_ts":1722038400000,"profit_abs":1222.15931084,"wins":1,"draws":0,"losses":0,"trades":1,"profit_factor":0.0},{"date":"28/07/2024","date_ts":1722124800000,"profit_abs":0.0,"wins":0,"draws":0,"losses":0,"trades":0,"profit_factor":0.0},{"date":"29/07/2024","date_ts":1722211200000,"profit_abs":0.0,"wins":0,"draws":0,"losses":0,"trades":0,"profit_factor":0.0},{"date":"30/07/2024","date_ts":1722297600000,"profit_abs":0.0,"wins":0,"draws":0,"losses":0,"trades":0,"profit_factor":0.0},{"date":"31/07/2024","date_ts":1722384000000,"profit_abs":0.0,"wins":0,"draws":0,"losses":0,"trades":0,"profit_factor":0.0},{"date":"01/08/2024","date_ts":1722470400000,"profit_abs":-6116.44299963,"wins":0,"draws":0,"losses":1,"trades":1,"profit_factor":0.0},{"date":"02/08/2024","date_ts":1722556800000,"profit_abs":0.0,"wins":0,"draws":0,"losses":0,"trades":0,"profit_factor":0.0},{"date":"03/08/2024","date_ts":1722643200000,"profit_abs":0.0,"wins":0,"draws":0,"losses":0,"trades":0,"profit_factor":0.0},{"date":"04/08/2024","date_ts":1722729600000,"profit_abs":0.0,"wins":0,"draws":0,"losses":0,"trades":0,"profit_factor":0.0},{"date":"05/08/2024","date_ts":1722816000000,"profit_abs":0.0,"wins":0,"draws":0,"losses":0,"trades":0,"profit_factor":0.0},{"date":"06/08/2024","date_ts":1722902400000,"profit_abs":0.0,"wins":0,"draws":0,"losses":0,"trades":0,"profit_factor":0.0},{"date":"07/08/2024","date_ts":1722988800000,"profit_abs":0.0,"wins":0,"draws":0,"losses":0,"trades":0,"profit_factor":0.0},{"date":"08/08/2024","date_ts":1723075200000,"profit_abs":0.0,"wins":0,"draws":0,"losses":0,"trades":0,"profit_factor":0.0},{"date":"09/08/2024","date_ts":1723161600000,"profit_abs":0.0,"wins":0,"draws":0,"losses":0,"trades":0,"profit_factor":0.0},{"date":"10/08/2024","date_ts":1723248000000,"profit_abs":0.0,"wins":0,"draws":0,"losses":0,"trades":0,"profit_factor":0.0},{"date":"11/08/2024","date_ts":1723334400000,"profit_abs":0.0,"wins":0,"draws":0,"losses":0,"trades":0,"profit_factor":0.0},{"date":"12/08/2024","date_ts":1723420800000,"profit_abs":0.0,"wins":0,"draws":0,"losses":0,"trades":0,"profit_factor":0.0},{"date":"13/08/2024","date_ts":1723507200000,"profit_abs":0.0,"wins":0,"draws":0,"losses":0,"trades":0,"profit_factor":0.0},{"date":"14/08/2024","date_ts":1723593600000,"profit_abs":0.0,"wins":0,"draws":0,"losses":0,"trades":0,"profit_factor":0.0},{"date":"15/08/2024","date_ts":1723680000000,"profit_abs":0.0,"wins":0,"draws":0,"losses":0,"trades":0,"profit_factor":0.0},{"date":"16/08/2024","date_ts":1723766400000,"profit_abs":0.0,"wins":0,"draws":0,"losses":0,"trades":0,"profit_factor":0.0},{"date":"17/08/2024","date_ts":1723852800000,"profit_abs":3.75500645,"wins":1,"draws":0,"losses":0,"trades":1,"profit_factor":0.0},{"date":"18/08/2024","date_ts":1723939200000,"profit_abs":0.0,"wins":0,"draws":0,"losses":0,"trades":0,"profit_factor":0.0},{"date":"19/08/2024","date_ts":1724025600000,"profit_abs":0.0,"wins":0,"draws":0,"losses":0,"trades":0,"profit_factor":0.0},{"date":"20/08/2024","date_ts":1724112000000,"profit_abs":0.0,"wins":0,"draws":0,"losses":0,"trades":0,"profit_factor":0.0},{"date":"21/08/2024","date_ts":1724198400000,"profit_abs":0.0,"wins":0,"draws":0,"losses":0,"trades":0,"profit_factor":0.0},{"date":"22/08/2024","date_ts":1724284800000,"profit_abs":0.0,"wins":0,"draws":0,"losses":0,"trades":0,"profit_factor":0.0},{"date":"23/08/2024","date_ts":1724371200000,"profit_abs":96.04410883,"wins":1,"draws":0,"losses":0,"trades":1,"profit_factor":0.0},{"date":"24/08/2024","date_ts":1724457600000,"profit_abs":0.0,"wins":0,"draws":0,"losses":0,"trades":0,"profit_factor":0.0},{"date":"25/08/2024","date_ts":1724544000000,"profit_abs":0.0,"wins":0,"draws":0,"losses":0,"trades":0,"profit_factor":0.0},{"date":"26/08/2024","date_ts":1724630400000,"profit_abs":0.0,"wins":0,"draws":0,"losses":0,"trades":0,"profit_factor":0.0},{"date":"27/08/2024","date_ts":1724716800000,"profit_abs":-2810.29461888,"wins":0,"draws":0,"losses":1,"trades":1,"profit_factor":0.0}],"week":[{"date":"15/07/2024","date_ts":1721001600000,"profit_abs":1359.37696421,"wins":4,"draws":0,"losses":0,"trades":4,"profit_factor":0.0},{"date":"22/07/2024","date_ts":1721606400000,"profit_abs":632.17991967,"wins":2,"draws":0,"losses":0,"trades":2,"profit_factor":0.0},{"date":"29/07/2024","date_ts":1722211200000,"profit_abs":1374.78089655,"wins":2,"draws":0,"losses":0,"trades":2,"profit_factor":0.0},{"date":"05/08/2024","date_ts":1722816000000,"profit_abs":-6116.44299963,"wins":0,"draws":0,"losses":1,"trades":1,"profit_factor":0.0},{"date":"12/08/2024","date_ts":1723420800000,"profit_abs":0.0,"wins":0,"draws":0,"losses":0,"trades":0,"profit_factor":0.0},{"date":"19/08/2024","date_ts":1724025600000,"profit_abs":3.75500645,"wins":1,"draws":0,"losses":0,"trades":1,"profit_factor":0.0},{"date":"26/08/2024","date_ts":1724630400000,"profit_abs":96.04410883,"wins":1,"draws":0,"losses":0,"trades":1,"profit_factor":0.0},{"date":"02/09/2024","date_ts":1725235200000,"profit_abs":-2810.29461888,"wins":0,"draws":0,"losses":1,"trades":1,"profit_factor":0.0}],"month":[{"date":"31/07/2024","date_ts":1722384000000,"profit_abs":3366.33778043,"wins":8,"draws":0,"losses":0,"trades":8,"profit_factor":0.0},{"date":"31/08/2024","date_ts":1725062400000,"profit_abs":-8826.93850323,"wins":2,"draws":0,"losses":2,"trades":4,"profit_factor":0.0111798}],"year":[{"date":"31/12/2024","date_ts":1735603200000,"profit_abs":-5460.6007228,"wins":10,"draws":0,"losses":2,"trades":12,"profit_factor":0.38828708}]},"backtest_best_day":0.019506922877781448,"backtest_worst_day":-0.09144006270697576,"backtest_best_day_abs":1222.15931084,"backtest_worst_day_abs":-6116.44299963,"winning_days":9,"draw_days":35,"losing_days":2,"daily_profit":[["2024-07-13",233.24217797],["2024-07-14",423.23564917],["2024-07-15",702.89913707],["2024-07-16",0.0],["2024-07-17",492.18497235],["2024-07-18",0.0],["2024-07-19",0.0],["2024-07-20",0.0],["2024-07-21",139.99494732],["2024-07-22",0.0],["2024-07-23",0.0],["2024-07-24",0.0],["2024-07-25",0.0],["2024-07-26",152.62158571],["2024-07-27",1222.15931084],["2024-07-28",0.0],["2024-07-29",0.0],["2024-07-30",0.0],["2024-07-31",0.0],["2024-08-01",-6116.44299963],["2024-08-02",0.0],["2024-08-03",0.0],["2024-08-04",0.0],["2024-08-05",0.0],["2024-08-06",0.0],["2024-08-07",0.0],["2024-08-08",0.0],["2024-08-09",0.0],["2024-08-10",0.0],["2024-08-11",0.0],["2024-08-12",0.0],["2024-08-13",0.0],["2024-08-14",0.0],["2024-08-15",0.0],["2024-08-16",0.0],["2024-08-17",3.75500645],["2024-08-18",0.0],["2024-08-19",0.0],["2024-08-20",0.0],["2024-08-21",0.0],["2024-08-22",0.0],["2024-08-23",96.04410883],["2024-08-24",0.0],["2024-08-25",0.0],["2024-08-26",0.0],["2024-08-27",-2810.29461888]],"wins":10,"losses":2,"draws":0,"winrate":0.8333333333333334,"holding_avg":"1 day, 1:46:00","holding_avg_s":92760.0,"winner_holding_min":"0d 04:00","winner_holding_min_s":14400.0,"winner_holding_max":"2d 00:45","winner_holding_max_s":175500.0,"winner_holding_avg":"0d 20:46","winner_holding_avg_s":74760.0,"loser_holding_min":"1d 01:45","loser_holding_min_s":92700.0,"loser_holding_max":"3d 03:45","loser_holding_max_s":272700.0,"loser_holding_avg":"2d 02:45","loser_holding_avg_s":182700.0,"max_consecutive_wins":8,"max_consecutive_losses":1,"max_drawdown_account":0.08539471062600774,"max_relative_drawdown":0.08539471062600774,"max_drawdown_abs":8826.93850323,"drawdown_start":"2024-07-27 14:15:00","drawdown_start_ts":1722089700000.0,"drawdown_end":"2024-08-27 00:00:00","drawdown_end_ts":1724716800000.0,"max_drawdown_low":-5460.6007228,"max_drawdown_high":3366.33778043,"csum_min":94539.3992772,"csum_max":103366.33778043}},"strategy_comparison":[{"key":"VATSMStrategy","trades":12,"profit_mean":-0.004761895461714591,"profit_mean_pct":-0.48,"profit_total_abs":-5460.6007228,"profit_total":-0.054606007228,"profit_total_pct":-5.46,"duration_avg":"1 day, 1:46:00","wins":10,"draws":0,"losses":2,"winrate":0.8333333333333334,"cagr":-0.3534377556832261,"expectancy":-455.0500602333333,"expectancy_ratio":-0.10195215311129247,"sortino":-1.34275460749628,"sharpe":-1.143728222915597,"calmar":-25.99309687201155,"sqn":-0.7777,"profit_factor":0.38828708133224465,"max_drawdown_account":0.08539471062600774,"max_drawdown_abs":"8826.939"}]}