{
  "strategy_name": "VATSMStrategy",
  "params": {
    "roi": {
      "0": 10
    },
    "stoploss": {
      "stoploss": -0.15
    },
    "trailing": {
      "trailing_stop": true,
      "trailing_stop_positive": 0.005,
      "trailing_stop_positive_offset": 0.015,
      "trailing_only_offset_is_reached": false
    },
    "max_open_trades": {
      "max_open_trades": 1
    },
    "buy": {
      "adx_threshold": 22,
      "breakout_threshold": 0.012,
      "current_tf_weight": 0.799,
      "ema_fast": 12,
      "ema_slow": 26,
      "enable_multi_timeframe": true,
      "ewma_lambda": 0.959,
      "higher_tf_weight": 0.627,
      "kelly_cap": 0.263,
      "kelly_lookback": 24,
      "lb_max": 3103,
      "lb_min": 832,
      "lower_tf_weight": 0.439,
      "max_leverage": 1.8,
      "min_confirmations": 3,
      "min_forecast_vol": 0.022,
      "min_momentum_threshold": 0.002,
      "performance_position_factor": 0.835,
      "ratio_cap": 0.655,
      "rsi_overbought": 70,
      "rsi_oversold": 30,
      "rsi_period": 14,
      "swing_lookback": 14,
      "vol_long_win": 3457,
      "vol_short_win": 1258,
      "vol_target": 0.20,
      "volatility_position_factor": 0.887,
      "volume_lookback": 20,
      "volume_threshold": 1.5
    },
    "sell": {
      "drawdown_pause_threshold": 0.126,
      "enable_partial_exit": true,
      "enable_signal_exit": true,
      "max_daily_loss": 0.025,
      "max_hold_hours": 48,
      "max_weekly_loss": 0.06,
      "partial_exit_1_profit": 0.025,
      "partial_exit_1_ratio": 0.3,
      "partial_exit_2_profit": 0.05,
      "partial_exit_2_ratio": 0.4,
      "reversal_momentum_threshold": -0.005,
      "reversal_rsi_threshold": 75,
      "tier1_distance": 0.006,
      "tier1_profit": 0.010,
      "tier2_distance": 0.015,
      "tier2_profit": 0.025,
      "tier3_distance": 0.032,
      "tier3_profit": 0.062,
      "time_exit_profit_threshold": 0.0
    },
    "protection": {}
  },
  "ft_stratparam_v": 1,
  "export_time": "2025-08-27 04:30:58.259506+00:00"
}