{"strategy":{"VATSMStrategy":{"trades":[{"pair":"BTC/USDT","stake_amount":64087.4457713,"max_stake_amount":64087.4457713,"amount":1.01921,"open_date":"2024-07-15 09:00:00+00:00","close_date":"2024-07-15 17:00:00+00:00","open_rate":62879.53,"close_rate":63379.91,"fee_open":0.001,"fee_close":0.001,"trade_duration":480,"profit_ratio":0.0059438550699912295,"profit_abs":381.30741596,"exit_reason":"trailing_stop_loss","initial_stop_loss_abs":53447.61,"initial_stop_loss_ratio":-0.15,"stop_loss_abs":63379.91,"stop_loss_ratio":-0.00507199,"min_rate":62290.0,"max_rate":63703.01,"is_open":false,"enter_tag":"","leverage":1.0,"is_short":false,"open_timestamp":1721034000000,"close_timestamp":1721062800000,"orders":[{"amount":1.01921,"safe_price":62879.53,"ft_order_side":"buy","order_filled_timestamp":1721034000000,"ft_is_entry":true,"ft_order_tag":"","cost":64151.533217071286},{"amount":1.01921,"safe_price":63379.91,"ft_order_side":"sell","order_filled_timestamp":1721062800000,"ft_is_entry":false,"ft_order_tag":"trailing_stop_loss","cost":64662.03550917109}],"funding_fees":0.0},{"pair":"BTC/USDT","stake_amount":52031.9539064,"max_stake_amount":52031.9539064,"amount":0.81128,"open_date":"2024-07-15 22:15:00+00:00","close_date":"2024-07-16 00:15:00+00:00","open_rate":64135.63,"close_rate":64646.33,"fee_open":0.001,"fee_close":0.001,"trade_duration":120,"profit_ratio":0.005948900844897381,"profit_abs":309.84246749,"exit_reason":"trailing_stop_loss","initial_stop_loss_abs":54515.29,"initial_stop_loss_ratio":-0.15,"stop_loss_abs":64646.33,"stop_loss_ratio":-0.0047596800000000005,"min_rate":63915.99,"max_rate":64955.49,"is_open":false,"enter_tag":"","leverage":1.0,"is_short":false,"open_timestamp":1721081700000,"close_timestamp":1721088900000,"orders":[{"amount":0.81128,"safe_price":64135.63,"ft_order_side":"buy","order_filled_timestamp":1721081700000,"ft_is_entry":true,"ft_order_tag":"","cost":52083.98586030639},{"amount":0.81128,"safe_price":64646.33,"ft_order_side":"sell","order_filled_timestamp":1721088900000,"ft_is_entry":false,"ft_order_tag":"trailing_stop_loss","cost":52498.72087700239}],"funding_fees":0.0},{"pair":"BTC/USDT","stake_amount":54605.4853671,"max_stake_amount":54605.4853671,"amount":0.83329,"open_date":"2024-07-17 00:45:00+00:00","close_date":"2024-07-19 14:15:00+00:00","open_rate":65529.99,"close_rate":65786.17,"fee_open":0.001,"fee_close":0.001,"trade_duration":3690,"profit_ratio":0.0019035421933497165,"profit_abs":104.04778923,"exit_reason":"trailing_stop_loss","initial_stop_loss_abs":55700.5,"initial_stop_loss_ratio":-0.15,"stop_loss_abs":65786.17,"stop_loss_ratio":-0.0015456200000000002,"min_rate":63238.48,"max_rate":66128.63,"is_open":false,"enter_tag":"","leverage":1.0,"is_short":false,"open_timestamp":1721177100000,"close_timestamp":1721398500000,"orders":[{"amount":0.83329,"safe_price":65529.99,"ft_order_side":"buy","order_filled_timestamp":1721177100000,"ft_is_entry":true,"ft_order_tag":"","cost":54660.09085246709},{"amount":0.83329,"safe_price":65786.17,"ft_order_side":"sell","order_filled_timestamp":1721398500000,"ft_is_entry":false,"ft_order_tag":"trailing_stop_loss","cost":54873.77655689929}],"funding_fees":0.0},{"pair":"BTC/USDT","stake_amount":99787.01406,"max_stake_amount":99787.01406,"amount":1.48497,"open_date":"2024-07-20 22:15:00+00:00","close_date":"2024-07-21 20:15:00+00:00","open_rate":67198.0,"close_rate":67730.83,"fee_open":0.001,"fee_close":0.001,"trade_duration":1320,"profit_ratio":0.005915409183760973,"profit_abs":590.87130041,"exit_reason":"trailing_stop_loss","initial_stop_loss_abs":57118.3,"initial_stop_loss_ratio":-0.15,"stop_loss_abs":67730.83,"stop_loss_ratio":-0.0066754399999999995,"min_rate":65777.0,"max_rate":68186.0,"is_open":false,"enter_tag":"","leverage":1.0,"is_short":false,"open_timestamp":1721513700000,"close_timestamp":1721592900000,"orders":[{"amount":1.48497,"safe_price":67198.0,"ft_order_side":"buy","order_filled_timestamp":1721513700000,"ft_is_entry":true,"ft_order_tag":"","cost":99886.80107405997},{"amount":1.48497,"safe_price":67730.83,"ft_order_side":"sell","order_filled_timestamp":1721592900000,"ft_is_entry":false,"ft_order_tag":"trailing_stop_loss","cost":100678.82887572508}],"funding_fees":0.0},{"pair":"BTC/USDT","stake_amount":79689.19376,"max_stake_amount":79689.19376,"amount":1.17758,"open_date":"2024-07-22 13:15:00+00:00","close_date":"2024-07-26 13:45:00+00:00","open_rate":67672.0,"close_rate":67805.16,"fee_open":0.001,"fee_close":0.001,"trade_duration":5790,"profit_ratio":-3.4206838167480975e-05,"profit_abs":-2.72864127,"exit_reason":"trailing_stop_loss","initial_stop_loss_abs":57521.2,"initial_stop_loss_ratio":-0.15,"stop_loss_abs":67805.16,"stop_loss_ratio":-0.0025139800000000003,"min_rate":63456.7,"max_rate":68256.0,"is_open":false,"enter_tag":"","leverage":1.0,"is_short":false,"open_timestamp":1721654100000,"close_timestamp":1722001500000,"orders":[{"amount":1.17758,"safe_price":67672.0,"ft_order_side":"buy","order_filled_timestamp":1721654100000,"ft_is_entry":true,"ft_order_tag":"","cost":79768.88295376},{"amount":1.17758,"safe_price":67805.16,"ft_order_side":"sell","order_filled_timestamp":1722001500000,"ft_is_entry":false,"ft_order_tag":"trailing_stop_loss","cost":79925.84631311281}],"funding_fees":0.0},{"pair":"BTC/USDT","stake_amount":79423.0849275,"max_stake_amount":79423.0849275,"amount":1.17237,"open_date":"2024-07-26 14:15:00+00:00","close_date":"2024-07-27 14:15:00+00:00","open_rate":67745.75,"close_rate":69053.0,"fee_open":0.001,"fee_close":0.001,"trade_duration":1440,"profit_ratio":0.01725985715753147,"profit_abs":1372.20193196,"exit_reason":"trailing_stop_loss","initial_stop_loss_abs":57583.89,"initial_stop_loss_ratio":-0.15,"stop_loss_abs":69053.0,"stop_loss_ratio":-0.005,"min_rate":66892.0,"max_rate":69399.99,"is_open":false,"enter_tag":"","leverage":1.0,"is_short":false,"open_timestamp":1722003300000,"close_timestamp":1722089700000,"orders":[{"amount":1.17237,"safe_price":67745.75,"ft_order_side":"buy","order_filled_timestamp":1722003300000,"ft_is_entry":true,"ft_order_tag":"","cost":79502.50801242748},{"amount":1.17237,"safe_price":69053.0,"ft_order_side":"sell","order_filled_timestamp":1722089700000,"ft_is_entry":false,"ft_order_tag":"trailing_stop_loss","cost":81036.62127560998}],"funding_fees":0.0},{"pair":"BTC/USDT","stake_amount":82177.2003646,"max_stake_amount":82177.2003646,"amount":1.19246,"open_date":"2024-07-27 14:30:00+00:00","close_date":"2024-07-29 03:15:00+00:00","open_rate":68914.01,"close_rate":69462.68,"fee_open":0.001,"fee_close":0.001,"trade_duration":2205,"profit_ratio":0.005947751793448798,"profit_abs":489.25836044,"exit_reason":"trailing_stop_loss","initial_stop_loss_abs":58576.91,"initial_stop_loss_ratio":-0.15,"stop_loss_abs":69462.68,"stop_loss_ratio":-0.00483277,"min_rate":66650.0,"max_rate":69800.0,"is_open":false,"enter_tag":"","leverage":1.0,"is_short":false,"open_timestamp":1722090600000,"close_timestamp":1722222900000,"orders":[{"amount":1.19246,"safe_price":68914.01,"ft_order_side":"buy","order_filled_timestamp":1722090600000,"ft_is_entry":true,"ft_order_tag":"","cost":82259.37756496458},{"amount":1.19246,"safe_price":69462.68,"ft_order_side":"sell","order_filled_timestamp":1722222900000,"ft_is_entry":false,"ft_order_tag":"trailing_stop_loss","cost":82914.2988601928}],"funding_fees":0.0},{"pair":"BTC/USDT","stake_amount":89274.115518,"max_stake_amount":89274.115518,"amount":1.2803,"open_date":"2024-07-29 12:45:00+00:00","close_date":"2024-08-04 14:45:00+00:00","open_rate":69729.06,"close_rate":59568.0,"fee_open":0.001,"fee_close":0.001,"trade_duration":8760,"profit_ratio":-0.14742887661211182,"profit_abs":-13174.74414392,"exit_reason":"trailing_stop_loss","initial_stop_loss_abs":59269.71,"initial_stop_loss_ratio":-0.15,"stop_loss_abs":59568.0,"stop_loss_ratio":-0.15,"min_rate":59317.0,"max_rate":70079.99,"is_open":false,"enter_tag":"","leverage":1.0,"is_short":false,"open_timestamp":1722257100000,"close_timestamp":1722782700000,"orders":[{"amount":1.2803,"safe_price":69729.06,"ft_order_side":"buy","order_filled_timestamp":1722257100000,"ft_is_entry":true,"ft_order_tag":"","cost":89363.38963351799},{"amount":1.2803,"safe_price":59568.0,"ft_order_side":"sell","order_filled_timestamp":1722782700000,"ft_is_entry":false,"ft_order_tag":"trailing_stop_loss","cost":76341.17531039998}],"funding_fees":0.0},{"pair":"BTC/USDT","stake_amount":65326.7282964,"max_stake_amount":65326.7282964,"amount":1.06482,"open_date":"2024-08-22 11:00:00+00:00","close_date":"2024-08-23 14:00:00+00:00","open_rate":61350.02,"close_rate":61838.86,"fee_open":0.001,"fee_close":0.001,"trade_duration":1620,"profit_ratio":0.005954127385245111,"profit_abs":389.3526256,"exit_reason":"trailing_stop_loss","initial_stop_loss_abs":52147.52,"initial_stop_loss_ratio":-0.15,"stop_loss_abs":61838.86,"stop_loss_ratio":-0.00441366,"min_rate":60100.0,"max_rate":62113.0,"is_open":false,"enter_tag":"","leverage":1.0,"is_short":false,"open_timestamp":1724324400000,"close_timestamp":1724421600000,"orders":[{"amount":1.06482,"safe_price":61350.02,"ft_order_side":"buy","order_filled_timestamp":1724324400000,"ft_is_entry":true,"ft_order_tag":"","cost":65392.0550246964},{"amount":1.06482,"safe_price":61838.86,"ft_order_side":"sell","order_filled_timestamp":1724421600000,"ft_is_entry":false,"ft_order_tag":"trailing_stop_loss","cost":65913.1021601052}],"funding_fees":0.0},{"pair":"BTC/USDT","stake_amount":35636.6631513,"max_stake_amount":35636.6631513,"amount":0.57637,"open_date":"2024-08-23 14:30:00+00:00","close_date":"2024-08-23 17:45:00+00:00","open_rate":61829.49,"close_rate":62700.92,"fee_open":0.001,"fee_close":0.001,"trade_duration":195,"profit_ratio":0.012067921578625074,"profit_abs":430.49051669,"exit_reason":"trailing_stop_loss","initial_stop_loss_abs":52555.07,"initial_stop_loss_ratio":-0.15,"stop_loss_abs":62700.92,"stop_loss_ratio":-0.005,"min_rate":60802.36,"max_rate":63015.99,"is_open":false,"enter_tag":"","leverage":1.0,"is_short":false,"open_timestamp":1724423400000,"close_timestamp":1724435100000,"orders":[{"amount":0.57637,"safe_price":61829.49,"ft_order_side":"buy","order_filled_timestamp":1724423400000,"ft_is_entry":true,"ft_order_tag":"","cost":35672.2998144513},{"amount":0.57637,"safe_price":62700.92,"ft_order_side":"sell","order_filled_timestamp":1724435100000,"ft_is_entry":false,"ft_order_tag":"trailing_stop_loss","cost":36175.06818966039}],"funding_fees":0.0},{"pair":"BTC/USDT","stake_amount":61566.78048,"max_stake_amount":61566.78048,"amount":0.96126,"open_date":"2024-08-24 07:00:00+00:00","close_date":"2024-08-25 23:00:00+00:00","open_rate":64048.0,"close_rate":64558.04,"fee_open":0.001,"fee_close":0.001,"trade_duration":2400,"profit_ratio":0.005949489556166044,"profit_abs":366.65720839,"exit_reason":"trailing_stop_loss","initial_stop_loss_abs":54440.8,"initial_stop_loss_ratio":-0.15,"stop_loss_abs":64558.04,"stop_loss_ratio":-0.004716989999999999,"min_rate":63531.0,"max_rate":64864.0,"is_open":false,"enter_tag":"","leverage":1.0,"is_short":false,"open_timestamp":1724482800000,"close_timestamp":1724626800000,"orders":[{"amount":0.96126,"safe_price":64048.0,"ft_order_side":"buy","order_filled_timestamp":1724482800000,"ft_is_entry":true,"ft_order_tag":"","cost":61628.34726048},{"amount":0.96126,"safe_price":64558.04,"ft_order_side":"sell","order_filled_timestamp":1724626800000,"ft_is_entry":false,"ft_order_tag":"trailing_stop_loss","cost":62119.1185919304}],"funding_fees":0.0},{"pair":"BTC/USDT","stake_amount":71490.37356,"max_stake_amount":71490.37356,"amount":1.10277,"open_date":"2024-08-25 23:15:00+00:00","close_date":"2024-08-27 00:00:00+00:00","open_rate":64828.0,"close_rate":62834.0,"fee_open":0.001,"fee_close":0.001,"trade_duration":1485,"profit_ratio":-0.03269486113319025,"profit_abs":-2339.70520374,"exit_reason":"force_exit","initial_stop_loss_abs":55103.8,"initial_stop_loss_ratio":-0.15,"stop_loss_abs":55250.0,"stop_loss_ratio":-0.15,"min_rate":62756.0,"max_rate":65000.0,"is_open":false,"enter_tag":"","leverage":1.0,"is_short":false,"open_timestamp":1724627700000,"close_timestamp":1724716800000,"orders":[{"amount":1.10277,"safe_price":64828.0,"ft_order_side":"buy","order_filled_timestamp":1724627700000,"ft_is_entry":true,"ft_order_tag":"","cost":71561.86393356},{"amount":1.10277,"safe_price":62834.0,"ft_order_side":"sell","order_filled_timestamp":1724716800000,"ft_is_entry":false,"ft_order_tag":"force_exit","cost":69360.74163018}],"funding_fees":0.0}],"locks":[],"best_pair":{"key":"BTC/USDT","trades":12,"profit_mean":-0.009438924151704477,"profit_mean_pct":-0.94,"profit_total_abs":-11083.148372759999,"profit_total":-0.11083148372759999,"profit_total_pct":-11.08,"duration_avg":"1 day, 16:59:00","wins":9,"draws":0,"losses":3,"winrate":0.75,"cagr":-0.5983826084501019,"expectancy":-923.5956977299998,"expectancy_ratio":-0.17856256435072715,"sortino":-0.7850947424132556,"sharpe":-1.189952315834561,"calmar":-32.46354065276685,"sqn":-0.8091,"profit_factor":0.28574974259709146,"max_drawdown_account":0.13877647019852773,"max_drawdown_abs":14327.94899698},"worst_pair":{"key":"BTC/USDT","trades":12,"profit_mean":-0.009438924151704477,"profit_mean_pct":-0.94,"profit_total_abs":-11083.148372759999,"profit_total":-0.11083148372759999,"profit_total_pct":-11.08,"duration_avg":"1 day, 16:59:00","wins":9,"draws":0,"losses":3,"winrate":0.75,"cagr":-0.5983826084501019,"expectancy":-923.5956977299998,"expectancy_ratio":-0.17856256435072715,"sortino":-0.7850947424132556,"sharpe":-1.189952315834561,"calmar":-32.46354065276685,"sqn":-0.8091,"profit_factor":0.28574974259709146,"max_drawdown_account":0.13877647019852773,"max_drawdown_abs":14327.94899698},"results_per_pair":[{"key":"BTC/USDT","trades":12,"profit_mean":-0.009438924151704477,"profit_mean_pct":-0.94,"profit_total_abs":-11083.148372759999,"profit_total":-0.11083148372759999,"profit_total_pct":-11.08,"duration_avg":"1 day, 16:59:00","wins":9,"draws":0,"losses":3,"winrate":0.75,"cagr":-0.5983826084501019,"expectancy":-923.5956977299998,"expectancy_ratio":-0.17856256435072715,"sortino":-0.7850947424132556,"sharpe":-1.189952315834561,"calmar":-32.46354065276685,"sqn":-0.8091,"profit_factor":0.28574974259709146,"max_drawdown_account":0.13877647019852773,"max_drawdown_abs":14327.94899698},{"key":"TOTAL","trades":12,"profit_mean":-0.009438924151704477,"profit_mean_pct":-0.94,"profit_total_abs":-11083.148372759999,"profit_total":-0.11083148372759999,"profit_total_pct":-11.08,"duration_avg":"1 day, 16:59:00","wins":9,"draws":0,"losses":3,"winrate":0.75,"cagr":-0.5983826084501019,"expectancy":-923.5956977299998,"expectancy_ratio":-0.17856256435072715,"sortino":-0.7850947424132556,"sharpe":-1.189952315834561,"calmar":-32.46354065276685,"sqn":-0.8091,"profit_factor":0.28574974259709146,"max_drawdown_account":0.13877647019852773,"max_drawdown_abs":14327.94899698}],"results_per_enter_tag":[{"key":"","trades":12,"profit_mean":-0.009438924151704477,"profit_mean_pct":-0.94,"profit_total_abs":-11083.148372759999,"profit_total":-0.11083148372759999,"profit_total_pct":-11.08,"duration_avg":"1 day, 16:59:00","wins":9,"draws":0,"losses":3,"winrate":0.75,"cagr":-0.5983826084501019,"expectancy":-923.5956977299998,"expectancy_ratio":-0.17856256435072715,"sortino":-0.7850947424132556,"sharpe":-1.189952315834561,"calmar":-32.46354065276685,"sqn":-0.8091,"profit_factor":0.28574974259709146,"max_drawdown_account":0.13877647019852773,"max_drawdown_abs":14327.94899698},{"key":"TOTAL","trades":12,"profit_mean":-0.009438924151704477,"profit_mean_pct":-0.94,"profit_total_abs":-11083.148372759999,"profit_total":-0.11083148372759999,"profit_total_pct":-11.08,"duration_avg":"1 day, 16:59:00","wins":9,"draws":0,"losses":3,"winrate":0.75,"cagr":-0.5983826084501019,"expectancy":-923.5956977299998,"expectancy_ratio":-0.17856256435072715,"sortino":-0.7850947424132556,"sharpe":-1.189952315834561,"calmar":-32.46354065276685,"sqn":-0.8091,"profit_factor":0.28574974259709146,"max_drawdown_account":0.13877647019852773,"max_drawdown_abs":14327.94899698}],"exit_reason_summary":[{"key":"force_exit","trades":1,"profit_mean":-0.03269486113319025,"profit_mean_pct":-3.27,"profit_total_abs":-2339.70520374,"profit_total":-0.023397052037399998,"profit_total_pct":-2.34,"duration_avg":"1 day, 0:45:00","wins":0,"draws":0,"losses":1,"winrate":0.0,"cagr":-0.167947623142925,"expectancy":-2339.70520374,"expectancy_ratio":-1.0,"sortino":-100,"sharpe":-100,"calmar":-100,"sqn":-100.0,"profit_factor":0.0,"max_drawdown_account":0.0,"max_drawdown_abs":0.0},{"key":"trailing_stop_loss","trades":11,"profit_mean":-0.007324748062478498,"profit_mean_pct":-0.73,"profit_total_abs":-8743.44316902,"profit_total":-0.0874344316902,"profit_total_pct":-8.74,"duration_avg":"1 day, 18:27:00","wins":9,"draws":0,"losses":2,"winrate":0.8181818181818182,"cagr":-0.5086256019742021,"expectancy":-794.858469910909,"expectancy_ratio":-0.12063898485971303,"sortino":-0.5396458335142411,"sharpe":-0.9045532279201003,"calmar":-27.852043570421756,"sqn":-0.6397,"profit_factor":0.3364855832715778,"max_drawdown_account":0.12760685346153272,"max_drawdown_abs":13174.74414392},{"key":"TOTAL","trades":12,"profit_mean":-0.009438924151704477,"profit_mean_pct":-0.94,"profit_total_abs":-11083.148372759999,"profit_total":-0.11083148372759999,"profit_total_pct":-11.08,"duration_avg":"1 day, 16:59:00","wins":9,"draws":0,"losses":3,"winrate":0.75,"cagr":-0.5983826084501019,"expectancy":-923.5956977299998,"expectancy_ratio":-0.17856256435072715,"sortino":-0.7850947424132556,"sharpe":-1.189952315834561,"calmar":-32.46354065276685,"sqn":-0.8091,"profit_factor":0.28574974259709146,"max_drawdown_account":0.13877647019852773,"max_drawdown_abs":14327.94899698}],"mix_tag_stats":[{"key":["","force_exit"],"trades":1,"profit_mean":-0.03269486113319025,"profit_mean_pct":-3.27,"profit_total_abs":-2339.70520374,"profit_total":-0.023397052037399998,"profit_total_pct":-2.34,"duration_avg":"1 day, 0:45:00","wins":0,"draws":0,"losses":1,"winrate":0.0,"cagr":-0.167947623142925,"expectancy":-2339.70520374,"expectancy_ratio":-1.0,"sortino":-100,"sharpe":-100,"calmar":-100,"sqn":-100.0,"profit_factor":0.0,"max_drawdown_account":0.0,"max_drawdown_abs":0.0},{"key":["","trailing_stop_loss"],"trades":11,"profit_mean":-0.007324748062478498,"profit_mean_pct":-0.73,"profit_total_abs":-8743.44316902,"profit_total":-0.0874344316902,"profit_total_pct":-8.74,"duration_avg":"1 day, 18:27:00","wins":9,"draws":0,"losses":2,"winrate":0.8181818181818182,"cagr":-0.5086256019742021,"expectancy":-794.858469910909,"expectancy_ratio":-0.12063898485971303,"sortino":-0.5396458335142411,"sharpe":-0.9045532279201003,"calmar":-27.852043570421756,"sqn":-0.6397,"profit_factor":0.3364855832715778,"max_drawdown_account":0.12760685346153272,"max_drawdown_abs":13174.74414392},{"key":"TOTAL","trades":12,"profit_mean":-0.009438924151704477,"profit_mean_pct":-0.94,"profit_total_abs":-11083.148372759999,"profit_total":-0.11083148372759999,"profit_total_pct":-11.08,"duration_avg":"1 day, 16:59:00","wins":9,"draws":0,"losses":3,"winrate":0.75,"cagr":-0.5983826084501019,"expectancy":-923.5956977299998,"expectancy_ratio":-0.17856256435072715,"sortino":-0.7850947424132556,"sharpe":-1.189952315834561,"calmar":-32.46354065276685,"sqn":-0.8091,"profit_factor":0.28574974259709146,"max_drawdown_account":0.13877647019852773,"max_drawdown_abs":14327.94899698}],"left_open_trades":[{"key":"BTC/USDT","trades":1,"profit_mean":-0.03269486113319025,"profit_mean_pct":-3.27,"profit_total_abs":-2339.70520374,"profit_total":-0.023397052037399998,"profit_total_pct":-2.34,"duration_avg":"1 day, 0:45:00","wins":0,"draws":0,"losses":1,"winrate":0.0,"cagr":-0.167947623142925,"expectancy":-2339.70520374,"expectancy_ratio":-1.0,"sortino":-100,"sharpe":-100,"calmar":-100,"sqn":-100.0,"profit_factor":0.0,"max_drawdown_account":0.0,"max_drawdown_abs":0.0},{"key":"TOTAL","trades":1,"profit_mean":-0.03269486113319025,"profit_mean_pct":-3.27,"profit_total_abs":-2339.70520374,"profit_total":-0.023397052037399998,"profit_total_pct":-2.34,"duration_avg":"1 day, 0:45:00","wins":0,"draws":0,"losses":1,"winrate":0.0,"cagr":-0.167947623142925,"expectancy":-2339.70520374,"expectancy_ratio":-1.0,"sortino":-100,"sharpe":-100,"calmar":-100,"sqn":-100.0,"profit_factor":0.0,"max_drawdown_account":0.0,"max_drawdown_abs":0.0}],"total_trades":12,"trade_count_long":12,"trade_count_short":0,"total_volume":1662430.469351752,"avg_stake_amount":69591.33659688332,"profit_mean":-0.009438924151704477,"profit_median":0.005945803431720013,"profit_total":-0.11083148372759999,"profit_total_long":-0.11083148372759999,"profit_total_short":0.0,"profit_total_abs":-11083.148372759999,"profit_total_long_abs":-11083.148372759999,"profit_total_short_abs":0.0,"cagr":-0.5983826084501019,"expectancy":-923.5956977299998,"expectancy_ratio":-0.17856256435072715,"sortino":-0.7850947424132556,"sharpe":-1.189952315834561,"calmar":-32.46354065276685,"sqn":-0.8091,"profit_factor":0.28574974259709146,"backtest_start":"2024-07-10 16:00:00","backtest_start_ts":1720627200000,"backtest_end":"2024-08-27 00:00:00","backtest_end_ts":1724716800000,"backtest_days":47,"backtest_run_start_ts":1756271986,"backtest_run_end_ts":1756271991,"trades_per_day":0.26,"market_change":0.08565939681521022,"pairlist":["BTC/USDT"],"stake_amount":1000.0,"stake_currency":"USDT","stake_currency_decimals":3,"starting_balance":100000,"dry_run_wallet":100000,"final_balance":88916.85162724,"rejected_signals":0,"timedout_entry_orders":0,"timedout_exit_orders":0,"canceled_trade_entries":0,"canceled_entry_orders":0,"replaced_entry_orders":0,"max_open_trades":1,"max_open_trades_setting":1,"timeframe":"15m","timeframe_detail":"","timerange":"20240701-20240827","enable_protections":false,"strategy_name":"VATSMStrategy","stoploss":-0.15,"trailing_stop":true,"trailing_stop_positive":0.005,"trailing_stop_positive_offset":0.015,"trailing_only_offset_is_reached":false,"use_custom_stoploss":true,"minimal_roi":{"0":10},"use_exit_signal":true,"exit_profit_only":false,"exit_profit_offset":0.0,"ignore_roi_if_entry_signal":false,"trading_mode":"spot","margin_mode":"","periodic_breakdown":{"day":[{"date":"15/07/2024","date_ts":1721001600000,"profit_abs":381.30741596,"wins":1,"draws":0,"losses":0,"trades":1,"profit_factor":0.0},{"date":"16/07/2024","date_ts":1721088000000,"profit_abs":309.84246749,"wins":1,"draws":0,"losses":0,"trades":1,"profit_factor":0.0},{"date":"17/07/2024","date_ts":1721174400000,"profit_abs":0.0,"wins":0,"draws":0,"losses":0,"trades":0,"profit_factor":0.0},{"date":"18/07/2024","date_ts":1721260800000,"profit_abs":0.0,"wins":0,"draws":0,"losses":0,"trades":0,"profit_factor":0.0},{"date":"19/07/2024","date_ts":1721347200000,"profit_abs":104.04778923,"wins":1,"draws":0,"losses":0,"trades":1,"profit_factor":0.0},{"date":"20/07/2024","date_ts":1721433600000,"profit_abs":0.0,"wins":0,"draws":0,"losses":0,"trades":0,"profit_factor":0.0},{"date":"21/07/2024","date_ts":1721520000000,"profit_abs":590.87130041,"wins":1,"draws":0,"losses":0,"trades":1,"profit_factor":0.0},{"date":"22/07/2024","date_ts":1721606400000,"profit_abs":0.0,"wins":0,"draws":0,"losses":0,"trades":0,"profit_factor":0.0},{"date":"23/07/2024","date_ts":1721692800000,"profit_abs":0.0,"wins":0,"draws":0,"losses":0,"trades":0,"profit_factor":0.0},{"date":"24/07/2024","date_ts":1721779200000,"profit_abs":0.0,"wins":0,"draws":0,"losses":0,"trades":0,"profit_factor":0.0},{"date":"25/07/2024","date_ts":1721865600000,"profit_abs":0.0,"wins":0,"draws":0,"losses":0,"trades":0,"profit_factor":0.0},{"date":"26/07/2024","date_ts":1721952000000,"profit_abs":-2.72864127,"wins":0,"draws":0,"losses":1,"trades":1,"profit_factor":0.0},{"date":"27/07/2024","date_ts":1722038400000,"profit_abs":1372.20193196,"wins":1,"draws":0,"losses":0,"trades":1,"profit_factor":0.0},{"date":"28/07/2024","date_ts":1722124800000,"profit_abs":0.0,"wins":0,"draws":0,"losses":0,"trades":0,"profit_factor":0.0},{"date":"29/07/2024","date_ts":1722211200000,"profit_abs":489.25836044,"wins":1,"draws":0,"losses":0,"trades":1,"profit_factor":0.0},{"date":"30/07/2024","date_ts":1722297600000,"profit_abs":0.0,"wins":0,"draws":0,"losses":0,"trades":0,"profit_factor":0.0},{"date":"31/07/2024","date_ts":1722384000000,"profit_abs":0.0,"wins":0,"draws":0,"losses":0,"trades":0,"profit_factor":0.0},{"date":"01/08/2024","date_ts":1722470400000,"profit_abs":0.0,"wins":0,"draws":0,"losses":0,"trades":0,"profit_factor":0.0},{"date":"02/08/2024","date_ts":1722556800000,"profit_abs":0.0,"wins":0,"draws":0,"losses":0,"trades":0,"profit_factor":0.0},{"date":"03/08/2024","date_ts":1722643200000,"profit_abs":0.0,"wins":0,"draws":0,"losses":0,"trades":0,"profit_factor":0.0},{"date":"04/08/2024","date_ts":1722729600000,"profit_abs":-13174.74414392,"wins":0,"draws":0,"losses":1,"trades":1,"profit_factor":0.0},{"date":"05/08/2024","date_ts":1722816000000,"profit_abs":0.0,"wins":0,"draws":0,"losses":0,"trades":0,"profit_factor":0.0},{"date":"06/08/2024","date_ts":1722902400000,"profit_abs":0.0,"wins":0,"draws":0,"losses":0,"trades":0,"profit_factor":0.0},{"date":"07/08/2024","date_ts":1722988800000,"profit_abs":0.0,"wins":0,"draws":0,"losses":0,"trades":0,"profit_factor":0.0},{"date":"08/08/2024","date_ts":1723075200000,"profit_abs":0.0,"wins":0,"draws":0,"losses":0,"trades":0,"profit_factor":0.0},{"date":"09/08/2024","date_ts":1723161600000,"profit_abs":0.0,"wins":0,"draws":0,"losses":0,"trades":0,"profit_factor":0.0},{"date":"10/08/2024","date_ts":1723248000000,"profit_abs":0.0,"wins":0,"draws":0,"losses":0,"trades":0,"profit_factor":0.0},{"date":"11/08/2024","date_ts":1723334400000,"profit_abs":0.0,"wins":0,"draws":0,"losses":0,"trades":0,"profit_factor":0.0},{"date":"12/08/2024","date_ts":1723420800000,"profit_abs":0.0,"wins":0,"draws":0,"losses":0,"trades":0,"profit_factor":0.0},{"date":"13/08/2024","date_ts":1723507200000,"profit_abs":0.0,"wins":0,"draws":0,"losses":0,"trades":0,"profit_factor":0.0},{"date":"14/08/2024","date_ts":1723593600000,"profit_abs":0.0,"wins":0,"draws":0,"losses":0,"trades":0,"profit_factor":0.0},{"date":"15/08/2024","date_ts":1723680000000,"profit_abs":0.0,"wins":0,"draws":0,"losses":0,"trades":0,"profit_factor":0.0},{"date":"16/08/2024","date_ts":1723766400000,"profit_abs":0.0,"wins":0,"draws":0,"losses":0,"trades":0,"profit_factor":0.0},{"date":"17/08/2024","date_ts":1723852800000,"profit_abs":0.0,"wins":0,"draws":0,"losses":0,"trades":0,"profit_factor":0.0},{"date":"18/08/2024","date_ts":1723939200000,"profit_abs":0.0,"wins":0,"draws":0,"losses":0,"trades":0,"profit_factor":0.0},{"date":"19/08/2024","date_ts":1724025600000,"profit_abs":0.0,"wins":0,"draws":0,"losses":0,"trades":0,"profit_factor":0.0},{"date":"20/08/2024","date_ts":1724112000000,"profit_abs":0.0,"wins":0,"draws":0,"losses":0,"trades":0,"profit_factor":0.0},{"date":"21/08/2024","date_ts":1724198400000,"profit_abs":0.0,"wins":0,"draws":0,"losses":0,"trades":0,"profit_factor":0.0},{"date":"22/08/2024","date_ts":1724284800000,"profit_abs":0.0,"wins":0,"draws":0,"losses":0,"trades":0,"profit_factor":0.0},{"date":"23/08/2024","date_ts":1724371200000,"profit_abs":819.84314229,"wins":2,"draws":0,"losses":0,"trades":2,"profit_factor":0.0},{"date":"24/08/2024","date_ts":1724457600000,"profit_abs":0.0,"wins":0,"draws":0,"losses":0,"trades":0,"profit_factor":0.0},{"date":"25/08/2024","date_ts":1724544000000,"profit_abs":366.65720839,"wins":1,"draws":0,"losses":0,"trades":1,"profit_factor":0.0},{"date":"26/08/2024","date_ts":1724630400000,"profit_abs":0.0,"wins":0,"draws":0,"losses":0,"trades":0,"profit_factor":0.0},{"date":"27/08/2024","date_ts":1724716800000,"profit_abs":-2339.70520374,"wins":0,"draws":0,"losses":1,"trades":1,"profit_factor":0.0}],"week":[{"date":"15/07/2024","date_ts":1721001600000,"profit_abs":381.30741596,"wins":1,"draws":0,"losses":0,"trades":1,"profit_factor":0.0},{"date":"22/07/2024","date_ts":1721606400000,"profit_abs":1004.76155713,"wins":3,"draws":0,"losses":0,"trades":3,"profit_factor":0.0},{"date":"29/07/2024","date_ts":1722211200000,"profit_abs":1858.73165113,"wins":2,"draws":0,"losses":1,"trades":3,"profit_factor":682.19311672},{"date":"05/08/2024","date_ts":1722816000000,"profit_abs":-13174.74414392,"wins":0,"draws":0,"losses":1,"trades":1,"profit_factor":0.0},{"date":"12/08/2024","date_ts":1723420800000,"profit_abs":0.0,"wins":0,"draws":0,"losses":0,"trades":0,"profit_factor":0.0},{"date":"19/08/2024","date_ts":1724025600000,"profit_abs":0.0,"wins":0,"draws":0,"losses":0,"trades":0,"profit_factor":0.0},{"date":"26/08/2024","date_ts":1724630400000,"profit_abs":1186.50035068,"wins":3,"draws":0,"losses":0,"trades":3,"profit_factor":0.0},{"date":"02/09/2024","date_ts":1725235200000,"profit_abs":-2339.70520374,"wins":0,"draws":0,"losses":1,"trades":1,"profit_factor":0.0}],"month":[{"date":"31/07/2024","date_ts":1722384000000,"profit_abs":3244.80062422,"wins":6,"draws":0,"losses":1,"trades":7,"profit_factor":1190.16350782},{"date":"31/08/2024","date_ts":1725062400000,"profit_abs":-14327.94899698,"wins":3,"draws":0,"losses":2,"trades":5,"profit_factor":0.07647712}],"year":[{"date":"31/12/2024","date_ts":1735603200000,"profit_abs":-11083.14837276,"wins":9,"draws":0,"losses":3,"trades":12,"profit_factor":0.28574974}]},"backtest_best_day":0.018022048963870184,"backtest_worst_day":-0.14742887661211182,"backtest_best_day_abs":1372.20193196,"backtest_worst_day_abs":-13174.74414392,"winning_days":8,"draw_days":33,"losing_days":3,"daily_profit":[["2024-07-15",381.30741596],["2024-07-16",309.84246749],["2024-07-17",0.0],["2024-07-18",0.0],["2024-07-19",104.04778923],["2024-07-20",0.0],["2024-07-21",590.87130041],["2024-07-22",0.0],["2024-07-23",0.0],["2024-07-24",0.0],["2024-07-25",0.0],["2024-07-26",-2.72864127],["2024-07-27",1372.20193196],["2024-07-28",0.0],["2024-07-29",489.25836044],["2024-07-30",0.0],["2024-07-31",0.0],["2024-08-01",0.0],["2024-08-02",0.0],["2024-08-03",0.0],["2024-08-04",-13174.74414392],["2024-08-05",0.0],["2024-08-06",0.0],["2024-08-07",0.0],["2024-08-08",0.0],["2024-08-09",0.0],["2024-08-10",0.0],["2024-08-11",0.0],["2024-08-12",0.0],["2024-08-13",0.0],["2024-08-14",0.0],["2024-08-15",0.0],["2024-08-16",0.0],["2024-08-17",0.0],["2024-08-18",0.0],["2024-08-19",0.0],["2024-08-20",0.0],["2024-08-21",0.0],["2024-08-22",0.0],["2024-08-23",819.84314229],["2024-08-24",0.0],["2024-08-25",366.65720839],["2024-08-26",0.0],["2024-08-27",-2339.70520374]],"wins":9,"losses":3,"draws":0,"winrate":0.75,"holding_avg":"1 day, 16:59:00","holding_avg_s":147540.0,"winner_holding_min":"0d 02:00","winner_holding_min_s":7200.0,"winner_holding_max":"2d 13:30","winner_holding_max_s":221400.0,"winner_holding_avg":"1d 00:57","winner_holding_avg_s":89820.0,"loser_holding_min":"1d 00:45","loser_holding_min_s":89100.0,"loser_holding_max":"6d 02:00","loser_holding_max_s":525600.0,"loser_holding_avg":"3d 17:05","loser_holding_avg_s":320700.0,"max_consecutive_wins":4,"max_consecutive_losses":1,"max_drawdown_account":0.13877647019852773,"max_relative_drawdown":0.13877647019852773,"max_drawdown_abs":14327.94899698,"drawdown_start":"2024-07-29 03:15:00","drawdown_start_ts":1722222900000.0,"drawdown_end":"2024-08-27 00:00:00","drawdown_end_ts":1724716800000.0,"max_drawdown_low":-11083.148372759999,"max_drawdown_high":3244.8006242200004,"csum_min":88916.85162724,"csum_max":103244.80062422}},"strategy_comparison":[{"key":"VATSMStrategy","trades":12,"profit_mean":-0.009438924151704477,"profit_mean_pct":-0.94,"profit_total_abs":-11083.148372759999,"profit_total":-0.11083148372759999,"profit_total_pct":-11.08,"duration_avg":"1 day, 16:59:00","wins":9,"draws":0,"losses":3,"winrate":0.75,"cagr":-0.5983826084501019,"expectancy":-923.5956977299998,"expectancy_ratio":-0.17856256435072715,"sortino":-0.7850947424132556,"sharpe":-1.189952315834561,"calmar":-32.46354065276685,"sqn":-0.8091,"profit_factor":0.28574974259709146,"max_drawdown_account":0.13877647019852773,"max_drawdown_abs":"14327.949"}]}