{"strategy":{"GridTradingStrategy":{"trades":[{"pair":"ETH/USDT","stake_amount":395.717126,"max_stake_amount":395.717126,"amount":0.1037,"open_date":"2025-07-29 11:45:00+00:00","close_date":"2025-07-29 20:00:00+00:00","open_rate":3815.98,"close_rate":3765.89,"fee_open":0.001,"fee_close":0.001,"trade_duration":495,"profit_ratio":-0.015098154537992682,"profit_abs":-5.98057292,"exit_reason":"grid_time_exit","initial_stop_loss_abs":3358.07,"initial_stop_loss_ratio":-0.12,"stop_loss_abs":3358.07,"stop_loss_ratio":-0.12,"min_rate":3716.04,"max_rate":3874.54,"is_open":false,"enter_tag":"","leverage":1.0,"is_short":false,"open_timestamp":1753789500000,"close_timestamp":1753819200000,"orders":[{"amount":0.1037,"safe_price":3815.98,"ft_order_side":"buy","order_filled_timestamp":1753789500000,"ft_is_entry":true,"ft_order_tag":"","cost":396.112843126},{"amount":0.1037,"safe_price":3765.89,"ft_order_side":"sell","order_filled_timestamp":1753819200000,"ft_is_entry":false,"ft_order_tag":"grid_time_exit","cost":390.9133157929999}],"funding_fees":0.0},{"pair":"BTC/USDT","stake_amount":393.2487342,"max_stake_amount":393.2487342,"amount":0.00342,"open_date":"2025-08-01 13:45:00+00:00","close_date":"2025-08-01 22:00:00+00:00","open_rate":114985.01,"close_rate":113892.11,"fee_open":0.001,"fee_close":0.001,"trade_duration":495,"profit_ratio":-0.011483728733161143,"profit_abs":-4.52047775,"exit_reason":"grid_time_exit","initial_stop_loss_abs":101186.81,"initial_stop_loss_ratio":-0.12,"stop_loss_abs":101186.81,"stop_loss_ratio":-0.12,"min_rate":113168.22,"max_rate":115831.28,"is_open":false,"enter_tag":"","leverage":1.0,"is_short":false,"open_timestamp":1754055900000,"close_timestamp":1754085600000,"orders":[{"amount":0.00342,"safe_price":114985.01,"ft_order_side":"buy","order_filled_timestamp":1754055900000,"ft_is_entry":true,"ft_order_tag":"","cost":393.6419829341999},{"amount":0.00342,"safe_price":113892.11,"ft_order_side":"sell","order_filled_timestamp":1754085600000,"ft_is_entry":false,"ft_order_tag":"grid_time_exit","cost":389.9005272161999}],"funding_fees":0.0},{"pair":"ETH/USDT","stake_amount":391.821378,"max_stake_amount":391.821378,"amount":0.1131,"open_date":"2025-08-03 15:15:00+00:00","close_date":"2025-08-03 17:00:00+00:00","open_rate":3464.38,"close_rate":3495.03,"fee_open":0.001,"fee_close":0.001,"trade_duration":105,"profit_ratio":0.006831503208584502,"profit_abs":2.67940573,"exit_reason":"exit_signal","initial_stop_loss_abs":3048.66,"initial_stop_loss_ratio":-0.12,"stop_loss_abs":3048.66,"stop_loss_ratio":-0.12,"min_rate":3454.34,"max_rate":3499.66,"is_open":false,"enter_tag":"","leverage":1.0,"is_short":false,"open_timestamp":1754234100000,"close_timestamp":1754240400000,"orders":[{"amount":0.1131,"safe_price":3464.38,"ft_order_side":"buy","order_filled_timestamp":1754234100000,"ft_is_entry":true,"ft_order_tag":"","cost":392.213199378},{"amount":0.1131,"safe_price":3495.03,"ft_order_side":"sell","order_filled_timestamp":1754240400000,"ft_is_entry":false,"ft_order_tag":"exit_signal","cost":395.683180893}],"funding_fees":0.0},{"pair":"ETH/USDT","stake_amount":392.696546,"max_stake_amount":392.696546,"amount":0.1067,"open_date":"2025-08-05 02:00:00+00:00","close_date":"2025-08-05 10:15:00+00:00","open_rate":3680.38,"close_rate":3661.5,"fee_open":0.001,"fee_close":0.001,"trade_duration":495,"profit_ratio":-0.007117657511761055,"profit_abs":-2.7978746,"exit_reason":"grid_time_exit","initial_stop_loss_abs":3238.74,"initial_stop_loss_ratio":-0.12,"stop_loss_abs":3238.74,"stop_loss_ratio":-0.12,"min_rate":3601.53,"max_rate":3688.07,"is_open":false,"enter_tag":"","leverage":1.0,"is_short":false,"open_timestamp":1754359200000,"close_timestamp":1754388900000,"orders":[{"amount":0.1067,"safe_price":3680.38,"ft_order_side":"buy","order_filled_timestamp":1754359200000,"ft_is_entry":true,"ft_order_tag":"","cost":393.089242546},{"amount":0.1067,"safe_price":3661.5,"ft_order_side":"sell","order_filled_timestamp":1754388900000,"ft_is_entry":false,"ft_order_tag":"grid_time_exit","cost":391.07273204999996}],"funding_fees":0.0},{"pair":"BTC/USDT","stake_amount":411.1266189,"max_stake_amount":411.1266189,"amount":0.00361,"open_date":"2025-08-05 12:45:00+00:00","close_date":"2025-08-05 20:30:00+00:00","open_rate":113885.49,"close_rate":113989.9,"fee_open":0.001,"fee_close":0.001,"trade_duration":465,"profit_ratio":-0.001083035674985323,"profit_abs":-0.44571006,"exit_reason":"exit_signal","initial_stop_loss_abs":100219.24,"initial_stop_loss_ratio":-0.12,"stop_loss_abs":100219.24,"stop_loss_ratio":-0.12,"min_rate":112650.0,"max_rate":114573.17,"is_open":false,"enter_tag":"","leverage":1.0,"is_short":false,"open_timestamp":1754397900000,"close_timestamp":1754425800000,"orders":[{"amount":0.00361,"safe_price":113885.49,"ft_order_side":"buy","order_filled_timestamp":1754397900000,"ft_is_entry":true,"ft_order_tag":"","cost":411.53774551889995},{"amount":0.00361,"safe_price":113989.9,"ft_order_side":"sell","order_filled_timestamp":1754425800000,"ft_is_entry":false,"ft_order_tag":"exit_signal","cost":411.91504253899996}],"funding_fees":0.0},{"pair":"ETH/USDT","stake_amount":391.62305,"max_stake_amount":391.62305,"amount":0.1079,"open_date":"2025-08-05 12:45:00+00:00","close_date":"2025-08-05 21:00:00+00:00","open_rate":3629.5,"close_rate":3576.49,"fee_open":0.001,"fee_close":0.001,"trade_duration":495,"profit_ratio":-0.016574138078681796,"profit_abs":-6.49730532,"exit_reason":"grid_time_exit","initial_stop_loss_abs":3193.96,"initial_stop_loss_ratio":-0.12,"stop_loss_abs":3193.96,"stop_loss_ratio":-0.12,"min_rate":3555.0,"max_rate":3659.4,"is_open":false,"enter_tag":"","leverage":1.0,"is_short":false,"open_timestamp":1754397900000,"close_timestamp":1754427600000,"orders":[{"amount":0.1079,"safe_price":3629.5,"ft_order_side":"buy","order_filled_timestamp":1754397900000,"ft_is_entry":true,"ft_order_tag":"","cost":392.01467304999994},{"amount":0.1079,"safe_price":3576.49,"ft_order_side":"sell","order_filled_timestamp":1754427600000,"ft_is_entry":false,"ft_order_tag":"grid_time_exit","cost":386.2891742709999}],"funding_fees":0.0},{"pair":"ETH/USDT","stake_amount":388.742723,"max_stake_amount":388.742723,"amount":0.1087,"open_date":"2025-08-06 01:00:00+00:00","close_date":"2025-08-06 05:00:00+00:00","open_rate":3576.29,"close_rate":3601.3490890890885,"fee_open":0.001,"fee_close":0.001,"trade_duration":240,"profit_ratio":0.004995004982155867,"profit_abs":1.94371361,"exit_reason":"roi","initial_stop_loss_abs":3147.14,"initial_stop_loss_ratio":-0.12,"stop_loss_abs":3147.14,"stop_loss_ratio":-0.12,"min_rate":3564.19,"max_rate":3618.0,"is_open":false,"enter_tag":"","leverage":1.0,"is_short":false,"open_timestamp":1754442000000,"close_timestamp":1754456400000,"orders":[{"amount":0.1087,"safe_price":3576.29,"ft_order_side":"buy","order_filled_timestamp":1754442000000,"ft_is_entry":true,"ft_order_tag":"","cost":389.13146572299996},{"amount":0.1087,"safe_price":3601.3490890890885,"ft_order_side":"sell","order_filled_timestamp":1754456400000,"ft_is_entry":false,"ft_order_tag":"roi","cost":391.8581126299679}],"funding_fees":0.0},{"pair":"BTC/USDT","stake_amount":389.0865942,"max_stake_amount":389.0865942,"amount":0.00342,"open_date":"2025-08-06 08:45:00+00:00","close_date":"2025-08-06 14:45:00+00:00","open_rate":113768.01,"close_rate":114565.18324324323,"fee_open":0.001,"fee_close":0.001,"trade_duration":360,"profit_ratio":0.00499500499243744,"profit_abs":1.94543297,"exit_reason":"roi","initial_stop_loss_abs":100115.85,"initial_stop_loss_ratio":-0.12,"stop_loss_abs":100115.85,"stop_loss_ratio":-0.12,"min_rate":113579.9,"max_rate":115200.0,"is_open":false,"enter_tag":"","leverage":1.0,"is_short":false,"open_timestamp":1754469900000,"close_timestamp":1754491500000,"orders":[{"amount":0.00342,"safe_price":113768.01,"ft_order_side":"buy","order_filled_timestamp":1754469900000,"ft_is_entry":true,"ft_order_tag":"","cost":389.47568079419995},{"amount":0.00342,"safe_price":114565.18324324323,"ft_order_side":"sell","order_filled_timestamp":1754491500000,"ft_is_entry":false,"ft_order_tag":"roi","cost":392.2047396185837}],"funding_fees":0.0},{"pair":"ETH/USDT","stake_amount":389.655724,"max_stake_amount":389.655724,"amount":0.1084,"open_date":"2025-08-06 12:15:00+00:00","close_date":"2025-08-06 15:00:00+00:00","open_rate":3594.61,"close_rate":3637.16,"fee_open":0.001,"fee_close":0.001,"trade_duration":165,"profit_ratio":0.009815514627321267,"profit_abs":3.82849613,"exit_reason":"exit_signal","initial_stop_loss_abs":3163.26,"initial_stop_loss_ratio":-0.12,"stop_loss_abs":3163.26,"stop_loss_ratio":-0.12,"min_rate":3574.05,"max_rate":3641.48,"is_open":false,"enter_tag":"","leverage":1.0,"is_short":false,"open_timestamp":1754482500000,"close_timestamp":1754492400000,"orders":[{"amount":0.1084,"safe_price":3594.61,"ft_order_side":"buy","order_filled_timestamp":1754482500000,"ft_is_entry":true,"ft_order_tag":"","cost":390.045379724},{"amount":0.1084,"safe_price":3637.16,"ft_order_side":"sell","order_filled_timestamp":1754492400000,"ft_is_entry":false,"ft_order_tag":"exit_signal","cost":394.6624121439999}],"funding_fees":0.0},{"pair":"ETH/USDT","stake_amount":391.848875,"max_stake_amount":391.848875,"amount":0.1007,"open_date":"2025-08-08 08:45:00+00:00","close_date":"2025-08-08 13:30:00+00:00","open_rate":3891.25,"close_rate":3918.516016016016,"fee_open":0.001,"fee_close":0.001,"trade_duration":285,"profit_ratio":0.00499500498225772,"profit_abs":1.95924437,"exit_reason":"roi","initial_stop_loss_abs":3424.3,"initial_stop_loss_ratio":-0.12,"stop_loss_abs":3424.3,"stop_loss_ratio":-0.12,"min_rate":3884.44,"max_rate":3943.45,"is_open":false,"enter_tag":"","leverage":1.0,"is_short":false,"open_timestamp":1754642700000,"close_timestamp":1754659800000,"orders":[{"amount":0.1007,"safe_price":3891.25,"ft_order_side":"buy","order_filled_timestamp":1754642700000,"ft_is_entry":true,"ft_order_tag":"","cost":392.2407238749999},{"amount":0.1007,"safe_price":3918.516016016016,"ft_order_side":"sell","order_filled_timestamp":1754659800000,"ft_is_entry":false,"ft_order_tag":"roi","cost":394.98915737562555}],"funding_fees":0.0},{"pair":"ETH/USDT","stake_amount":392.797317,"max_stake_amount":392.797317,"amount":0.0979,"open_date":"2025-08-08 23:45:00+00:00","close_date":"2025-08-09 03:15:00+00:00","open_rate":4012.23,"close_rate":4041.73,"fee_open":0.001,"fee_close":0.001,"trade_duration":210,"profit_ratio":0.005339827334283574,"profit_abs":2.09956732,"exit_reason":"exit_signal","initial_stop_loss_abs":3530.77,"initial_stop_loss_ratio":-0.12,"stop_loss_abs":3530.77,"stop_loss_ratio":-0.12,"min_rate":4006.63,"max_rate":4043.65,"is_open":false,"enter_tag":"","leverage":1.0,"is_short":false,"open_timestamp":1754696700000,"close_timestamp":1754709300000,"orders":[{"amount":0.0979,"safe_price":4012.23,"ft_order_side":"buy","order_filled_timestamp":1754696700000,"ft_is_entry":true,"ft_order_tag":"","cost":393.190114317},{"amount":0.0979,"safe_price":4041.73,"ft_order_side":"sell","order_filled_timestamp":1754709300000,"ft_is_entry":false,"ft_order_tag":"exit_signal","cost":396.0810523669999}],"funding_fees":0.0},{"pair":"ETH/USDT","stake_amount":393.644475,"max_stake_amount":393.644475,"amount":0.0945,"open_date":"2025-08-09 14:00:00+00:00","close_date":"2025-08-09 16:00:00+00:00","open_rate":4165.55,"close_rate":4215.586636636636,"fee_open":0.001,"fee_close":0.001,"trade_duration":120,"profit_ratio":0.009990009990009992,"profit_abs":3.93644475,"exit_reason":"roi","initial_stop_loss_abs":3665.69,"initial_stop_loss_ratio":-0.12,"stop_loss_abs":3665.69,"stop_loss_ratio":-0.12,"min_rate":4153.17,"max_rate":4226.23,"is_open":false,"enter_tag":"","leverage":1.0,"is_short":false,"open_timestamp":1754748000000,"close_timestamp":1754755200000,"orders":[{"amount":0.0945,"safe_price":4165.55,"ft_order_side":"buy","order_filled_timestamp":1754748000000,"ft_is_entry":true,"ft_order_tag":"","cost":394.038119475},{"amount":0.0945,"safe_price":4215.586636636636,"ft_order_side":"sell","order_filled_timestamp":1754755200000,"ft_is_entry":false,"ft_order_tag":"roi","cost":398.77131009932424}],"funding_fees":0.0},{"pair":"ETH/USDT","stake_amount":395.021948,"max_stake_amount":395.021948,"amount":0.0929,"open_date":"2025-08-10 02:45:00+00:00","close_date":"2025-08-10 11:00:00+00:00","open_rate":4252.12,"close_rate":4198.31,"fee_open":0.001,"fee_close":0.001,"trade_duration":495,"profit_ratio":-0.01462758148887903,"profit_abs":-5.78399395,"exit_reason":"grid_time_exit","initial_stop_loss_abs":3741.87,"initial_stop_loss_ratio":-0.12,"stop_loss_abs":3741.87,"stop_loss_ratio":-0.12,"min_rate":4160.0,"max_rate":4264.98,"is_open":false,"enter_tag":"","leverage":1.0,"is_short":false,"open_timestamp":1754793900000,"close_timestamp":1754823600000,"orders":[{"amount":0.0929,"safe_price":4252.12,"ft_order_side":"buy","order_filled_timestamp":1754793900000,"ft_is_entry":true,"ft_order_tag":"","cost":395.4169699479999},{"amount":0.0929,"safe_price":4198.31,"ft_order_side":"sell","order_filled_timestamp":1754823600000,"ft_is_entry":false,"ft_order_tag":"grid_time_exit","cost":390.41302199899997}],"funding_fees":0.0},{"pair":"ETH/USDT","stake_amount":392.631591,"max_stake_amount":392.631591,"amount":0.0933,"open_date":"2025-08-10 21:15:00+00:00","close_date":"2025-08-10 23:00:00+00:00","open_rate":4208.27,"close_rate":4250.63,"fee_open":0.001,"fee_close":0.001,"trade_duration":105,"profit_ratio":0.008047780386532415,"profit_abs":3.16297263,"exit_reason":"exit_signal","initial_stop_loss_abs":3703.28,"initial_stop_loss_ratio":-0.12,"stop_loss_abs":3703.28,"stop_loss_ratio":-0.12,"min_rate":4191.33,"max_rate":4253.0,"is_open":false,"enter_tag":"","leverage":1.0,"is_short":false,"open_timestamp":1754860500000,"close_timestamp":1754866800000,"orders":[{"amount":0.0933,"safe_price":4208.27,"ft_order_side":"buy","order_filled_timestamp":1754860500000,"ft_is_entry":true,"ft_order_tag":"","cost":393.02422259099995},{"amount":0.0933,"safe_price":4250.63,"ft_order_side":"sell","order_filled_timestamp":1754866800000,"ft_is_entry":false,"ft_order_tag":"exit_signal","cost":396.98036277899996}],"funding_fees":0.0},{"pair":"ETH/USDT","stake_amount":394.213788,"max_stake_amount":394.213788,"amount":0.0921,"open_date":"2025-08-11 07:45:00+00:00","close_date":"2025-08-11 14:00:00+00:00","open_rate":4280.28,"close_rate":4279.72,"fee_open":0.001,"fee_close":0.001,"trade_duration":375,"profit_ratio":-0.0021285731566367413,"profit_abs":-0.839952,"exit_reason":"exit_signal","initial_stop_loss_abs":3766.65,"initial_stop_loss_ratio":-0.12,"stop_loss_abs":3766.65,"stop_loss_ratio":-0.12,"min_rate":4166.77,"max_rate":4303.34,"is_open":false,"enter_tag":"","leverage":1.0,"is_short":false,"open_timestamp":1754898300000,"close_timestamp":1754920800000,"orders":[{"amount":0.0921,"safe_price":4280.28,"ft_order_side":"buy","order_filled_timestamp":1754898300000,"ft_is_entry":true,"ft_order_tag":"","cost":394.6080017879999},{"amount":0.0921,"safe_price":4279.72,"ft_order_side":"sell","order_filled_timestamp":1754920800000,"ft_is_entry":false,"ft_order_tag":"exit_signal","cost":394.556374212}],"funding_fees":0.0},{"pair":"BTC/USDT","stake_amount":394.153435,"max_stake_amount":394.153435,"amount":0.00325,"open_date":"2025-08-11 10:30:00+00:00","close_date":"2025-08-11 18:45:00+00:00","open_rate":121277.98,"close_rate":119561.5,"fee_open":0.001,"fee_close":0.001,"trade_duration":495,"profit_ratio":-0.016122993769224353,"profit_abs":-6.36128831,"exit_reason":"grid_time_exit","initial_stop_loss_abs":106724.63,"initial_stop_loss_ratio":-0.12,"stop_loss_abs":106724.63,"stop_loss_ratio":-0.12,"min_rate":119261.57,"max_rate":121298.0,"is_open":false,"enter_tag":"","leverage":1.0,"is_short":false,"open_timestamp":1754908200000,"close_timestamp":1754937900000,"orders":[{"amount":0.00325,"safe_price":121277.98,"ft_order_side":"buy","order_filled_timestamp":1754908200000,"ft_is_entry":true,"ft_order_tag":"","cost":394.5475884349999},{"amount":0.00325,"safe_price":119561.5,"ft_order_side":"sell","order_filled_timestamp":1754937900000,"ft_is_entry":false,"ft_order_tag":"grid_time_exit","cost":388.9634498749999}],"funding_fees":0.0},{"pair":"ETH/USDT","stake_amount":391.011084,"max_stake_amount":391.011084,"amount":0.0918,"open_date":"2025-08-11 20:00:00+00:00","close_date":"2025-08-12 01:00:00+00:00","open_rate":4259.38,"close_rate":4289.225505505506,"fee_open":0.001,"fee_close":0.001,"trade_duration":300,"profit_ratio":0.004995004995004995,"profit_abs":1.95505542,"exit_reason":"roi","initial_stop_loss_abs":3748.26,"initial_stop_loss_ratio":-0.12,"stop_loss_abs":3748.26,"stop_loss_ratio":-0.12,"min_rate":4190.0,"max_rate":4290.78,"is_open":false,"enter_tag":"","leverage":1.0,"is_short":false,"open_timestamp":1754942400000,"close_timestamp":1754960400000,"orders":[{"amount":0.0918,"safe_price":4259.38,"ft_order_side":"buy","order_filled_timestamp":1754942400000,"ft_is_entry":true,"ft_order_tag":"","cost":391.402095084},{"amount":0.0918,"safe_price":4289.225505505506,"ft_order_side":"sell","order_filled_timestamp":1754960400000,"ft_is_entry":false,"ft_order_tag":"roi","cost":394.1446523068108}],"funding_fees":0.0},{"pair":"ETH/USDT","stake_amount":391.73712,"max_stake_amount":391.73712,"amount":0.0915,"open_date":"2025-08-12 10:15:00+00:00","close_date":"2025-08-12 12:30:00+00:00","open_rate":4281.28,"close_rate":4332.706786786785,"fee_open":0.001,"fee_close":0.001,"trade_duration":135,"profit_ratio":0.009990009990009988,"profit_abs":3.9173712,"exit_reason":"roi","initial_stop_loss_abs":3767.53,"initial_stop_loss_ratio":-0.12,"stop_loss_abs":3767.53,"stop_loss_ratio":-0.12,"min_rate":4256.92,"max_rate":4416.08,"is_open":false,"enter_tag":"","leverage":1.0,"is_short":false,"open_timestamp":1754993700000,"close_timestamp":1755001800000,"orders":[{"amount":0.0915,"safe_price":4281.28,"ft_order_side":"buy","order_filled_timestamp":1754993700000,"ft_is_entry":true,"ft_order_tag":"","cost":392.1288571199999},{"amount":0.0915,"safe_price":4332.706786786785,"ft_order_side":"sell","order_filled_timestamp":1755001800000,"ft_is_entry":false,"ft_order_tag":"roi","cost":396.8391136619818}],"funding_fees":0.0},{"pair":"ETH/USDT","stake_amount":393.251256,"max_stake_amount":393.251256,"amount":0.0846,"open_date":"2025-08-13 15:00:00+00:00","close_date":"2025-08-13 16:15:00+00:00","open_rate":4648.36,"close_rate":4727.4612212212205,"fee_open":0.001,"fee_close":0.001,"trade_duration":75,"profit_ratio":0.014985014985014984,"profit_abs":5.89876884,"exit_reason":"roi","initial_stop_loss_abs":4090.56,"initial_stop_loss_ratio":-0.12,"stop_loss_abs":4090.56,"stop_loss_ratio":-0.12,"min_rate":4616.0,"max_rate":4734.63,"is_open":false,"enter_tag":"","leverage":1.0,"is_short":false,"open_timestamp":1755097200000,"close_timestamp":1755101700000,"orders":[{"amount":0.0846,"safe_price":4648.36,"ft_order_side":"buy","order_filled_timestamp":1755097200000,"ft_is_entry":true,"ft_order_tag":"","cost":393.64450725599994},{"amount":0.0846,"safe_price":4727.4612212212205,"ft_order_side":"sell","order_filled_timestamp":1755101700000,"ft_is_entry":false,"ft_order_tag":"roi","cost":400.3431625346305}],"funding_fees":0.0},{"pair":"ETH/USDT","stake_amount":395.845758,"max_stake_amount":395.845758,"amount":0.0837,"open_date":"2025-08-14 05:45:00+00:00","close_date":"2025-08-14 07:00:00+00:00","open_rate":4729.34,"close_rate":4774.47,"fee_open":0.001,"fee_close":0.001,"trade_duration":75,"profit_ratio":0.007525489680334447,"profit_abs":2.9819121,"exit_reason":"exit_signal","initial_stop_loss_abs":4161.82,"initial_stop_loss_ratio":-0.12,"stop_loss_abs":4161.82,"stop_loss_ratio":-0.12,"min_rate":4716.0,"max_rate":4788.0,"is_open":false,"enter_tag":"","leverage":1.0,"is_short":false,"open_timestamp":1755150300000,"close_timestamp":1755154800000,"orders":[{"amount":0.0837,"safe_price":4729.34,"ft_order_side":"buy","order_filled_timestamp":1755150300000,"ft_is_entry":true,"ft_order_tag":"","cost":396.24160375799994},{"amount":0.0837,"safe_price":4774.47,"ft_order_side":"sell","order_filled_timestamp":1755154800000,"ft_is_entry":false,"ft_order_tag":"exit_signal","cost":400.02276213899995}],"funding_fees":0.0},{"pair":"ETH/USDT","stake_amount":397.1296,"max_stake_amount":397.1296,"amount":0.0896,"open_date":"2025-08-16 04:00:00+00:00","close_date":"2025-08-16 12:15:00+00:00","open_rate":4432.25,"close_rate":4396.2,"fee_open":0.001,"fee_close":0.001,"trade_duration":495,"profit_ratio":-0.010115317588948364,"profit_abs":-4.02110912,"exit_reason":"grid_time_exit","initial_stop_loss_abs":3900.38,"initial_stop_loss_ratio":-0.12,"stop_loss_abs":3900.38,"stop_loss_ratio":-0.12,"min_rate":4372.54,"max_rate":4465.22,"is_open":false,"enter_tag":"","leverage":1.0,"is_short":false,"open_timestamp":1755316800000,"close_timestamp":1755346500000,"orders":[{"amount":0.0896,"safe_price":4432.25,"ft_order_side":"buy","order_filled_timestamp":1755316800000,"ft_is_entry":true,"ft_order_tag":"","cost":397.52672959999995},{"amount":0.0896,"safe_price":4396.2,"ft_order_side":"sell","order_filled_timestamp":1755346500000,"ft_is_entry":false,"ft_order_tag":"grid_time_exit","cost":394.29341951999993}],"funding_fees":0.0},{"pair":"ETH/USDT","stake_amount":395.2865,"max_stake_amount":395.2865,"amount":0.0875,"open_date":"2025-08-17 17:00:00+00:00","close_date":"2025-08-17 22:45:00+00:00","open_rate":4517.56,"close_rate":4531.22,"fee_open":0.001,"fee_close":0.001,"trade_duration":345,"profit_ratio":0.001019712718063155,"profit_abs":0.40348175,"exit_reason":"exit_signal","initial_stop_loss_abs":3975.46,"initial_stop_loss_ratio":-0.12,"stop_loss_abs":3975.46,"stop_loss_ratio":-0.12,"min_rate":4427.44,"max_rate":4533.95,"is_open":false,"enter_tag":"","leverage":1.0,"is_short":false,"open_timestamp":1755450000000,"close_timestamp":1755470700000,"orders":[{"amount":0.0875,"safe_price":4517.56,"ft_order_side":"buy","order_filled_timestamp":1755450000000,"ft_is_entry":true,"ft_order_tag":"","cost":395.68178649999993},{"amount":0.0875,"safe_price":4531.22,"ft_order_side":"sell","order_filled_timestamp":1755470700000,"ft_is_entry":false,"ft_order_tag":"exit_signal","cost":396.87823174999994}],"funding_fees":0.0},{"pair":"ETH/USDT","stake_amount":395.585547,"max_stake_amount":395.585547,"amount":0.0917,"open_date":"2025-08-18 23:45:00+00:00","close_date":"2025-08-19 08:15:00+00:00","open_rate":4313.91,"close_rate":4238.44,"fee_open":0.001,"fee_close":0.001,"trade_duration":510,"profit_ratio":-0.01945761771638322,"profit_abs":-7.7048495,"exit_reason":"grid_time_exit","initial_stop_loss_abs":3796.25,"initial_stop_loss_ratio":-0.12,"stop_loss_abs":3796.25,"stop_loss_ratio":-0.12,"min_rate":4193.77,"max_rate":4355.0,"is_open":false,"enter_tag":"","leverage":1.0,"is_short":false,"open_timestamp":1755560700000,"close_timestamp":1755591300000,"orders":[{"amount":0.0917,"safe_price":4313.91,"ft_order_side":"buy","order_filled_timestamp":1755560700000,"ft_is_entry":true,"ft_order_tag":"","cost":395.98113254699996},{"amount":0.0917,"safe_price":4238.44,"ft_order_side":"sell","order_filled_timestamp":1755591300000,"ft_is_entry":false,"ft_order_tag":"grid_time_exit","cost":389.05361294799997}],"funding_fees":0.0},{"pair":"ETH/USDT","stake_amount":392.630309,"max_stake_amount":392.630309,"amount":0.0943,"open_date":"2025-08-20 11:45:00+00:00","close_date":"2025-08-20 14:30:00+00:00","open_rate":4163.63,"close_rate":4213.643573573573,"fee_open":0.001,"fee_close":0.001,"trade_duration":165,"profit_ratio":0.009990009990009992,"profit_abs":3.92630309,"exit_reason":"roi","initial_stop_loss_abs":3664.0,"initial_stop_loss_ratio":-0.12,"stop_loss_abs":3664.0,"stop_loss_ratio":-0.12,"min_rate":4106.37,"max_rate":4222.15,"is_open":false,"enter_tag":"","leverage":1.0,"is_short":false,"open_timestamp":1755690300000,"close_timestamp":1755700200000,"orders":[{"amount":0.0943,"safe_price":4163.63,"ft_order_side":"buy","order_filled_timestamp":1755690300000,"ft_is_entry":true,"ft_order_tag":"","cost":393.022939309},{"amount":0.0943,"safe_price":4213.643573573573,"ft_order_side":"sell","order_filled_timestamp":1755700200000,"ft_is_entry":false,"ft_order_tag":"roi","cost":397.74393557697584}],"funding_fees":0.0},{"pair":"BTC/USDT","stake_amount":393.2622135,"max_stake_amount":393.2622135,"amount":0.00347,"open_date":"2025-08-20 18:30:00+00:00","close_date":"2025-08-20 22:30:00+00:00","open_rate":113332.05,"close_rate":114391.0,"fee_open":0.001,"fee_close":0.001,"trade_duration":240,"profit_ratio":0.0073271113904159624,"profit_abs":2.88435752,"exit_reason":"roi","initial_stop_loss_abs":99732.21,"initial_stop_loss_ratio":-0.12,"stop_loss_abs":99732.21,"stop_loss_ratio":-0.12,"min_rate":113264.01,"max_rate":114519.62,"is_open":false,"enter_tag":"","leverage":1.0,"is_short":false,"open_timestamp":1755714600000,"close_timestamp":1755729000000,"orders":[{"amount":0.00347,"safe_price":113332.05,"ft_order_side":"buy","order_filled_timestamp":1755714600000,"ft_is_entry":true,"ft_order_tag":"","cost":393.6554757135},{"amount":0.00347,"safe_price":114391.0,"ft_order_side":"sell","order_filled_timestamp":1755729000000,"ft_is_entry":false,"ft_order_tag":"roi","cost":397.33370677}],"funding_fees":0.0},{"pair":"ETH/USDT","stake_amount":395.222415,"max_stake_amount":395.222415,"amount":0.0917,"open_date":"2025-08-21 01:30:00+00:00","close_date":"2025-08-21 09:45:00+00:00","open_rate":4309.95,"close_rate":4290.5,"fee_open":0.001,"fee_close":0.001,"trade_duration":495,"profit_ratio":-0.006501798748931291,"profit_abs":-2.57222626,"exit_reason":"grid_time_exit","initial_stop_loss_abs":3792.76,"initial_stop_loss_ratio":-0.12,"stop_loss_abs":3792.76,"stop_loss_ratio":-0.12,"min_rate":4256.34,"max_rate":4340.26,"is_open":false,"enter_tag":"","leverage":1.0,"is_short":false,"open_timestamp":1755739800000,"close_timestamp":1755769500000,"orders":[{"amount":0.0917,"safe_price":4309.95,"ft_order_side":"buy","order_filled_timestamp":1755739800000,"ft_is_entry":true,"ft_order_tag":"","cost":395.617637415},{"amount":0.0917,"safe_price":4290.5,"ft_order_side":"sell","order_filled_timestamp":1755769500000,"ft_is_entry":false,"ft_order_tag":"grid_time_exit","cost":393.83228884999994}],"funding_fees":0.0},{"pair":"ETH/USDT","stake_amount":394.124451,"max_stake_amount":394.124451,"amount":0.0921,"open_date":"2025-08-22 11:15:00+00:00","close_date":"2025-08-22 14:00:00+00:00","open_rate":4279.31,"close_rate":4330.713123123123,"fee_open":0.001,"fee_close":0.001,"trade_duration":165,"profit_ratio":0.00999000999000999,"profit_abs":3.94124451,"exit_reason":"roi","initial_stop_loss_abs":3765.8,"initial_stop_loss_ratio":-0.12,"stop_loss_abs":3765.8,"stop_loss_ratio":-0.12,"min_rate":4207.39,"max_rate":4600.0,"is_open":false,"enter_tag":"","leverage":1.0,"is_short":false,"open_timestamp":1755861300000,"close_timestamp":1755871200000,"orders":[{"amount":0.0921,"safe_price":4279.31,"ft_order_side":"buy","order_filled_timestamp":1755861300000,"ft_is_entry":true,"ft_order_tag":"","cost":394.518575451},{"amount":0.0921,"safe_price":4330.713123123123,"ft_order_side":"sell","order_filled_timestamp":1755871200000,"ft_is_entry":false,"ft_order_tag":"roi","cost":399.2575373182793}],"funding_fees":0.0},{"pair":"ETH/USDT","stake_amount":395.561495,"max_stake_amount":395.561495,"amount":0.0829,"open_date":"2025-08-23 01:30:00+00:00","close_date":"2025-08-23 09:45:00+00:00","open_rate":4771.55,"close_rate":4732.8,"fee_open":0.001,"fee_close":0.001,"trade_duration":495,"profit_ratio":-0.010102826921208093,"profit_abs":-4.00028561,"exit_reason":"grid_time_exit","initial_stop_loss_abs":4198.97,"initial_stop_loss_ratio":-0.12,"stop_loss_abs":4198.97,"stop_loss_ratio":-0.12,"min_rate":4659.7,"max_rate":4791.81,"is_open":false,"enter_tag":"","leverage":1.0,"is_short":false,"open_timestamp":1755912600000,"close_timestamp":1755942300000,"orders":[{"amount":0.0829,"safe_price":4771.55,"ft_order_side":"buy","order_filled_timestamp":1755912600000,"ft_is_entry":true,"ft_order_tag":"","cost":395.957056495},{"amount":0.0829,"safe_price":4732.8,"ft_order_side":"sell","order_filled_timestamp":1755942300000,"ft_is_entry":false,"ft_order_tag":"grid_time_exit","cost":392.74146912}],"funding_fees":0.0},{"pair":"ETH/USDT","stake_amount":315.252155,"max_stake_amount":315.252155,"amount":0.0655,"open_date":"2025-08-24 20:00:00+00:00","close_date":"2025-08-25 08:15:00+00:00","open_rate":4813.01,"close_rate":4591.02,"fee_open":0.001,"fee_close":0.001,"trade_duration":735,"profit_ratio":-0.048028752704982434,"profit_abs":-15.15630896,"exit_reason":"grid_force_exit","initial_stop_loss_abs":4235.45,"initial_stop_loss_ratio":-0.12,"stop_loss_abs":4235.45,"stop_loss_ratio":-0.12,"min_rate":4555.01,"max_rate":4824.31,"is_open":false,"enter_tag":"","leverage":1.0,"is_short":false,"open_timestamp":1756065600000,"close_timestamp":1756109700000,"orders":[{"amount":0.0655,"safe_price":4813.01,"ft_order_side":"buy","order_filled_timestamp":1756065600000,"ft_is_entry":true,"ft_order_tag":"","cost":315.56740715499996},{"amount":0.0655,"safe_price":4591.02,"ft_order_side":"sell","order_filled_timestamp":1756109700000,"ft_is_entry":false,"ft_order_tag":"grid_force_exit","cost":301.01252180999995}],"funding_fees":0.0}],"locks":[],"best_pair":{"key":"BTC/USDT","trades":5,"profit_mean":-0.0032735283589034837,"profit_mean_pct":-0.33,"profit_total_abs":-6.497685630000001,"profit_total":-0.006497685630000001,"profit_total_pct":-0.65,"duration_avg":"6:51:00","wins":2,"draws":0,"losses":3,"winrate":0.4,"cagr":-0.0814678338772874,"expectancy":-1.299537126,"expectancy_ratio":-0.3441729946458718,"sortino":-1.7936627193593881,"sharpe":-1.2319128570005506,"calmar":-47.25520705315315,"sqn":-0.7222,"profit_factor":0.4263783422568804,"max_drawdown_account":0.009382043149999958,"max_drawdown_abs":9.382043150000001},"worst_pair":{"key":"ETH/USDT","trades":24,"profit_mean":-0.001718438358117159,"profit_mean_pct":-0.17,"profit_total_abs":-12.720496790000002,"profit_total":-0.012720496790000002,"profit_total_pct":-1.27,"duration_avg":"5:16:00","wins":14,"draws":0,"losses":10,"winrate":0.5833333333333334,"cagr":-0.15370260722324058,"expectancy":-0.5300206995833334,"expectancy_ratio":-0.09575028370520022,"sortino":-2.307966110856154,"sharpe":-1.7440146044133213,"calmar":-34.894047037399936,"sqn":-0.5108,"profit_factor":0.7701993191075194,"max_drawdown_account":0.0248737423483449,"max_drawdown_abs":25.183750099999997},"results_per_pair":[{"key":"BTC/USDT","trades":5,"profit_mean":-0.0032735283589034837,"profit_mean_pct":-0.33,"profit_total_abs":-6.497685630000001,"profit_total":-0.006497685630000001,"profit_total_pct":-0.65,"duration_avg":"6:51:00","wins":2,"draws":0,"losses":3,"winrate":0.4,"cagr":-0.0814678338772874,"expectancy":-1.299537126,"expectancy_ratio":-0.3441729946458718,"sortino":-1.7936627193593881,"sharpe":-1.2319128570005506,"calmar":-47.25520705315315,"sqn":-0.7222,"profit_factor":0.4263783422568804,"max_drawdown_account":0.009382043149999958,"max_drawdown_abs":9.382043150000001},{"key":"ETH/USDT","trades":24,"profit_mean":-0.001718438358117159,"profit_mean_pct":-0.17,"profit_total_abs":-12.720496790000002,"profit_total":-0.012720496790000002,"profit_total_pct":-1.27,"duration_avg":"5:16:00","wins":14,"draws":0,"losses":10,"winrate":0.5833333333333334,"cagr":-0.15370260722324058,"expectancy":-0.5300206995833334,"expectancy_ratio":-0.09575028370520022,"sortino":-2.307966110856154,"sharpe":-1.7440146044133213,"calmar":-34.894047037399936,"sqn":-0.5108,"profit_factor":0.7701993191075194,"max_drawdown_account":0.0248737423483449,"max_drawdown_abs":25.183750099999997},{"key":"TOTAL","trades":29,"profit_mean":-0.001986557323769974,"profit_mean_pct":-0.2,"profit_total_abs":-19.21818242,"profit_total":-0.01921818242,"profit_total_pct":-1.92,"duration_avg":"5:32:00","wins":16,"draws":0,"losses":13,"winrate":0.5517241379310345,"cagr":-0.2235020876972269,"expectancy":-0.6626959455172414,"expectancy_ratio":-0.1291960827244738,"sortino":-3.6597002536811414,"sharpe":-2.7453075568338807,"calmar":-58.98529750300656,"sqn":-0.7341,"profit_factor":0.7117933539223279,"max_drawdown_account":0.022230894521933036,"max_drawdown_abs":22.29939258}],"results_per_enter_tag":[{"key":"","trades":29,"profit_mean":-0.001986557323769974,"profit_mean_pct":-0.2,"profit_total_abs":-19.21818242,"profit_total":-0.01921818242,"profit_total_pct":-1.92,"duration_avg":"5:32:00","wins":16,"draws":0,"losses":13,"winrate":0.5517241379310345,"cagr":-0.2235020876972269,"expectancy":-0.6626959455172414,"expectancy_ratio":-0.1291960827244738,"sortino":-3.6597002536811414,"sharpe":-2.7453075568338807,"calmar":-58.98529750300656,"sqn":-0.7341,"profit_factor":0.7117933539223279,"max_drawdown_account":0.022230894521933036,"max_drawdown_abs":22.29939258},{"key":"TOTAL","trades":29,"profit_mean":-0.001986557323769974,"profit_mean_pct":-0.2,"profit_total_abs":-19.21818242,"profit_total":-0.01921818242,"profit_total_pct":-1.92,"duration_avg":"5:32:00","wins":16,"draws":0,"losses":13,"winrate":0.5517241379310345,"cagr":-0.2235020876972269,"expectancy":-0.6626959455172414,"expectancy_ratio":-0.1291960827244738,"sortino":-3.6597002536811414,"sharpe":-2.7453075568338807,"calmar":-58.98529750300656,"sqn":-0.7341,"profit_factor":0.7117933539223279,"max_drawdown_account":0.022230894521933036,"max_drawdown_abs":22.29939258}],"exit_reason_summary":[{"key":"roi","trades":10,"profit_mean":0.008225218628732694,"profit_mean_pct":0.82,"profit_total_abs":32.30793628,"profit_total":0.03230793628,"profit_total_pct":3.23,"duration_avg":"3:28:00","wins":10,"draws":0,"losses":0,"winrate":1.0,"cagr":0.5136088146926818,"expectancy":3.230793628,"expectancy_ratio":100.0,"sortino":-100,"sharpe":17.56593567086353,"calmar":-100,"sqn":7.7233,"profit_factor":0.0,"max_drawdown_account":0.0,"max_drawdown_abs":0.0},{"key":"exit_signal","trades":8,"profit_mean":0.004421027390437162,"profit_mean_pct":0.44,"profit_total_abs":13.8701736,"profit_total":0.013870173599999999,"profit_total_pct":1.39,"duration_avg":"3:51:00","wins":6,"draws":0,"losses":2,"winrate":0.75,"cagr":0.19669690103793913,"expectancy":1.7337717000000001,"expectancy_ratio":2.697087755704637,"sortino":48.010637208905585,"sharpe":5.686278143427915,"calmar":1139.4793445327998,"sqn":2.7561,"profit_factor":11.788351022818548,"max_drawdown_account":0.000830546286103841,"max_drawdown_abs":0.8399520000000003},{"key":"grid_force_exit","trades":1,"profit_mean":-0.048028752704982434,"profit_mean_pct":-4.8,"profit_total_abs":-15.15630896,"profit_total":-0.01515630896,"profit_total_pct":-1.52,"duration_avg":"12:15:00","wins":0,"draws":0,"losses":1,"winrate":0.0,"cagr":-0.1805204676023343,"expectancy":-15.15630896,"expectancy_ratio":-1.0,"sortino":-100,"sharpe":-100,"calmar":-100,"sqn":-100.0,"profit_factor":0.0,"max_drawdown_account":0.0,"max_drawdown_abs":0.0},{"key":"grid_time_exit","trades":10,"profit_mean":-0.012720181509517103,"profit_mean_pct":-1.27,"profit_total_abs":-50.23998334,"profit_total":-0.05023998334,"profit_total_pct":-5.02,"duration_avg":"8:16:00","wins":0,"draws":0,"losses":10,"winrate":0.0,"cagr":-0.48928223016916916,"expectancy":-5.023998334,"expectancy_ratio":-1.0,"sortino":-21.295195862243705,"sharpe":-21.295195862243705,"calmar":-68.2320470519386,"sqn":-9.363,"profit_factor":0.0,"max_drawdown_account":0.05023998333999998,"max_drawdown_abs":50.23998334},{"key":"TOTAL","trades":29,"profit_mean":-0.001986557323769974,"profit_mean_pct":-0.2,"profit_total_abs":-19.21818242,"profit_total":-0.01921818242,"profit_total_pct":-1.92,"duration_avg":"5:32:00","wins":16,"draws":0,"losses":13,"winrate":0.5517241379310345,"cagr":-0.2235020876972269,"expectancy":-0.6626959455172414,"expectancy_ratio":-0.1291960827244738,"sortino":-3.6597002536811414,"sharpe":-2.7453075568338807,"calmar":-58.98529750300656,"sqn":-0.7341,"profit_factor":0.7117933539223279,"max_drawdown_account":0.022230894521933036,"max_drawdown_abs":22.29939258}],"mix_tag_stats":[{"key":["","roi"],"trades":10,"profit_mean":0.008225218628732694,"profit_mean_pct":0.82,"profit_total_abs":32.30793628,"profit_total":0.03230793628,"profit_total_pct":3.23,"duration_avg":"3:28:00","wins":10,"draws":0,"losses":0,"winrate":1.0,"cagr":0.5136088146926818,"expectancy":3.230793628,"expectancy_ratio":100.0,"sortino":-100,"sharpe":17.56593567086353,"calmar":-100,"sqn":7.7233,"profit_factor":0.0,"max_drawdown_account":0.0,"max_drawdown_abs":0.0},{"key":["","exit_signal"],"trades":8,"profit_mean":0.004421027390437162,"profit_mean_pct":0.44,"profit_total_abs":13.8701736,"profit_total":0.013870173599999999,"profit_total_pct":1.39,"duration_avg":"3:51:00","wins":6,"draws":0,"losses":2,"winrate":0.75,"cagr":0.19669690103793913,"expectancy":1.7337717000000001,"expectancy_ratio":2.697087755704637,"sortino":48.010637208905585,"sharpe":5.686278143427915,"calmar":1139.4793445327998,"sqn":2.7561,"profit_factor":11.788351022818548,"max_drawdown_account":0.000830546286103841,"max_drawdown_abs":0.8399520000000003},{"key":["","grid_force_exit"],"trades":1,"profit_mean":-0.048028752704982434,"profit_mean_pct":-4.8,"profit_total_abs":-15.15630896,"profit_total":-0.01515630896,"profit_total_pct":-1.52,"duration_avg":"12:15:00","wins":0,"draws":0,"losses":1,"winrate":0.0,"cagr":-0.1805204676023343,"expectancy":-15.15630896,"expectancy_ratio":-1.0,"sortino":-100,"sharpe":-100,"calmar":-100,"sqn":-100.0,"profit_factor":0.0,"max_drawdown_account":0.0,"max_drawdown_abs":0.0},{"key":["","grid_time_exit"],"trades":10,"profit_mean":-0.012720181509517103,"profit_mean_pct":-1.27,"profit_total_abs":-50.23998334,"profit_total":-0.05023998334,"profit_total_pct":-5.02,"duration_avg":"8:16:00","wins":0,"draws":0,"losses":10,"winrate":0.0,"cagr":-0.48928223016916916,"expectancy":-5.023998334,"expectancy_ratio":-1.0,"sortino":-21.295195862243705,"sharpe":-21.295195862243705,"calmar":-68.2320470519386,"sqn":-9.363,"profit_factor":0.0,"max_drawdown_account":0.05023998333999998,"max_drawdown_abs":50.23998334},{"key":"TOTAL","trades":29,"profit_mean":-0.001986557323769974,"profit_mean_pct":-0.2,"profit_total_abs":-19.21818242,"profit_total":-0.01921818242,"profit_total_pct":-1.92,"duration_avg":"5:32:00","wins":16,"draws":0,"losses":13,"winrate":0.5517241379310345,"cagr":-0.2235020876972269,"expectancy":-0.6626959455172414,"expectancy_ratio":-0.1291960827244738,"sortino":-3.6597002536811414,"sharpe":-2.7453075568338807,"calmar":-58.98529750300656,"sqn":-0.7341,"profit_factor":0.7117933539223279,"max_drawdown_account":0.022230894521933036,"max_drawdown_abs":22.29939258}],"left_open_trades":[{"key":"TOTAL","trades":0,"profit_mean":0.0,"profit_mean_pct":0.0,"profit_total_abs":0.0,"profit_total":0.0,"profit_total_pct":0.0,"duration_avg":"0:00","wins":0,"draws":0,"losses":0,"winrate":0.0,"cagr":0.0,"expectancy":0.0,"expectancy_ratio":100.0,"sortino":0,"sharpe":0,"calmar":0,"sqn":0.0,"profit_factor":0.0,"max_drawdown_account":0.0,"max_drawdown_abs":0.0}],"total_trades":29,"trade_count_long":29,"trade_count_short":0,"total_volume":22714.024136794178,"avg_stake_amount":391.1699940275862,"profit_mean":-0.001986557323769974,"profit_median":0.004995004982155867,"profit_total":-0.01921818242,"profit_total_long":-0.01921818242,"profit_total_short":0.0,"profit_total_abs":-19.21818242,"profit_total_long_abs":-19.21818242,"profit_total_short_abs":0.0,"cagr":-0.2235020876972269,"expectancy":-0.6626959455172414,"expectancy_ratio":-0.1291960827244738,"sortino":-3.6597002536811414,"sharpe":-2.7453075568338807,"calmar":-58.98529750300656,"sqn":-0.7341,"profit_factor":0.7117933539223279,"backtest_start":"2025-07-28 01:00:00","backtest_start_ts":1753664400000,"backtest_end":"2025-08-26 00:00:00","backtest_end_ts":1756166400000,"backtest_days":28,"backtest_run_start_ts":1756218504,"backtest_run_end_ts":1756218504,"trades_per_day":1.04,"market_change":0.026535963815099102,"pairlist":["BTC/USDT","ETH/USDT"],"stake_amount":"unlimited","stake_currency":"USDT","stake_currency_decimals":3,"starting_balance":1000,"dry_run_wallet":1000,"final_balance":980.78181758,"rejected_signals":0,"timedout_entry_orders":0,"timedout_exit_orders":0,"canceled_trade_entries":0,"canceled_entry_orders":0,"replaced_entry_orders":0,"max_open_trades":2,"max_open_trades_setting":3,"timeframe":"15m","timeframe_detail":"","timerange":"20250728-20250826","enable_protections":false,"strategy_name":"GridTradingStrategy","stoploss":-0.12,"trailing_stop":false,"trailing_stop_positive":null,"trailing_stop_positive_offset":0.0,"trailing_only_offset_is_reached":false,"use_custom_stoploss":false,"minimal_roi":{"0":0.025,"30":0.02,"60":0.015,"120":0.01,"240":0.005},"use_exit_signal":true,"exit_profit_only":false,"exit_profit_offset":0.0,"ignore_roi_if_entry_signal":false,"trading_mode":"spot","margin_mode":"","periodic_breakdown":{"day":[{"date":"29/07/2025","date_ts":1753747200000,"profit_abs":-5.98057292,"wins":0,"draws":0,"losses":1,"trades":1,"profit_factor":0.0},{"date":"30/07/2025","date_ts":1753833600000,"profit_abs":0.0,"wins":0,"draws":0,"losses":0,"trades":0,"profit_factor":0.0},{"date":"31/07/2025","date_ts":1753920000000,"profit_abs":0.0,"wins":0,"draws":0,"losses":0,"trades":0,"profit_factor":0.0},{"date":"01/08/2025","date_ts":1754006400000,"profit_abs":-4.52047775,"wins":0,"draws":0,"losses":1,"trades":1,"profit_factor":0.0},{"date":"02/08/2025","date_ts":1754092800000,"profit_abs":0.0,"wins":0,"draws":0,"losses":0,"trades":0,"profit_factor":0.0},{"date":"03/08/2025","date_ts":1754179200000,"profit_abs":2.67940573,"wins":1,"draws":0,"losses":0,"trades":1,"profit_factor":0.0},{"date":"04/08/2025","date_ts":1754265600000,"profit_abs":0.0,"wins":0,"draws":0,"losses":0,"trades":0,"profit_factor":0.0},{"date":"05/08/2025","date_ts":1754352000000,"profit_abs":-9.74088998,"wins":0,"draws":0,"losses":3,"trades":3,"profit_factor":0.0},{"date":"06/08/2025","date_ts":1754438400000,"profit_abs":7.71764271,"wins":3,"draws":0,"losses":0,"trades":3,"profit_factor":0.0},{"date":"07/08/2025","date_ts":1754524800000,"profit_abs":0.0,"wins":0,"draws":0,"losses":0,"trades":0,"profit_factor":0.0},{"date":"08/08/2025","date_ts":1754611200000,"profit_abs":1.95924437,"wins":1,"draws":0,"losses":0,"trades":1,"profit_factor":0.0},{"date":"09/08/2025","date_ts":1754697600000,"profit_abs":6.03601207,"wins":2,"draws":0,"losses":0,"trades":2,"profit_factor":0.0},{"date":"10/08/2025","date_ts":1754784000000,"profit_abs":-2.62102132,"wins":1,"draws":0,"losses":1,"trades":2,"profit_factor":0.54684923},{"date":"11/08/2025","date_ts":1754870400000,"profit_abs":-7.20124031,"wins":0,"draws":0,"losses":2,"trades":2,"profit_factor":0.0},{"date":"12/08/2025","date_ts":1754956800000,"profit_abs":5.87242662,"wins":2,"draws":0,"losses":0,"trades":2,"profit_factor":0.0},{"date":"13/08/2025","date_ts":1755043200000,"profit_abs":5.89876884,"wins":1,"draws":0,"losses":0,"trades":1,"profit_factor":0.0},{"date":"14/08/2025","date_ts":1755129600000,"profit_abs":2.9819121,"wins":1,"draws":0,"losses":0,"trades":1,"profit_factor":0.0},{"date":"15/08/2025","date_ts":1755216000000,"profit_abs":0.0,"wins":0,"draws":0,"losses":0,"trades":0,"profit_factor":0.0},{"date":"16/08/2025","date_ts":1755302400000,"profit_abs":-4.02110912,"wins":0,"draws":0,"losses":1,"trades":1,"profit_factor":0.0},{"date":"17/08/2025","date_ts":1755388800000,"profit_abs":0.40348175,"wins":1,"draws":0,"losses":0,"trades":1,"profit_factor":0.0},{"date":"18/08/2025","date_ts":1755475200000,"profit_abs":0.0,"wins":0,"draws":0,"losses":0,"trades":0,"profit_factor":0.0},{"date":"19/08/2025","date_ts":1755561600000,"profit_abs":-7.7048495,"wins":0,"draws":0,"losses":1,"trades":1,"profit_factor":0.0},{"date":"20/08/2025","date_ts":1755648000000,"profit_abs":6.81066061,"wins":2,"draws":0,"losses":0,"trades":2,"profit_factor":0.0},{"date":"21/08/2025","date_ts":1755734400000,"profit_abs":-2.57222626,"wins":0,"draws":0,"losses":1,"trades":1,"profit_factor":0.0},{"date":"22/08/2025","date_ts":1755820800000,"profit_abs":3.94124451,"wins":1,"draws":0,"losses":0,"trades":1,"profit_factor":0.0},{"date":"23/08/2025","date_ts":1755907200000,"profit_abs":-4.00028561,"wins":0,"draws":0,"losses":1,"trades":1,"profit_factor":0.0},{"date":"24/08/2025","date_ts":1755993600000,"profit_abs":0.0,"wins":0,"draws":0,"losses":0,"trades":0,"profit_factor":0.0},{"date":"25/08/2025","date_ts":1756080000000,"profit_abs":-15.15630896,"wins":0,"draws":0,"losses":1,"trades":1,"profit_factor":0.0}],"week":[{"date":"04/08/2025","date_ts":1754265600000,"profit_abs":-7.82164494,"wins":1,"draws":0,"losses":2,"trades":3,"profit_factor":0.25515597},{"date":"11/08/2025","date_ts":1754870400000,"profit_abs":-3.85025246,"wins":7,"draws":0,"losses":6,"trades":13,"profit_factor":0.83058033},{"date":"18/08/2025","date_ts":1755475200000,"profit_abs":11.13548019,"wins":5,"draws":0,"losses":1,"trades":6,"profit_factor":3.76925591},{"date":"25/08/2025","date_ts":1756080000000,"profit_abs":-18.68176521,"wins":3,"draws":0,"losses":4,"trades":7,"profit_factor":0.36529271}],"month":[{"date":"31/07/2025","date_ts":1753920000000,"profit_abs":-5.98057292,"wins":0,"draws":0,"losses":1,"trades":1,"profit_factor":0.0},{"date":"31/08/2025","date_ts":1756598400000,"profit_abs":-13.2376095,"wins":16,"draws":0,"losses":12,"trades":28,"profit_factor":0.78192243}],"year":[{"date":"31/12/2025","date_ts":1767139200000,"profit_abs":-19.21818242,"wins":16,"draws":0,"losses":13,"trades":29,"profit_factor":0.71179335}]},"backtest_best_day":0.019805524601914575,"backtest_worst_day":-0.048028752704982434,"backtest_best_day_abs":7.71764271,"backtest_worst_day_abs":-15.15630896,"winning_days":10,"draw_days":8,"losing_days":10,"daily_profit":[["2025-07-29",-5.98057292],["2025-07-30",0.0],["2025-07-31",0.0],["2025-08-01",-4.52047775],["2025-08-02",0.0],["2025-08-03",2.67940573],["2025-08-04",0.0],["2025-08-05",-9.74088998],["2025-08-06",7.71764271],["2025-08-07",0.0],["2025-08-08",1.95924437],["2025-08-09",6.03601207],["2025-08-10",-2.62102132],["2025-08-11",-7.20124031],["2025-08-12",5.87242662],["2025-08-13",5.89876884],["2025-08-14",2.9819121],["2025-08-15",0.0],["2025-08-16",-4.02110912],["2025-08-17",0.40348175],["2025-08-18",0.0],["2025-08-19",-7.7048495],["2025-08-20",6.81066061],["2025-08-21",-2.57222626],["2025-08-22",3.94124451],["2025-08-23",-4.00028561],["2025-08-24",0.0],["2025-08-25",-15.15630896]],"wins":16,"losses":13,"draws":0,"winrate":0.5517241379310345,"holding_avg":"5:32:00","holding_avg_s":19920.0,"winner_holding_min":"0d 01:15","winner_holding_min_s":4500.0,"winner_holding_max":"0d 06:00","winner_holding_max_s":21600.0,"winner_holding_avg":"0d 03:13","winner_holding_avg_s":11580.0,"loser_holding_min":"0d 06:15","loser_holding_min_s":22500.0,"loser_holding_max":"0d 12:15","loser_holding_max_s":44100.0,"loser_holding_avg":"0d 08:23","loser_holding_avg_s":30180.0,"max_consecutive_wins":6,"max_consecutive_losses":3,"max_drawdown_account":0.022230894521933036,"max_relative_drawdown":0.022230894521933036,"max_drawdown_abs":22.29939258,"drawdown_start":"2025-08-14 07:00:00","drawdown_start_ts":1755154800000.0,"drawdown_end":"2025-08-25 08:15:00","drawdown_end_ts":1756109700000.0,"max_drawdown_low":-19.218182419999998,"max_drawdown_high":3.0812101600000017,"csum_min":980.78181758,"csum_max":1003.08121016}},"strategy_comparison":[{"key":"GridTradingStrategy","trades":29,"profit_mean":-0.001986557323769974,"profit_mean_pct":-0.2,"profit_total_abs":-19.21818242,"profit_total":-0.01921818242,"profit_total_pct":-1.92,"duration_avg":"5:32:00","wins":16,"draws":0,"losses":13,"winrate":0.5517241379310345,"cagr":-0.2235020876972269,"expectancy":-0.6626959455172414,"expectancy_ratio":-0.1291960827244738,"sortino":-3.6597002536811414,"sharpe":-2.7453075568338807,"calmar":-58.98529750300656,"sqn":-0.7341,"profit_factor":0.7117933539223279,"max_drawdown_account":0.022230894521933036,"max_drawdown_abs":"22.299"}]}