{"strategy":{"VATSMStrategy":{"trades":[{"pair":"ETH/USDT","stake_amount":84720.382331,"max_stake_amount":84720.382331,"amount":34.6039,"open_date":"2025-06-29 10:00:00+00:00","close_date":"2025-06-29 13:45:00+00:00","open_rate":2448.29,"close_rate":2450.01,"fee_open":0.001,"fee_close":0.001,"trade_duration":225,"profit_ratio":-0.001296874502254584,"profit_abs":-109.98157537,"exit_reason":"exit_signal","initial_stop_loss_abs":1224.15,"initial_stop_loss_ratio":-0.5,"stop_loss_abs":1231.94,"stop_loss_ratio":-0.5,"min_rate":2446.27,"max_rate":2463.88,"is_open":false,"enter_tag":"","leverage":1.0,"is_short":false,"open_timestamp":1751191200000,"close_timestamp":1751204700000,"orders":[{"amount":34.6039,"safe_price":2448.29,"ft_order_side":"buy","order_filled_timestamp":1751191200000,"ft_is_entry":true,"ft_order_tag":"","cost":84805.102713331},{"amount":34.6039,"safe_price":2450.01,"ft_order_side":"sell","order_filled_timestamp":1751204700000,"ft_is_entry":false,"ft_order_tag":"exit_signal","cost":84864.680940039}],"funding_fees":0.0},{"pair":"ETH/USDT","stake_amount":25924.64286,"max_stake_amount":25924.64286,"amount":10.3996,"open_date":"2025-06-29 22:45:00+00:00","close_date":"2025-06-30 06:00:00+00:00","open_rate":2492.85,"close_rate":2503.07,"fee_open":0.001,"fee_close":0.001,"trade_duration":435,"profit_ratio":0.0020935319570183773,"profit_abs":54.32834237,"exit_reason":"exit_signal","initial_stop_loss_abs":1246.43,"initial_stop_loss_ratio":-0.5,"stop_loss_abs":1262.5,"stop_loss_ratio":-0.5,"min_rate":2490.85,"max_rate":2525.0,"is_open":false,"enter_tag":"","leverage":1.0,"is_short":false,"open_timestamp":1751237100000,"close_timestamp":1751263200000,"orders":[{"amount":10.3996,"safe_price":2492.85,"ft_order_side":"buy","order_filled_timestamp":1751237100000,"ft_is_entry":true,"ft_order_tag":"","cost":25950.567502859994},{"amount":10.3996,"safe_price":2503.07,"ft_order_side":"sell","order_filled_timestamp":1751263200000,"ft_is_entry":false,"ft_order_tag":"exit_signal","cost":26056.957698771996}],"funding_fees":0.0},{"pair":"ETH/USDT","stake_amount":34248.726785,"max_stake_amount":34248.726785,"amount":13.7215,"open_date":"2025-06-30 19:15:00+00:00","close_date":"2025-06-30 23:00:00+00:00","open_rate":2495.99,"close_rate":2490.44,"fee_open":0.001,"fee_close":0.001,"trade_duration":225,"profit_ratio":-0.0042171259084644265,"profit_abs":-144.57562425,"exit_reason":"exit_signal","initial_stop_loss_abs":1248.0,"initial_stop_loss_ratio":-0.5,"stop_loss_abs":1261.09,"stop_loss_ratio":-0.5,"min_rate":2482.54,"max_rate":2522.17,"is_open":false,"enter_tag":"","leverage":1.0,"is_short":false,"open_timestamp":1751310900000,"close_timestamp":1751324400000,"orders":[{"amount":13.7215,"safe_price":2495.99,"ft_order_side":"buy","order_filled_timestamp":1751310900000,"ft_is_entry":true,"ft_order_tag":"","cost":34282.97551178499},{"amount":13.7215,"safe_price":2490.44,"ft_order_side":"sell","order_filled_timestamp":1751324400000,"ft_is_entry":false,"ft_order_tag":"exit_signal","cost":34206.74503246}],"funding_fees":0.0},{"pair":"ETH/USDT","stake_amount":38822.761024,"max_stake_amount":38822.761024,"amount":15.8362,"open_date":"2025-07-02 07:00:00+00:00","close_date":"2025-07-02 07:15:00+00:00","open_rate":2451.52,"close_rate":2442.8,"fee_open":0.001,"fee_close":0.001,"trade_duration":15,"profit_ratio":-0.005547872046920664,"profit_abs":-215.59909438,"exit_reason":"exit_signal","initial_stop_loss_abs":1225.76,"initial_stop_loss_ratio":-0.5,"stop_loss_abs":1227.35,"stop_loss_ratio":-0.5,"min_rate":2441.98,"max_rate":2454.7,"is_open":false,"enter_tag":"","leverage":1.0,"is_short":false,"open_timestamp":1751439600000,"close_timestamp":1751440500000,"orders":[{"amount":15.8362,"safe_price":2451.52,"ft_order_side":"buy","order_filled_timestamp":1751439600000,"ft_is_entry":true,"ft_order_tag":"","cost":38861.583785024},{"amount":15.8362,"safe_price":2442.8,"ft_order_side":"sell","order_filled_timestamp":1751440500000,"ft_is_entry":false,"ft_order_tag":"exit_signal","cost":38723.354029359994}],"funding_fees":0.0},{"pair":"ETH/USDT","stake_amount":37253.54244,"max_stake_amount":37253.54244,"amount":15.2466,"open_date":"2025-07-02 07:30:00+00:00","close_date":"2025-07-02 08:30:00+00:00","open_rate":2443.4,"close_rate":2451.51,"fee_open":0.001,"fee_close":0.001,"trade_duration":60,"profit_ratio":0.0013145117957010846,"profit_abs":49.01919119,"exit_reason":"exit_signal","initial_stop_loss_abs":1221.7,"initial_stop_loss_ratio":-0.5,"stop_loss_abs":1227.94,"stop_loss_ratio":-0.5,"min_rate":2442.9,"max_rate":2455.88,"is_open":false,"enter_tag":"","leverage":1.0,"is_short":false,"open_timestamp":1751441400000,"close_timestamp":1751445000000,"orders":[{"amount":15.2466,"safe_price":2443.4,"ft_order_side":"buy","order_filled_timestamp":1751441400000,"ft_is_entry":true,"ft_order_tag":"","cost":37290.79598244},{"amount":15.2466,"safe_price":2451.51,"ft_order_side":"sell","order_filled_timestamp":1751445000000,"ft_is_entry":false,"ft_order_tag":"exit_signal","cost":37414.569558366}],"funding_fees":0.0},{"pair":"ETH/USDT","stake_amount":43559.054198,"max_stake_amount":43559.054198,"amount":17.7742,"open_date":"2025-07-02 09:15:00+00:00","close_date":"2025-07-02 09:30:00+00:00","open_rate":2450.69,"close_rate":2448.85,"fee_open":0.001,"fee_close":0.001,"trade_duration":15,"profit_ratio":-0.002747310836099059,"profit_abs":-119.78993187,"exit_reason":"exit_signal","initial_stop_loss_abs":1225.35,"initial_stop_loss_ratio":-0.5,"stop_loss_abs":1226.58,"stop_loss_ratio":-0.5,"min_rate":2446.2,"max_rate":2453.15,"is_open":false,"enter_tag":"","leverage":1.0,"is_short":false,"open_timestamp":1751447700000,"close_timestamp":1751448600000,"orders":[{"amount":17.7742,"safe_price":2450.69,"ft_order_side":"buy","order_filled_timestamp":1751447700000,"ft_is_entry":true,"ft_order_tag":"","cost":43602.613252198},{"amount":17.7742,"safe_price":2448.85,"ft_order_side":"sell","order_filled_timestamp":1751448600000,"ft_is_entry":false,"ft_order_tag":"exit_signal","cost":43569.87601966999}],"funding_fees":0.0},{"pair":"ETH/USDT","stake_amount":34677.348068,"max_stake_amount":34677.348068,"amount":13.9172,"open_date":"2025-07-02 15:15:00+00:00","close_date":"2025-07-02 17:00:00+00:00","open_rate":2491.69,"close_rate":2571.58,"fee_open":0.001,"fee_close":0.001,"trade_duration":105,"profit_ratio":0.03000051291383164,"profit_abs":1041.37856676,"exit_reason":"trailing_stop_loss","initial_stop_loss_abs":1245.85,"initial_stop_loss_ratio":-0.5,"stop_loss_abs":2571.58,"stop_loss_ratio":-9.264000000000147e-05,"min_rate":2486.3,"max_rate":2571.81,"is_open":false,"enter_tag":"","leverage":1.0,"is_short":false,"open_timestamp":1751469300000,"close_timestamp":1751475600000,"orders":[{"amount":13.9172,"safe_price":2491.69,"ft_order_side":"buy","order_filled_timestamp":1751469300000,"ft_is_entry":true,"ft_order_tag":"","cost":34712.025416068},{"amount":13.9172,"safe_price":2571.58,"ft_order_side":"sell","order_filled_timestamp":1751475600000,"ft_is_entry":false,"ft_order_tag":"trailing_stop_loss","cost":35824.982369175996}],"funding_fees":0.0},{"pair":"ETH/USDT","stake_amount":24593.627808,"max_stake_amount":24593.627808,"amount":9.5913,"open_date":"2025-07-02 17:15:00+00:00","close_date":"2025-07-03 03:30:00+00:00","open_rate":2564.16,"close_rate":2568.03,"fee_open":0.001,"fee_close":0.001,"trade_duration":615,"profit_ratio":-0.0004917513225545762,"profit_abs":-12.10604295,"exit_reason":"exit_signal","initial_stop_loss_abs":1282.08,"initial_stop_loss_ratio":-0.5,"stop_loss_abs":1309.64,"stop_loss_ratio":-0.5,"min_rate":2552.28,"max_rate":2619.28,"is_open":false,"enter_tag":"","leverage":1.0,"is_short":false,"open_timestamp":1751476500000,"close_timestamp":1751513400000,"orders":[{"amount":9.5913,"safe_price":2564.16,"ft_order_side":"buy","order_filled_timestamp":1751476500000,"ft_is_entry":true,"ft_order_tag":"","cost":24618.221435808},{"amount":9.5913,"safe_price":2568.03,"ft_order_side":"sell","order_filled_timestamp":1751513400000,"ft_is_entry":false,"ft_order_tag":"exit_signal","cost":24655.376885139}],"funding_fees":0.0},{"pair":"ETH/USDT","stake_amount":46510.817031,"max_stake_amount":46510.817031,"amount":17.9011,"open_date":"2025-07-03 06:45:00+00:00","close_date":"2025-07-03 12:30:00+00:00","open_rate":2598.21,"close_rate":2600.77,"fee_open":0.001,"fee_close":0.001,"trade_duration":345,"profit_ratio":-0.001014676895422337,"profit_abs":-47.24064488,"exit_reason":"exit_signal","initial_stop_loss_abs":1299.11,"initial_stop_loss_ratio":-0.5,"stop_loss_abs":1308.48,"stop_loss_ratio":-0.5,"min_rate":2565.46,"max_rate":2616.96,"is_open":false,"enter_tag":"","leverage":1.0,"is_short":false,"open_timestamp":1751525100000,"close_timestamp":1751545800000,"orders":[{"amount":17.9011,"safe_price":2598.21,"ft_order_side":"buy","order_filled_timestamp":1751525100000,"ft_is_entry":true,"ft_order_tag":"","cost":46557.327848031},{"amount":17.9011,"safe_price":2600.77,"ft_order_side":"sell","order_filled_timestamp":1751545800000,"ft_is_entry":false,"ft_order_tag":"exit_signal","cost":46603.200490847}],"funding_fees":0.0},{"pair":"ETH/USDT","stake_amount":44540.971606,"max_stake_amount":44540.971606,"amount":17.4358,"open_date":"2025-07-06 14:15:00+00:00","close_date":"2025-07-06 18:45:00+00:00","open_rate":2554.57,"close_rate":2528.37,"fee_open":0.001,"fee_close":0.001,"trade_duration":270,"profit_ratio":-0.012233639442870509,"profit_abs":-545.44308525,"exit_reason":"exit_signal","initial_stop_loss_abs":1277.29,"initial_stop_loss_ratio":-0.5,"stop_loss_abs":1283.75,"stop_loss_ratio":-0.5,"min_rate":2523.33,"max_rate":2567.5,"is_open":false,"enter_tag":"","leverage":1.0,"is_short":false,"open_timestamp":1751811300000,"close_timestamp":1751827500000,"orders":[{"amount":17.4358,"safe_price":2554.57,"ft_order_side":"buy","order_filled_timestamp":1751811300000,"ft_is_entry":true,"ft_order_tag":"","cost":44585.512577606},{"amount":17.4358,"safe_price":2528.37,"ft_order_side":"sell","order_filled_timestamp":1751827500000,"ft_is_entry":false,"ft_order_tag":"exit_signal","cost":44128.23779964599}],"funding_fees":0.0},{"pair":"ETH/USDT","stake_amount":51165.05817,"max_stake_amount":51165.05817,"amount":20.1354,"open_date":"2025-07-06 20:00:00+00:00","close_date":"2025-07-06 20:30:00+00:00","open_rate":2541.05,"close_rate":2545.88,"fee_open":0.001,"fee_close":0.001,"trade_duration":30,"profit_ratio":-0.0001010107343712632,"profit_abs":-5.17338832,"exit_reason":"exit_signal","initial_stop_loss_abs":1270.53,"initial_stop_loss_ratio":-0.5,"stop_loss_abs":1274.86,"stop_loss_ratio":-0.5,"min_rate":2540.06,"max_rate":2549.72,"is_open":false,"enter_tag":"","leverage":1.0,"is_short":false,"open_timestamp":1751832000000,"close_timestamp":1751833800000,"orders":[{"amount":20.1354,"safe_price":2541.05,"ft_order_side":"buy","order_filled_timestamp":1751832000000,"ft_is_entry":true,"ft_order_tag":"","cost":51216.22322817},{"amount":20.1354,"safe_price":2545.88,"ft_order_side":"sell","order_filled_timestamp":1751833800000,"ft_is_entry":false,"ft_order_tag":"exit_signal","cost":51313.574464152}],"funding_fees":0.0},{"pair":"ETH/USDT","stake_amount":28850.608668,"max_stake_amount":28850.608668,"amount":11.1134,"open_date":"2025-07-06 21:45:00+00:00","close_date":"2025-07-07 01:00:00+00:00","open_rate":2596.02,"close_rate":2561.42,"fee_open":0.001,"fee_close":0.001,"trade_duration":195,"profit_ratio":-0.01529946698333674,"profit_abs":-441.8403337,"exit_reason":"exit_signal","initial_stop_loss_abs":1298.01,"initial_stop_loss_ratio":-0.5,"stop_loss_abs":1302.5,"stop_loss_ratio":-0.5,"min_rate":2553.02,"max_rate":2605.0,"is_open":false,"enter_tag":"","leverage":1.0,"is_short":false,"open_timestamp":1751838300000,"close_timestamp":1751850000000,"orders":[{"amount":11.1134,"safe_price":2596.02,"ft_order_side":"buy","order_filled_timestamp":1751838300000,"ft_is_entry":true,"ft_order_tag":"","cost":28879.459276667996},{"amount":11.1134,"safe_price":2561.42,"ft_order_side":"sell","order_filled_timestamp":1751850000000,"ft_is_entry":false,"ft_order_tag":"exit_signal","cost":28494.551113028}],"funding_fees":0.0},{"pair":"ETH/USDT","stake_amount":51606.207692,"max_stake_amount":51606.207692,"amount":20.0083,"open_date":"2025-07-08 11:15:00+00:00","close_date":"2025-07-08 15:30:00+00:00","open_rate":2579.24,"close_rate":2559.89,"fee_open":0.001,"fee_close":0.001,"trade_duration":255,"profit_ratio":-0.009485222520864775,"profit_abs":-489.98585978,"exit_reason":"exit_signal","initial_stop_loss_abs":1289.62,"initial_stop_loss_ratio":-0.5,"stop_loss_abs":1300.31,"stop_loss_ratio":-0.5,"min_rate":2557.86,"max_rate":2600.62,"is_open":false,"enter_tag":"","leverage":1.0,"is_short":false,"open_timestamp":1751973300000,"close_timestamp":1751988600000,"orders":[{"amount":20.0083,"safe_price":2579.24,"ft_order_side":"buy","order_filled_timestamp":1751973300000,"ft_is_entry":true,"ft_order_tag":"","cost":51657.81389969198},{"amount":20.0083,"safe_price":2559.89,"ft_order_side":"sell","order_filled_timestamp":1751988600000,"ft_is_entry":false,"ft_order_tag":"exit_signal","cost":51270.26613408699}],"funding_fees":0.0},{"pair":"ETH/USDT","stake_amount":24303.37378,"max_stake_amount":24303.37378,"amount":9.2981,"open_date":"2025-07-08 17:15:00+00:00","close_date":"2025-07-09 00:30:00+00:00","open_rate":2613.8,"close_rate":2604.13,"fee_open":0.001,"fee_close":0.001,"trade_duration":435,"profit_ratio":-0.0056902046609283875,"profit_abs":-138.42946193,"exit_reason":"exit_signal","initial_stop_loss_abs":1306.9,"initial_stop_loss_ratio":-0.5,"stop_loss_abs":1314.11,"stop_loss_ratio":-0.5,"min_rate":2596.85,"max_rate":2628.21,"is_open":false,"enter_tag":"","leverage":1.0,"is_short":false,"open_timestamp":1751994900000,"close_timestamp":1752021000000,"orders":[{"amount":9.2981,"safe_price":2613.8,"ft_order_side":"buy","order_filled_timestamp":1751994900000,"ft_is_entry":true,"ft_order_tag":"","cost":24327.677153779998},{"amount":9.2981,"safe_price":2604.13,"ft_order_side":"sell","order_filled_timestamp":1752021000000,"ft_is_entry":false,"ft_order_tag":"exit_signal","cost":24237.674614153}],"funding_fees":0.0},{"pair":"ETH/USDT","stake_amount":32847.999675,"max_stake_amount":32847.999675,"amount":12.5171,"open_date":"2025-07-09 06:45:00+00:00","close_date":"2025-07-09 09:15:00+00:00","open_rate":2624.25,"close_rate":2606.9,"fee_open":0.001,"fee_close":0.001,"trade_duration":150,"profit_ratio":-0.008596205166805931,"profit_abs":-282.65051267,"exit_reason":"exit_signal","initial_stop_loss_abs":1312.13,"initial_stop_loss_ratio":-0.5,"stop_loss_abs":1317.25,"stop_loss_ratio":-0.5,"min_rate":2604.37,"max_rate":2634.5,"is_open":false,"enter_tag":"","leverage":1.0,"is_short":false,"open_timestamp":1752043500000,"close_timestamp":1752052500000,"orders":[{"amount":12.5171,"safe_price":2624.25,"ft_order_side":"buy","order_filled_timestamp":1752043500000,"ft_is_entry":true,"ft_order_tag":"","cost":32880.847674674995},{"amount":12.5171,"safe_price":2606.9,"ft_order_side":"sell","order_filled_timestamp":1752052500000,"ft_is_entry":false,"ft_order_tag":"exit_signal","cost":32663.458817989995}],"funding_fees":0.0},{"pair":"ETH/USDT","stake_amount":34099.338,"max_stake_amount":34099.338,"amount":12.8193,"open_date":"2025-07-09 13:00:00+00:00","close_date":"2025-07-09 19:30:00+00:00","open_rate":2660.0,"close_rate":2744.58,"fee_open":0.001,"fee_close":0.001,"trade_duration":390,"profit_ratio":0.029735460028810293,"profit_abs":1014.97346161,"exit_reason":"trailing_stop_loss","initial_stop_loss_abs":1330.0,"initial_stop_loss_ratio":-0.5,"stop_loss_abs":2744.58,"stop_loss_ratio":-0.007160440000000004,"min_rate":2629.51,"max_rate":2764.37,"is_open":false,"enter_tag":"","leverage":1.0,"is_short":false,"open_timestamp":1752066000000,"close_timestamp":1752089400000,"orders":[{"amount":12.8193,"safe_price":2660.0,"ft_order_side":"buy","order_filled_timestamp":1752066000000,"ft_is_entry":true,"ft_order_tag":"","cost":34133.437337999996},{"amount":12.8193,"safe_price":2744.58,"ft_order_side":"sell","order_filled_timestamp":1752089400000,"ft_is_entry":false,"ft_order_tag":"trailing_stop_loss","cost":35218.777988393995}],"funding_fees":0.0},{"pair":"ETH/USDT","stake_amount":20737.982355,"max_stake_amount":20737.982355,"amount":7.5065,"open_date":"2025-07-09 19:45:00+00:00","close_date":"2025-07-10 11:30:00+00:00","open_rate":2762.67,"close_rate":2780.2,"fee_open":0.001,"fee_close":0.001,"trade_duration":945,"profit_ratio":0.004334630935225803,"profit_abs":89.98139135,"exit_reason":"exit_signal","initial_stop_loss_abs":1381.34,"initial_stop_loss_ratio":-0.5,"stop_loss_abs":1411.59,"stop_loss_ratio":-0.5,"min_rate":2731.72,"max_rate":2823.18,"is_open":false,"enter_tag":"","leverage":1.0,"is_short":false,"open_timestamp":1752090300000,"close_timestamp":1752147000000,"orders":[{"amount":7.5065,"safe_price":2762.67,"ft_order_side":"buy","order_filled_timestamp":1752090300000,"ft_is_entry":true,"ft_order_tag":"","cost":20758.720337354996},{"amount":7.5065,"safe_price":2780.2,"ft_order_side":"sell","order_filled_timestamp":1752147000000,"ft_is_entry":false,"ft_order_tag":"exit_signal","cost":20890.440871299998}],"funding_fees":0.0},{"pair":"ETH/USDT","stake_amount":32708.261467,"max_stake_amount":32708.261467,"amount":11.6053,"open_date":"2025-07-10 17:45:00+00:00","close_date":"2025-07-10 21:15:00+00:00","open_rate":2818.39,"close_rate":2908.09,"fee_open":0.001,"fee_close":0.001,"trade_duration":210,"profit_ratio":0.029765089419837104,"profit_abs":974.53789166,"exit_reason":"trailing_stop_loss","initial_stop_loss_abs":1409.2,"initial_stop_loss_ratio":-0.5,"stop_loss_abs":2908.09,"stop_loss_ratio":-0.006461189999999999,"min_rate":2795.78,"max_rate":2927.0,"is_open":false,"enter_tag":"","leverage":1.0,"is_short":false,"open_timestamp":1752169500000,"close_timestamp":1752182100000,"orders":[{"amount":11.6053,"safe_price":2818.39,"ft_order_side":"buy","order_filled_timestamp":1752169500000,"ft_is_entry":true,"ft_order_tag":"","cost":32740.969728466993},{"amount":11.6053,"safe_price":2908.09,"ft_order_side":"sell","order_filled_timestamp":1752182100000,"ft_is_entry":false,"ft_order_tag":"trailing_stop_loss","cost":33783.006133876996}],"funding_fees":0.0},{"pair":"ETH/USDT","stake_amount":14220.15935,"max_stake_amount":14220.15935,"amount":4.8938,"open_date":"2025-07-10 21:30:00+00:00","close_date":"2025-07-10 21:45:00+00:00","open_rate":2905.75,"close_rate":2998.89,"fee_open":0.001,"fee_close":0.001,"trade_duration":15,"profit_ratio":0.02999164132792569,"profit_abs":426.91240477,"exit_reason":"trailing_stop_loss","initial_stop_loss_abs":1452.88,"initial_stop_loss_ratio":-0.5,"stop_loss_abs":2998.89,"stop_loss_ratio":-0.0003728800000000025,"min_rate":2894.23,"max_rate":3000.0,"is_open":false,"enter_tag":"","leverage":1.0,"is_short":false,"open_timestamp":1752183000000,"close_timestamp":1752183900000,"orders":[{"amount":4.8938,"safe_price":2905.75,"ft_order_side":"buy","order_filled_timestamp":1752183000000,"ft_is_entry":true,"ft_order_tag":"","cost":14234.379509349998},{"amount":4.8938,"safe_price":2998.89,"ft_order_side":"sell","order_filled_timestamp":1752183900000,"ft_is_entry":false,"ft_order_tag":"trailing_stop_loss","cost":14690.643849881997}],"funding_fees":0.0},{"pair":"ETH/USDT","stake_amount":12795.19185,"max_stake_amount":12795.19185,"amount":4.305,"open_date":"2025-07-10 22:00:00+00:00","close_date":"2025-07-11 11:15:00+00:00","open_rate":2972.17,"close_rate":2988.98,"fee_open":0.001,"fee_close":0.001,"trade_duration":795,"profit_ratio":0.0036464980092026996,"profit_abs":46.70429925,"exit_reason":"exit_signal","initial_stop_loss_abs":1486.09,"initial_stop_loss_ratio":-0.5,"stop_loss_abs":1520.08,"stop_loss_ratio":-0.5,"min_rate":2913.75,"max_rate":3040.15,"is_open":false,"enter_tag":"","leverage":1.0,"is_short":false,"open_timestamp":1752184800000,"close_timestamp":1752232500000,"orders":[{"amount":4.305,"safe_price":2972.17,"ft_order_side":"buy","order_filled_timestamp":1752184800000,"ft_is_entry":true,"ft_order_tag":"","cost":12807.987041849998},{"amount":4.305,"safe_price":2988.98,"ft_order_side":"sell","order_filled_timestamp":1752232500000,"ft_is_entry":false,"ft_order_tag":"exit_signal","cost":12880.426458899998}],"funding_fees":0.0},{"pair":"ETH/USDT","stake_amount":56191.653465,"max_stake_amount":56191.653465,"amount":18.8605,"open_date":"2025-07-13 13:30:00+00:00","close_date":"2025-07-13 19:00:00+00:00","open_rate":2979.33,"close_rate":2994.0,"fee_open":0.001,"fee_close":0.001,"trade_duration":330,"profit_ratio":0.0029160858375026793,"profit_abs":164.02354454,"exit_reason":"exit_signal","initial_stop_loss_abs":1489.67,"initial_stop_loss_ratio":-0.5,"stop_loss_abs":1510.16,"stop_loss_ratio":-0.5,"min_rate":2962.65,"max_rate":3020.31,"is_open":false,"enter_tag":"","leverage":1.0,"is_short":false,"open_timestamp":1752413400000,"close_timestamp":1752433200000,"orders":[{"amount":18.8605,"safe_price":2979.33,"ft_order_side":"buy","order_filled_timestamp":1752413400000,"ft_is_entry":true,"ft_order_tag":"","cost":56247.84511846499},{"amount":18.8605,"safe_price":2994.0,"ft_order_side":"sell","order_filled_timestamp":1752433200000,"ft_is_entry":false,"ft_order_tag":"exit_signal","cost":56524.80533699998}],"funding_fees":0.0},{"pair":"ETH/USDT","stake_amount":30760.985308,"max_stake_amount":30760.985308,"amount":10.1014,"open_date":"2025-07-14 03:45:00+00:00","close_date":"2025-07-14 14:45:00+00:00","open_rate":3045.22,"close_rate":3031.75,"fee_open":0.001,"fee_close":0.001,"trade_duration":660,"profit_ratio":-0.0064124899211355346,"profit_abs":-197.45176276,"exit_reason":"exit_signal","initial_stop_loss_abs":1522.61,"initial_stop_loss_ratio":-0.5,"stop_loss_abs":1541.5,"stop_loss_ratio":-0.5,"min_rate":3016.91,"max_rate":3083.0,"is_open":false,"enter_tag":"","leverage":1.0,"is_short":false,"open_timestamp":1752464700000,"close_timestamp":1752504300000,"orders":[{"amount":10.1014,"safe_price":3045.22,"ft_order_side":"buy","order_filled_timestamp":1752464700000,"ft_is_entry":true,"ft_order_tag":"","cost":30791.746293307995},{"amount":10.1014,"safe_price":3031.75,"ft_order_side":"sell","order_filled_timestamp":1752504300000,"ft_is_entry":false,"ft_order_tag":"exit_signal","cost":30655.54436945}],"funding_fees":0.0},{"pair":"ETH/USDT","stake_amount":32347.10449,"max_stake_amount":32347.10449,"amount":10.5997,"open_date":"2025-07-15 14:00:00+00:00","close_date":"2025-07-15 15:00:00+00:00","open_rate":3051.7,"close_rate":2977.94,"fee_open":0.001,"fee_close":0.001,"trade_duration":60,"profit_ratio":-0.026119844699714442,"profit_abs":-845.74624711,"exit_reason":"exit_signal","initial_stop_loss_abs":1525.85,"initial_stop_loss_ratio":-0.5,"stop_loss_abs":1532.21,"stop_loss_ratio":-0.5,"min_rate":2967.0,"max_rate":3064.41,"is_open":false,"enter_tag":"","leverage":1.0,"is_short":false,"open_timestamp":1752588000000,"close_timestamp":1752591600000,"orders":[{"amount":10.5997,"safe_price":3051.7,"ft_order_side":"buy","order_filled_timestamp":1752588000000,"ft_is_entry":true,"ft_order_tag":"","cost":32379.451594489994},{"amount":10.5997,"safe_price":2977.94,"ft_order_side":"sell","order_filled_timestamp":1752591600000,"ft_is_entry":false,"ft_order_tag":"exit_signal","cost":31596.835888618}],"funding_fees":0.0},{"pair":"ETH/USDT","stake_amount":20341.927221,"max_stake_amount":20341.927221,"amount":6.6161,"open_date":"2025-07-15 17:30:00+00:00","close_date":"2025-07-15 19:15:00+00:00","open_rate":3074.61,"close_rate":3080.99,"fee_open":0.001,"fee_close":0.001,"trade_duration":105,"profit_ratio":7.291195441887726e-05,"profit_abs":1.48465284,"exit_reason":"exit_signal","initial_stop_loss_abs":1537.31,"initial_stop_loss_ratio":-0.5,"stop_loss_abs":1548.66,"stop_loss_ratio":-0.5,"min_rate":3040.84,"max_rate":3097.32,"is_open":false,"enter_tag":"","leverage":1.0,"is_short":false,"open_timestamp":1752600600000,"close_timestamp":1752606900000,"orders":[{"amount":6.6161,"safe_price":3074.61,"ft_order_side":"buy","order_filled_timestamp":1752600600000,"ft_is_entry":true,"ft_order_tag":"","cost":20362.269148221},{"amount":6.6161,"safe_price":3080.99,"ft_order_side":"sell","order_filled_timestamp":1752606900000,"ft_is_entry":false,"ft_order_tag":"exit_signal","cost":20404.522076938996}],"funding_fees":0.0},{"pair":"ETH/USDT","stake_amount":25241.658806,"max_stake_amount":25241.658806,"amount":8.0717,"open_date":"2025-07-16 00:30:00+00:00","close_date":"2025-07-16 03:30:00+00:00","open_rate":3127.18,"close_rate":3109.7,"fee_open":0.001,"fee_close":0.001,"trade_duration":180,"profit_ratio":-0.0075765343899877454,"profit_abs":-191.4355403,"exit_reason":"exit_signal","initial_stop_loss_abs":1563.59,"initial_stop_loss_ratio":-0.5,"stop_loss_abs":1576.27,"stop_loss_ratio":-0.5,"min_rate":3103.17,"max_rate":3152.53,"is_open":false,"enter_tag":"","leverage":1.0,"is_short":false,"open_timestamp":1752625800000,"close_timestamp":1752636600000,"orders":[{"amount":8.0717,"safe_price":3127.18,"ft_order_side":"buy","order_filled_timestamp":1752625800000,"ft_is_entry":true,"ft_order_tag":"","cost":25266.900464805996},{"amount":8.0717,"safe_price":3109.7,"ft_order_side":"sell","order_filled_timestamp":1752636600000,"ft_is_entry":false,"ft_order_tag":"exit_signal","cost":25125.666055489994}],"funding_fees":0.0},{"pair":"ETH/USDT","stake_amount":32789.510229,"max_stake_amount":32789.510229,"amount":10.3879,"open_date":"2025-07-16 07:15:00+00:00","close_date":"2025-07-16 11:30:00+00:00","open_rate":3156.51,"close_rate":3156.25,"fee_open":0.001,"fee_close":0.001,"trade_duration":255,"profit_ratio":-0.0020802068758879674,"profit_abs":-68.2771736,"exit_reason":"exit_signal","initial_stop_loss_abs":1578.26,"initial_stop_loss_ratio":-0.5,"stop_loss_abs":1587.5,"stop_loss_ratio":-0.5,"min_rate":3143.81,"max_rate":3175.0,"is_open":false,"enter_tag":"","leverage":1.0,"is_short":false,"open_timestamp":1752650100000,"close_timestamp":1752665400000,"orders":[{"amount":10.3879,"safe_price":3156.51,"ft_order_side":"buy","order_filled_timestamp":1752650100000,"ft_is_entry":true,"ft_order_tag":"","cost":32822.299739229},{"amount":10.3879,"safe_price":3156.25,"ft_order_side":"sell","order_filled_timestamp":1752665400000,"ft_is_entry":false,"ft_order_tag":"exit_signal","cost":32819.59618437499}],"funding_fees":0.0},{"pair":"ETH/USDT","stake_amount":40325.329195,"max_stake_amount":40325.329195,"amount":12.7111,"open_date":"2025-07-16 13:30:00+00:00","close_date":"2025-07-16 16:30:00+00:00","open_rate":3172.45,"close_rate":3273.73,"fee_open":0.001,"fee_close":0.001,"trade_duration":180,"profit_ratio":0.02986306511337412,"profit_abs":1205.4421694,"exit_reason":"trailing_stop_loss","initial_stop_loss_abs":1586.23,"initial_stop_loss_ratio":-0.5,"stop_loss_abs":3273.73,"stop_loss_ratio":-0.004106800000000001,"min_rate":3165.48,"max_rate":3287.22,"is_open":false,"enter_tag":"","leverage":1.0,"is_short":false,"open_timestamp":1752672600000,"close_timestamp":1752683400000,"orders":[{"amount":12.7111,"safe_price":3172.45,"ft_order_side":"buy","order_filled_timestamp":1752672600000,"ft_is_entry":true,"ft_order_tag":"","cost":40365.65452419499},{"amount":12.7111,"safe_price":3273.73,"ft_order_side":"sell","order_filled_timestamp":1752683400000,"ft_is_entry":false,"ft_order_tag":"trailing_stop_loss","cost":41654.322112402995}],"funding_fees":0.0},{"pair":"ETH/USDT","stake_amount":26009.32314,"max_stake_amount":26009.32314,"amount":7.9379,"open_date":"2025-07-16 16:45:00+00:00","close_date":"2025-07-16 19:45:00+00:00","open_rate":3276.6,"close_rate":3381.58,"fee_open":0.001,"fee_close":0.001,"trade_duration":180,"profit_ratio":0.02997729243845697,"profit_abs":780.46877498,"exit_reason":"trailing_stop_loss","initial_stop_loss_abs":1638.3,"initial_stop_loss_ratio":-0.5,"stop_loss_abs":3381.58,"stop_loss_ratio":-0.0007844400000000008,"min_rate":3269.93,"max_rate":3384.23,"is_open":false,"enter_tag":"","leverage":1.0,"is_short":false,"open_timestamp":1752684300000,"close_timestamp":1752695100000,"orders":[{"amount":7.9379,"safe_price":3276.6,"ft_order_side":"buy","order_filled_timestamp":1752684300000,"ft_is_entry":true,"ft_order_tag":"","cost":26035.33246314},{"amount":7.9379,"safe_price":3381.58,"ft_order_side":"sell","order_filled_timestamp":1752695100000,"ft_is_entry":false,"ft_order_tag":"trailing_stop_loss","cost":26869.486525882}],"funding_fees":0.0},{"pair":"ETH/USDT","stake_amount":25210.408468,"max_stake_amount":25210.408468,"amount":7.4494,"open_date":"2025-07-16 20:00:00+00:00","close_date":"2025-07-17 03:30:00+00:00","open_rate":3384.22,"close_rate":3321.59,"fee_open":0.001,"fee_close":0.001,"trade_duration":450,"profit_ratio":-0.02046750608884973,"profit_abs":-516.51018301,"exit_reason":"exit_signal","initial_stop_loss_abs":1692.11,"initial_stop_loss_ratio":-0.5,"stop_loss_abs":1712.5,"stop_loss_ratio":-0.5,"min_rate":3310.77,"max_rate":3425.0,"is_open":false,"enter_tag":"","leverage":1.0,"is_short":false,"open_timestamp":1752696000000,"close_timestamp":1752723000000,"orders":[{"amount":7.4494,"safe_price":3384.22,"ft_order_side":"buy","order_filled_timestamp":1752696000000,"ft_is_entry":true,"ft_order_tag":"","cost":25235.618876467994},{"amount":7.4494,"safe_price":3321.59,"ft_order_side":"sell","order_filled_timestamp":1752723000000,"ft_is_entry":false,"ft_order_tag":"exit_signal","cost":24768.596398546}],"funding_fees":0.0},{"pair":"ETH/USDT","stake_amount":23418.322579,"max_stake_amount":23418.322579,"amount":6.8051,"open_date":"2025-07-17 07:00:00+00:00","close_date":"2025-07-17 12:00:00+00:00","open_rate":3441.29,"close_rate":3433.3,"fee_open":0.001,"fee_close":0.001,"trade_duration":300,"profit_ratio":-0.004315166771730096,"profit_abs":-101.15502141,"exit_reason":"exit_signal","initial_stop_loss_abs":1720.65,"initial_stop_loss_ratio":-0.5,"stop_loss_abs":1740.1,"stop_loss_ratio":-0.5,"min_rate":3406.38,"max_rate":3480.19,"is_open":false,"enter_tag":"","leverage":1.0,"is_short":false,"open_timestamp":1752735600000,"close_timestamp":1752753600000,"orders":[{"amount":6.8051,"safe_price":3441.29,"ft_order_side":"buy","order_filled_timestamp":1752735600000,"ft_is_entry":true,"ft_order_tag":"","cost":23441.740901578996},{"amount":6.8051,"safe_price":3433.3,"ft_order_side":"sell","order_filled_timestamp":1752753600000,"ft_is_entry":false,"ft_order_tag":"exit_signal","cost":23387.313779829998}],"funding_fees":0.0},{"pair":"ETH/USDT","stake_amount":25242.071217,"max_stake_amount":25242.071217,"amount":7.3667,"open_date":"2025-07-17 15:00:00+00:00","close_date":"2025-07-17 15:15:00+00:00","open_rate":3426.51,"close_rate":3401.95,"fee_open":0.001,"fee_close":0.001,"trade_duration":15,"profit_ratio":-0.00915132391174451,"profit_abs":-231.22936828,"exit_reason":"exit_signal","initial_stop_loss_abs":1713.26,"initial_stop_loss_ratio":-0.5,"stop_loss_abs":1716.38,"stop_loss_ratio":-0.5,"min_rate":3388.0,"max_rate":3432.76,"is_open":false,"enter_tag":"","leverage":1.0,"is_short":false,"open_timestamp":1752764400000,"close_timestamp":1752765300000,"orders":[{"amount":7.3667,"safe_price":3426.51,"ft_order_side":"buy","order_filled_timestamp":1752764400000,"ft_is_entry":true,"ft_order_tag":"","cost":25267.313288217},{"amount":7.3667,"safe_price":3401.95,"ft_order_side":"sell","order_filled_timestamp":1752765300000,"ft_is_entry":false,"ft_order_tag":"exit_signal","cost":25086.206210064993}],"funding_fees":0.0},{"pair":"ETH/USDT","stake_amount":24558.538176,"max_stake_amount":24558.538176,"amount":7.1718,"open_date":"2025-07-17 15:45:00+00:00","close_date":"2025-07-17 16:15:00+00:00","open_rate":3424.32,"close_rate":3406.8,"fee_open":0.001,"fee_close":0.001,"trade_duration":30,"profit_ratio":-0.007104123798987942,"profit_abs":-174.64136242,"exit_reason":"exit_signal","initial_stop_loss_abs":1712.16,"initial_stop_loss_ratio":-0.5,"stop_loss_abs":1715.16,"stop_loss_ratio":-0.5,"min_rate":3380.0,"max_rate":3430.31,"is_open":false,"enter_tag":"","leverage":1.0,"is_short":false,"open_timestamp":1752767100000,"close_timestamp":1752768900000,"orders":[{"amount":7.1718,"safe_price":3424.32,"ft_order_side":"buy","order_filled_timestamp":1752767100000,"ft_is_entry":true,"ft_order_tag":"","cost":24583.096714175997},{"amount":7.1718,"safe_price":3406.8,"ft_order_side":"sell","order_filled_timestamp":1752768900000,"ft_is_entry":false,"ft_order_tag":"exit_signal","cost":24457.321128239997}],"funding_fees":0.0},{"pair":"ETH/USDT","stake_amount":26969.108656,"max_stake_amount":26969.108656,"amount":7.8764,"open_date":"2025-07-17 18:00:00+00:00","close_date":"2025-07-17 19:45:00+00:00","open_rate":3424.04,"close_rate":3443.25,"fee_open":0.001,"fee_close":0.001,"trade_duration":105,"profit_ratio":0.003601120202997711,"profit_abs":97.21612104,"exit_reason":"exit_signal","initial_stop_loss_abs":1712.02,"initial_stop_loss_ratio":-0.5,"stop_loss_abs":1727.77,"stop_loss_ratio":-0.5,"min_rate":3403.69,"max_rate":3455.54,"is_open":false,"enter_tag":"","leverage":1.0,"is_short":false,"open_timestamp":1752775200000,"close_timestamp":1752781500000,"orders":[{"amount":7.8764,"safe_price":3424.04,"ft_order_side":"buy","order_filled_timestamp":1752775200000,"ft_is_entry":true,"ft_order_tag":"","cost":26996.077764655998},{"amount":7.8764,"safe_price":3443.25,"ft_order_side":"sell","order_filled_timestamp":1752781500000,"ft_is_entry":false,"ft_order_tag":"exit_signal","cost":27147.534714299996}],"funding_fees":0.0},{"pair":"ETH/USDT","stake_amount":18632.861016,"max_stake_amount":18632.861016,"amount":5.1681,"open_date":"2025-07-18 02:15:00+00:00","close_date":"2025-07-18 10:15:00+00:00","open_rate":3605.36,"close_rate":3617.0,"fee_open":0.001,"fee_close":0.001,"trade_duration":480,"profit_ratio":0.0012240738157780547,"profit_abs":22.83080528,"exit_reason":"exit_signal","initial_stop_loss_abs":1802.68,"initial_stop_loss_ratio":-0.5,"stop_loss_abs":1836.92,"stop_loss_ratio":-0.5,"min_rate":3576.0,"max_rate":3673.84,"is_open":false,"enter_tag":"","leverage":1.0,"is_short":false,"open_timestamp":1752804900000,"close_timestamp":1752833700000,"orders":[{"amount":5.1681,"safe_price":3605.36,"ft_order_side":"buy","order_filled_timestamp":1752804900000,"ft_is_entry":true,"ft_order_tag":"","cost":18651.493877015997},{"amount":5.1681,"safe_price":3617.0,"ft_order_side":"sell","order_filled_timestamp":1752833700000,"ft_is_entry":false,"ft_order_tag":"exit_signal","cost":18711.7107177}],"funding_fees":0.0},{"pair":"ETH/USDT","stake_amount":41789.284594,"max_stake_amount":41789.284594,"amount":11.4866,"open_date":"2025-07-20 03:30:00+00:00","close_date":"2025-07-20 11:45:00+00:00","open_rate":3638.09,"close_rate":3754.35,"fee_open":0.001,"fee_close":0.001,"trade_duration":495,"profit_ratio":0.029894477926370455,"profit_abs":1250.5181147,"exit_reason":"trailing_stop_loss","initial_stop_loss_abs":1819.05,"initial_stop_loss_ratio":-0.5,"stop_loss_abs":3754.35,"stop_loss_ratio":-0.0032137500000000013,"min_rate":3633.18,"max_rate":3766.45,"is_open":false,"enter_tag":"","leverage":1.0,"is_short":false,"open_timestamp":1752982200000,"close_timestamp":1753011900000,"orders":[{"amount":11.4866,"safe_price":3638.09,"ft_order_side":"buy","order_filled_timestamp":1752982200000,"ft_is_entry":true,"ft_order_tag":"","cost":41831.07387859399},{"amount":11.4866,"safe_price":3754.35,"ft_order_side":"sell","order_filled_timestamp":1753011900000,"ft_is_entry":false,"ft_order_tag":"trailing_stop_loss","cost":43167.84142670999}],"funding_fees":0.0},{"pair":"ETH/USDT","stake_amount":34305.43306,"max_stake_amount":34305.43306,"amount":9.1318,"open_date":"2025-07-20 12:00:00+00:00","close_date":"2025-07-20 20:45:00+00:00","open_rate":3756.7,"close_rate":3747.97,"fee_open":0.001,"fee_close":0.001,"trade_duration":525,"profit_ratio":-0.004317207003191402,"profit_abs":-148.25175951,"exit_reason":"exit_signal","initial_stop_loss_abs":1878.35,"initial_stop_loss_ratio":-0.5,"stop_loss_abs":1912.28,"stop_loss_ratio":-0.5,"min_rate":3716.54,"max_rate":3824.56,"is_open":false,"enter_tag":"","leverage":1.0,"is_short":false,"open_timestamp":1753012800000,"close_timestamp":1753044300000,"orders":[{"amount":9.1318,"safe_price":3756.7,"ft_order_side":"buy","order_filled_timestamp":1753012800000,"ft_is_entry":true,"ft_order_tag":"","cost":34339.738493059995},{"amount":9.1318,"safe_price":3747.97,"ft_order_side":"sell","order_filled_timestamp":1753044300000,"ft_is_entry":false,"ft_order_tag":"exit_signal","cost":34259.93815844599}],"funding_fees":0.0},{"pair":"ETH/USDT","stake_amount":38718.985625,"max_stake_amount":38718.985625,"amount":10.3423,"open_date":"2025-07-23 03:45:00+00:00","close_date":"2025-07-23 04:00:00+00:00","open_rate":3743.75,"close_rate":3728.63,"fee_open":0.001,"fee_close":0.001,"trade_duration":15,"profit_ratio":-0.006028663823552272,"profit_abs":-233.65717167,"exit_reason":"exit_signal","initial_stop_loss_abs":1871.88,"initial_stop_loss_ratio":-0.5,"stop_loss_abs":1871.88,"stop_loss_ratio":-0.5,"min_rate":3719.64,"max_rate":3743.75,"is_open":false,"enter_tag":"","leverage":1.0,"is_short":false,"open_timestamp":1753242300000,"close_timestamp":1753243200000,"orders":[{"amount":10.3423,"safe_price":3743.75,"ft_order_side":"buy","order_filled_timestamp":1753242300000,"ft_is_entry":true,"ft_order_tag":"","cost":38757.704610625},{"amount":10.3423,"safe_price":3728.63,"ft_order_side":"sell","order_filled_timestamp":1753243200000,"ft_is_entry":false,"ft_order_tag":"exit_signal","cost":38601.172659049}],"funding_fees":0.0},{"pair":"ETH/USDT","stake_amount":22831.455724,"max_stake_amount":22831.455724,"amount":6.1348,"open_date":"2025-07-25 10:45:00+00:00","close_date":"2025-07-25 13:45:00+00:00","open_rate":3721.63,"close_rate":3688.62,"fee_open":0.001,"fee_close":0.001,"trade_duration":180,"profit_ratio":-0.010850049609947827,"profit_abs":-247.9701497,"exit_reason":"exit_signal","initial_stop_loss_abs":1860.82,"initial_stop_loss_ratio":-0.5,"stop_loss_abs":1872.0,"stop_loss_ratio":-0.5,"min_rate":3676.33,"max_rate":3744.0,"is_open":false,"enter_tag":"","leverage":1.0,"is_short":false,"open_timestamp":1753440300000,"close_timestamp":1753451100000,"orders":[{"amount":6.1348,"safe_price":3721.63,"ft_order_side":"buy","order_filled_timestamp":1753440300000,"ft_is_entry":true,"ft_order_tag":"","cost":22854.287179724},{"amount":6.1348,"safe_price":3688.62,"ft_order_side":"sell","order_filled_timestamp":1753451100000,"ft_is_entry":false,"ft_order_tag":"exit_signal","cost":22651.574921975996}],"funding_fees":0.0},{"pair":"ETH/USDT","stake_amount":26101.277818,"max_stake_amount":26101.277818,"amount":7.0147,"open_date":"2025-07-25 21:30:00+00:00","close_date":"2025-07-26 01:45:00+00:00","open_rate":3720.94,"close_rate":3709.26,"fee_open":0.001,"fee_close":0.001,"trade_duration":255,"profit_ratio":-0.0051307220463401425,"profit_abs":-134.05231994,"exit_reason":"exit_signal","initial_stop_loss_abs":1860.47,"initial_stop_loss_ratio":-0.5,"stop_loss_abs":1865.0,"stop_loss_ratio":-0.5,"min_rate":3697.66,"max_rate":3730.0,"is_open":false,"enter_tag":"","leverage":1.0,"is_short":false,"open_timestamp":1753479000000,"close_timestamp":1753494300000,"orders":[{"amount":7.0147,"safe_price":3720.94,"ft_order_side":"buy","order_filled_timestamp":1753479000000,"ft_is_entry":true,"ft_order_tag":"","cost":26127.379095818},{"amount":7.0147,"safe_price":3709.26,"ft_order_side":"sell","order_filled_timestamp":1753494300000,"ft_is_entry":false,"ft_order_tag":"exit_signal","cost":26045.365468122}],"funding_fees":0.0},{"pair":"ETH/USDT","stake_amount":31911.875755,"max_stake_amount":31911.875755,"amount":8.5265,"open_date":"2025-07-26 03:00:00+00:00","close_date":"2025-07-26 06:45:00+00:00","open_rate":3742.67,"close_rate":3740.91,"fee_open":0.001,"fee_close":0.001,"trade_duration":225,"profit_ratio":-0.002467314952786555,"profit_abs":-78.81538487,"exit_reason":"exit_signal","initial_stop_loss_abs":1871.34,"initial_stop_loss_ratio":-0.5,"stop_loss_abs":1878.31,"stop_loss_ratio":-0.5,"min_rate":3728.21,"max_rate":3756.62,"is_open":false,"enter_tag":"","leverage":1.0,"is_short":false,"open_timestamp":1753498800000,"close_timestamp":1753512300000,"orders":[{"amount":8.5265,"safe_price":3742.67,"ft_order_side":"buy","order_filled_timestamp":1753498800000,"ft_is_entry":true,"ft_order_tag":"","cost":31943.787630754996},{"amount":8.5265,"safe_price":3740.91,"ft_order_side":"sell","order_filled_timestamp":1753512300000,"ft_is_entry":false,"ft_order_tag":"exit_signal","cost":31928.765984114998}],"funding_fees":0.0},{"pair":"ETH/USDT","stake_amount":49651.956259,"max_stake_amount":49651.956259,"amount":13.2323,"open_date":"2025-07-26 09:30:00+00:00","close_date":"2025-07-26 12:15:00+00:00","open_rate":3752.33,"close_rate":3736.16,"fee_open":0.001,"fee_close":0.001,"trade_duration":165,"profit_ratio":-0.0062987144374513,"profit_abs":-313.05623723,"exit_reason":"exit_signal","initial_stop_loss_abs":1876.17,"initial_stop_loss_ratio":-0.5,"stop_loss_abs":1891.42,"stop_loss_ratio":-0.5,"min_rate":3725.0,"max_rate":3782.83,"is_open":false,"enter_tag":"","leverage":1.0,"is_short":false,"open_timestamp":1753522200000,"close_timestamp":1753532100000,"orders":[{"amount":13.2323,"safe_price":3752.33,"ft_order_side":"buy","order_filled_timestamp":1753522200000,"ft_is_entry":true,"ft_order_tag":"","cost":49701.608215258995},{"amount":13.2323,"safe_price":3736.16,"ft_order_side":"sell","order_filled_timestamp":1753532100000,"ft_is_entry":false,"ft_order_tag":"exit_signal","cost":49487.42795796799}],"funding_fees":0.0},{"pair":"ETH/USDT","stake_amount":64002.052672,"max_stake_amount":64002.052672,"amount":17.0848,"open_date":"2025-07-26 23:15:00+00:00","close_date":"2025-07-27 00:00:00+00:00","open_rate":3746.14,"close_rate":3741.11,"fee_open":0.001,"fee_close":0.001,"trade_duration":45,"profit_ratio":-0.0033380346849677944,"profit_abs":-213.8547128,"exit_reason":"exit_signal","initial_stop_loss_abs":1873.07,"initial_stop_loss_ratio":-0.5,"stop_loss_abs":1876.34,"stop_loss_ratio":-0.5,"min_rate":3731.0,"max_rate":3752.67,"is_open":false,"enter_tag":"","leverage":1.0,"is_short":false,"open_timestamp":1753571700000,"close_timestamp":1753574400000,"orders":[{"amount":17.0848,"safe_price":3746.14,"ft_order_side":"buy","order_filled_timestamp":1753571700000,"ft_is_entry":true,"ft_order_tag":"","cost":64066.054724672},{"amount":17.0848,"safe_price":3741.11,"ft_order_side":"sell","order_filled_timestamp":1753574400000,"ft_is_entry":false,"ft_order_tag":"exit_signal","cost":63980.032244128}],"funding_fees":0.0},{"pair":"ETH/USDT","stake_amount":61203.714516,"max_stake_amount":61203.714516,"amount":16.2438,"open_date":"2025-07-27 01:15:00+00:00","close_date":"2025-07-27 08:30:00+00:00","open_rate":3767.82,"close_rate":3768.85,"fee_open":0.001,"fee_close":0.001,"trade_duration":435,"profit_ratio":-0.0017251805634069123,"profit_abs":-105.69304615,"exit_reason":"exit_signal","initial_stop_loss_abs":1883.91,"initial_stop_loss_ratio":-0.5,"stop_loss_abs":1905.5,"stop_loss_ratio":-0.5,"min_rate":3752.08,"max_rate":3811.0,"is_open":false,"enter_tag":"","leverage":1.0,"is_short":false,"open_timestamp":1753578900000,"close_timestamp":1753605000000,"orders":[{"amount":16.2438,"safe_price":3767.82,"ft_order_side":"buy","order_filled_timestamp":1753578900000,"ft_is_entry":true,"ft_order_tag":"","cost":61264.91823051599},{"amount":16.2438,"safe_price":3768.85,"ft_order_side":"sell","order_filled_timestamp":1753605000000,"ft_is_entry":false,"ft_order_tag":"exit_signal","cost":61281.66607563}],"funding_fees":0.0},{"pair":"ETH/USDT","stake_amount":41413.589304,"max_stake_amount":41413.589304,"amount":10.8568,"open_date":"2025-07-27 11:45:00+00:00","close_date":"2025-07-27 15:15:00+00:00","open_rate":3814.53,"close_rate":3798.01,"fee_open":0.001,"fee_close":0.001,"trade_duration":210,"profit_ratio":-0.0063201578092838525,"profit_abs":-262.00216027,"exit_reason":"exit_signal","initial_stop_loss_abs":1907.27,"initial_stop_loss_ratio":-0.5,"stop_loss_abs":1918.27,"stop_loss_ratio":-0.5,"min_rate":3791.48,"max_rate":3836.54,"is_open":false,"enter_tag":"","leverage":1.0,"is_short":false,"open_timestamp":1753616700000,"close_timestamp":1753629300000,"orders":[{"amount":10.8568,"safe_price":3814.53,"ft_order_side":"buy","order_filled_timestamp":1753616700000,"ft_is_entry":true,"ft_order_tag":"","cost":41455.002893303994},{"amount":10.8568,"safe_price":3798.01,"ft_order_side":"sell","order_filled_timestamp":1753629300000,"ft_is_entry":false,"ft_order_tag":"exit_signal","cost":41275.469202968}],"funding_fees":0.0},{"pair":"ETH/USDT","stake_amount":40705.227962,"max_stake_amount":40705.227962,"amount":10.4902,"open_date":"2025-07-28 04:30:00+00:00","close_date":"2025-07-28 08:30:00+00:00","open_rate":3880.31,"close_rate":3897.92,"fee_open":0.001,"fee_close":0.001,"trade_duration":240,"profit_ratio":0.002531227672935184,"profit_abs":103.13723365,"exit_reason":"exit_signal","initial_stop_loss_abs":1940.16,"initial_stop_loss_ratio":-0.5,"stop_loss_abs":1970.5,"stop_loss_ratio":-0.5,"min_rate":3874.89,"max_rate":3941.0,"is_open":false,"enter_tag":"","leverage":1.0,"is_short":false,"open_timestamp":1753677000000,"close_timestamp":1753691400000,"orders":[{"amount":10.4902,"safe_price":3880.31,"ft_order_side":"buy","order_filled_timestamp":1753677000000,"ft_is_entry":true,"ft_order_tag":"","cost":40745.933189961994},{"amount":10.4902,"safe_price":3897.92,"ft_order_side":"sell","order_filled_timestamp":1753691400000,"ft_is_entry":false,"ft_order_tag":"exit_signal","cost":40930.850344383995}],"funding_fees":0.0},{"pair":"ETH/USDT","stake_amount":27882.871232,"max_stake_amount":27882.871232,"amount":7.1912,"open_date":"2025-07-29 08:00:00+00:00","close_date":"2025-07-29 11:30:00+00:00","open_rate":3877.36,"close_rate":3832.01,"fee_open":0.001,"fee_close":0.001,"trade_duration":210,"profit_ratio":-0.013670735664423204,"profit_abs":-381.56054154,"exit_reason":"exit_signal","initial_stop_loss_abs":1938.68,"initial_stop_loss_ratio":-0.5,"stop_loss_abs":1943.22,"stop_loss_ratio":-0.5,"min_rate":3811.78,"max_rate":3886.44,"is_open":false,"enter_tag":"","leverage":1.0,"is_short":false,"open_timestamp":1753776000000,"close_timestamp":1753788600000,"orders":[{"amount":7.1912,"safe_price":3877.36,"ft_order_side":"buy","order_filled_timestamp":1753776000000,"ft_is_entry":true,"ft_order_tag":"","cost":27910.754103231997},{"amount":7.1912,"safe_price":3832.01,"ft_order_side":"sell","order_filled_timestamp":1753788600000,"ft_is_entry":false,"ft_order_tag":"exit_signal","cost":27584.307062312}],"funding_fees":0.0},{"pair":"ETH/USDT","stake_amount":35447.635855,"max_stake_amount":35447.635855,"amount":9.3157,"open_date":"2025-07-30 18:00:00+00:00","close_date":"2025-07-30 18:15:00+00:00","open_rate":3805.15,"close_rate":3799.85,"fee_open":0.001,"fee_close":0.001,"trade_duration":15,"profit_ratio":-0.0033880682475350226,"profit_abs":-120.2191085,"exit_reason":"exit_signal","initial_stop_loss_abs":1902.58,"initial_stop_loss_ratio":-0.5,"stop_loss_abs":1911.0,"stop_loss_ratio":-0.5,"min_rate":3779.87,"max_rate":3822.0,"is_open":false,"enter_tag":"","leverage":1.0,"is_short":false,"open_timestamp":1753898400000,"close_timestamp":1753899300000,"orders":[{"amount":9.3157,"safe_price":3805.15,"ft_order_side":"buy","order_filled_timestamp":1753898400000,"ft_is_entry":true,"ft_order_tag":"","cost":35483.083490854995},{"amount":9.3157,"safe_price":3799.85,"ft_order_side":"sell","order_filled_timestamp":1753899300000,"ft_is_entry":false,"ft_order_tag":"exit_signal","cost":35433.66090764499}],"funding_fees":0.0},{"pair":"ETH/USDT","stake_amount":32466.844206,"max_stake_amount":32466.844206,"amount":8.4522,"open_date":"2025-07-31 01:45:00+00:00","close_date":"2025-07-31 11:00:00+00:00","open_rate":3841.23,"close_rate":3855.48,"fee_open":0.001,"fee_close":0.001,"trade_duration":555,"profit_ratio":0.0017043351366566556,"profit_abs":55.38971774,"exit_reason":"exit_signal","initial_stop_loss_abs":1920.62,"initial_stop_loss_ratio":-0.5,"stop_loss_abs":1939.34,"stop_loss_ratio":-0.5,"min_rate":3831.96,"max_rate":3878.67,"is_open":false,"enter_tag":"","leverage":1.0,"is_short":false,"open_timestamp":1753926300000,"close_timestamp":1753959600000,"orders":[{"amount":8.4522,"safe_price":3841.23,"ft_order_side":"buy","order_filled_timestamp":1753926300000,"ft_is_entry":true,"ft_order_tag":"","cost":32499.311050205994},{"amount":8.4522,"safe_price":3855.48,"ft_order_side":"sell","order_filled_timestamp":1753959600000,"ft_is_entry":false,"ft_order_tag":"exit_signal","cost":32619.875344055996}],"funding_fees":0.0},{"pair":"ETH/USDT","stake_amount":15980.695486,"max_stake_amount":15980.695486,"amount":4.2098,"open_date":"2025-08-07 10:15:00+00:00","close_date":"2025-08-07 12:00:00+00:00","open_rate":3796.07,"close_rate":3827.01,"fee_open":0.001,"fee_close":0.001,"trade_duration":105,"profit_ratio":0.00613624784963807,"profit_abs":98.15956982,"exit_reason":"exit_signal","initial_stop_loss_abs":1898.04,"initial_stop_loss_ratio":-0.5,"stop_loss_abs":1921.83,"stop_loss_ratio":-0.5,"min_rate":3785.9,"max_rate":3843.66,"is_open":false,"enter_tag":"","leverage":1.0,"is_short":false,"open_timestamp":1754561700000,"close_timestamp":1754568000000,"orders":[{"amount":4.2098,"safe_price":3796.07,"ft_order_side":"buy","order_filled_timestamp":1754561700000,"ft_is_entry":true,"ft_order_tag":"","cost":15996.676181486},{"amount":4.2098,"safe_price":3827.01,"ft_order_side":"sell","order_filled_timestamp":1754568000000,"ft_is_entry":false,"ft_order_tag":"exit_signal","cost":16127.057644698001}],"funding_fees":0.0},{"pair":"ETH/USDT","stake_amount":19199.421646,"max_stake_amount":19199.421646,"amount":5.0077,"open_date":"2025-08-07 12:15:00+00:00","close_date":"2025-08-07 12:30:00+00:00","open_rate":3833.98,"close_rate":3836.85,"fee_open":0.001,"fee_close":0.001,"trade_duration":15,"profit_ratio":-0.0012509282692748718,"profit_abs":-24.04111639,"exit_reason":"exit_signal","initial_stop_loss_abs":1916.99,"initial_stop_loss_ratio":-0.5,"stop_loss_abs":1923.58,"stop_loss_ratio":-0.5,"min_rate":3830.12,"max_rate":3847.15,"is_open":false,"enter_tag":"","leverage":1.0,"is_short":false,"open_timestamp":1754568900000,"close_timestamp":1754569800000,"orders":[{"amount":5.0077,"safe_price":3833.98,"ft_order_side":"buy","order_filled_timestamp":1754568900000,"ft_is_entry":true,"ft_order_tag":"","cost":19218.621067645996},{"amount":5.0077,"safe_price":3836.85,"ft_order_side":"sell","order_filled_timestamp":1754569800000,"ft_is_entry":false,"ft_order_tag":"exit_signal","cost":19233.007538744998}],"funding_fees":0.0},{"pair":"ETH/USDT","stake_amount":20282.576713,"max_stake_amount":20282.576713,"amount":5.2577,"open_date":"2025-08-07 14:00:00+00:00","close_date":"2025-08-07 14:15:00+00:00","open_rate":3857.69,"close_rate":3830.0,"fee_open":0.001,"fee_close":0.001,"trade_duration":15,"profit_ratio":-0.009161531292503449,"profit_abs":-186.00528071,"exit_reason":"exit_signal","initial_stop_loss_abs":1928.85,"initial_stop_loss_ratio":-0.5,"stop_loss_abs":1929.12,"stop_loss_ratio":-0.5,"min_rate":3827.74,"max_rate":3858.24,"is_open":false,"enter_tag":"","leverage":1.0,"is_short":false,"open_timestamp":1754575200000,"close_timestamp":1754576100000,"orders":[{"amount":5.2577,"safe_price":3857.69,"ft_order_side":"buy","order_filled_timestamp":1754575200000,"ft_is_entry":true,"ft_order_tag":"","cost":20302.859289712997},{"amount":5.2577,"safe_price":3830.0,"ft_order_side":"sell","order_filled_timestamp":1754576100000,"ft_is_entry":false,"ft_order_tag":"exit_signal","cost":20157.127990999998}],"funding_fees":0.0},{"pair":"ETH/USDT","stake_amount":27065.251652,"max_stake_amount":27065.251652,"amount":6.9668,"open_date":"2025-08-07 22:15:00+00:00","close_date":"2025-08-08 08:45:00+00:00","open_rate":3884.89,"close_rate":3891.25,"fee_open":0.001,"fee_close":0.001,"trade_duration":630,"profit_ratio":-0.00036416096065486684,"profit_abs":-9.86596415,"exit_reason":"exit_signal","initial_stop_loss_abs":1942.45,"initial_stop_loss_ratio":-0.5,"stop_loss_abs":1984.53,"stop_loss_ratio":-0.5,"min_rate":3877.62,"max_rate":3969.06,"is_open":false,"enter_tag":"","leverage":1.0,"is_short":false,"open_timestamp":1754604900000,"close_timestamp":1754642700000,"orders":[{"amount":6.9668,"safe_price":3884.89,"ft_order_side":"buy","order_filled_timestamp":1754604900000,"ft_is_entry":true,"ft_order_tag":"","cost":27092.316903651998},{"amount":6.9668,"safe_price":3891.25,"ft_order_side":"sell","order_filled_timestamp":1754642700000,"ft_is_entry":false,"ft_order_tag":"exit_signal","cost":27136.670060499997}],"funding_fees":0.0},{"pair":"ETH/USDT","stake_amount":21970.47786,"max_stake_amount":21970.47786,"amount":5.514,"open_date":"2025-08-08 15:00:00+00:00","close_date":"2025-08-09 00:30:00+00:00","open_rate":3984.49,"close_rate":4019.06,"fee_open":0.001,"fee_close":0.001,"trade_duration":570,"profit_ratio":0.006660804793062623,"profit_abs":146.4874053,"exit_reason":"exit_signal","initial_stop_loss_abs":1992.25,"initial_stop_loss_ratio":-0.5,"stop_loss_abs":2035.5,"stop_loss_ratio":-0.5,"min_rate":3925.2,"max_rate":4071.0,"is_open":false,"enter_tag":"","leverage":1.0,"is_short":false,"open_timestamp":1754665200000,"close_timestamp":1754699400000,"orders":[{"amount":5.514,"safe_price":3984.49,"ft_order_side":"buy","order_filled_timestamp":1754665200000,"ft_is_entry":true,"ft_order_tag":"","cost":21992.448337859998},{"amount":5.514,"safe_price":4019.06,"ft_order_side":"sell","order_filled_timestamp":1754699400000,"ft_is_entry":false,"ft_order_tag":"exit_signal","cost":22183.25793684}],"funding_fees":0.0},{"pair":"ETH/USDT","stake_amount":57300.27406,"max_stake_amount":57300.27406,"amount":14.1026,"open_date":"2025-08-09 04:30:00+00:00","close_date":"2025-08-09 05:00:00+00:00","open_rate":4063.1,"close_rate":4193.17,"fee_open":0.001,"fee_close":0.001,"trade_duration":30,"profit_ratio":0.029950539726361556,"profit_abs":1717.8903087,"exit_reason":"trailing_stop_loss","initial_stop_loss_abs":2031.55,"initial_stop_loss_ratio":-0.5,"stop_loss_abs":4193.17,"stop_loss_ratio":-0.0016281600000000035,"min_rate":4061.21,"max_rate":4200.0,"is_open":false,"enter_tag":"","leverage":1.0,"is_short":false,"open_timestamp":1754713800000,"close_timestamp":1754715600000,"orders":[{"amount":14.1026,"safe_price":4063.1,"ft_order_side":"buy","order_filled_timestamp":1754713800000,"ft_is_entry":true,"ft_order_tag":"","cost":57357.574334059995},{"amount":14.1026,"safe_price":4193.17,"ft_order_side":"sell","order_filled_timestamp":1754715600000,"ft_is_entry":false,"ft_order_tag":"trailing_stop_loss","cost":59193.733841242}],"funding_fees":0.0},{"pair":"ETH/USDT","stake_amount":21270.94652,"max_stake_amount":21270.94652,"amount":5.1137,"open_date":"2025-08-09 05:15:00+00:00","close_date":"2025-08-09 15:30:00+00:00","open_rate":4159.6,"close_rate":4200.01,"fee_open":0.001,"fee_close":0.001,"trade_duration":615,"profit_ratio":0.007697464089764774,"profit_abs":163.89607934,"exit_reason":"exit_signal","initial_stop_loss_abs":2079.8,"initial_stop_loss_ratio":-0.5,"stop_loss_abs":2123.33,"stop_loss_ratio":-0.5,"min_rate":4142.62,"max_rate":4246.65,"is_open":false,"enter_tag":"","leverage":1.0,"is_short":false,"open_timestamp":1754716500000,"close_timestamp":1754753400000,"orders":[{"amount":5.1137,"safe_price":4159.6,"ft_order_side":"buy","order_filled_timestamp":1754716500000,"ft_is_entry":true,"ft_order_tag":"","cost":21292.21746652},{"amount":5.1137,"safe_price":4200.01,"ft_order_side":"sell","order_filled_timestamp":1754753400000,"ft_is_entry":false,"ft_order_tag":"exit_signal","cost":21499.068728136997}],"funding_fees":0.0},{"pair":"ETH/USDT","stake_amount":47777.00431,"max_stake_amount":47777.00431,"amount":11.161,"open_date":"2025-08-09 20:45:00+00:00","close_date":"2025-08-10 00:15:00+00:00","open_rate":4280.71,"close_rate":4266.0,"fee_open":0.001,"fee_close":0.001,"trade_duration":210,"profit_ratio":-0.005427482011973837,"profit_abs":-259.56814031,"exit_reason":"exit_signal","initial_stop_loss_abs":2140.36,"initial_stop_loss_ratio":-0.5,"stop_loss_abs":2163.1,"stop_loss_ratio":-0.5,"min_rate":4242.87,"max_rate":4326.2,"is_open":false,"enter_tag":"","leverage":1.0,"is_short":false,"open_timestamp":1754772300000,"close_timestamp":1754784900000,"orders":[{"amount":11.161,"safe_price":4280.71,"ft_order_side":"buy","order_filled_timestamp":1754772300000,"ft_is_entry":true,"ft_order_tag":"","cost":47824.78131430999},{"amount":11.161,"safe_price":4266.0,"ft_order_side":"sell","order_filled_timestamp":1754784900000,"ft_is_entry":false,"ft_order_tag":"exit_signal","cost":47660.438826}],"funding_fees":0.0},{"pair":"ETH/USDT","stake_amount":34346.306532,"max_stake_amount":34346.306532,"amount":8.0077,"open_date":"2025-08-10 01:15:00+00:00","close_date":"2025-08-10 03:00:00+00:00","open_rate":4289.16,"close_rate":4246.99,"fee_open":0.001,"fee_close":0.001,"trade_duration":105,"profit_ratio":-0.011810120047951286,"profit_abs":-406.03963735,"exit_reason":"exit_signal","initial_stop_loss_abs":2144.58,"initial_stop_loss_ratio":-0.5,"stop_loss_abs":2160.62,"stop_loss_ratio":-0.5,"min_rate":4227.79,"max_rate":4321.23,"is_open":false,"enter_tag":"","leverage":1.0,"is_short":false,"open_timestamp":1754788500000,"close_timestamp":1754794800000,"orders":[{"amount":8.0077,"safe_price":4289.16,"ft_order_side":"buy","order_filled_timestamp":1754788500000,"ft_is_entry":true,"ft_order_tag":"","cost":34380.65283853199},{"amount":8.0077,"safe_price":4246.99,"ft_order_side":"sell","order_filled_timestamp":1754794800000,"ft_is_entry":false,"ft_order_tag":"exit_signal","cost":34042.63044482299}],"funding_fees":0.0},{"pair":"ETH/USDT","stake_amount":38824.67001,"max_stake_amount":38824.67001,"amount":9.021,"open_date":"2025-08-11 02:00:00+00:00","close_date":"2025-08-11 08:00:00+00:00","open_rate":4303.81,"close_rate":4273.69,"fee_open":0.001,"fee_close":0.001,"trade_duration":360,"profit_ratio":-0.008982469290893687,"profit_abs":-349.0901475,"exit_reason":"exit_signal","initial_stop_loss_abs":2151.91,"initial_stop_loss_ratio":-0.5,"stop_loss_abs":2174.91,"stop_loss_ratio":-0.5,"min_rate":4253.91,"max_rate":4349.81,"is_open":false,"enter_tag":"","leverage":1.0,"is_short":false,"open_timestamp":1754877600000,"close_timestamp":1754899200000,"orders":[{"amount":9.021,"safe_price":4303.81,"ft_order_side":"buy","order_filled_timestamp":1754877600000,"ft_is_entry":true,"ft_order_tag":"","cost":38863.49468001001},{"amount":9.021,"safe_price":4273.69,"ft_order_side":"sell","order_filled_timestamp":1754899200000,"ft_is_entry":false,"ft_order_tag":"exit_signal","cost":38591.51044749}],"funding_fees":0.0},{"pair":"ETH/USDT","stake_amount":24537.9509,"max_stake_amount":24537.9509,"amount":5.6893,"open_date":"2025-08-11 15:45:00+00:00","close_date":"2025-08-11 19:15:00+00:00","open_rate":4313.0,"close_rate":4301.06,"fee_open":0.001,"fee_close":0.001,"trade_duration":210,"profit_ratio":-0.004760845461135557,"profit_abs":-116.93821356,"exit_reason":"exit_signal","initial_stop_loss_abs":2156.5,"initial_stop_loss_ratio":-0.5,"stop_loss_abs":2183.23,"stop_loss_ratio":-0.5,"min_rate":4266.97,"max_rate":4366.46,"is_open":false,"enter_tag":"","leverage":1.0,"is_short":false,"open_timestamp":1754927100000,"close_timestamp":1754939700000,"orders":[{"amount":5.6893,"safe_price":4313.0,"ft_order_side":"buy","order_filled_timestamp":1754927100000,"ft_is_entry":true,"ft_order_tag":"","cost":24562.488850899997},{"amount":5.6893,"safe_price":4301.06,"ft_order_side":"sell","order_filled_timestamp":1754939700000,"ft_is_entry":false,"ft_order_tag":"exit_signal","cost":24494.490678658003}],"funding_fees":0.0},{"pair":"ETH/USDT","stake_amount":33028.038396,"max_stake_amount":33028.038396,"amount":7.6743,"open_date":"2025-08-12 02:45:00+00:00","close_date":"2025-08-12 06:00:00+00:00","open_rate":4303.72,"close_rate":4285.49,"fee_open":0.001,"fee_close":0.001,"trade_duration":195,"profit_ratio":-0.006225409083775677,"profit_abs":-205.8186633,"exit_reason":"exit_signal","initial_stop_loss_abs":2151.86,"initial_stop_loss_ratio":-0.5,"stop_loss_abs":2160.84,"stop_loss_ratio":-0.5,"min_rate":4267.41,"max_rate":4321.67,"is_open":false,"enter_tag":"","leverage":1.0,"is_short":false,"open_timestamp":1754966700000,"close_timestamp":1754978400000,"orders":[{"amount":7.6743,"safe_price":4303.72,"ft_order_side":"buy","order_filled_timestamp":1754966700000,"ft_is_entry":true,"ft_order_tag":"","cost":33061.066434396},{"amount":7.6743,"safe_price":4285.49,"ft_order_side":"sell","order_filled_timestamp":1754978400000,"ft_is_entry":false,"ft_order_tag":"exit_signal","cost":32921.02404290699}],"funding_fees":0.0},{"pair":"ETH/USDT","stake_amount":17323.017,"max_stake_amount":17323.017,"amount":3.9525,"open_date":"2025-08-12 13:45:00+00:00","close_date":"2025-08-12 14:00:00+00:00","open_rate":4382.8,"close_rate":4383.49,"fee_open":0.001,"fee_close":0.001,"trade_duration":15,"profit_ratio":-0.0018408829462804646,"profit_abs":-31.92153622,"exit_reason":"exit_signal","initial_stop_loss_abs":2191.4,"initial_stop_loss_ratio":-0.5,"stop_loss_abs":2203.32,"stop_loss_ratio":-0.5,"min_rate":4352.82,"max_rate":4406.64,"is_open":false,"enter_tag":"","leverage":1.0,"is_short":false,"open_timestamp":1755006300000,"close_timestamp":1755007200000,"orders":[{"amount":3.9525,"safe_price":4382.8,"ft_order_side":"buy","order_filled_timestamp":1755006300000,"ft_is_entry":true,"ft_order_tag":"","cost":17340.340017},{"amount":3.9525,"safe_price":4383.49,"ft_order_side":"sell","order_filled_timestamp":1755007200000,"ft_is_entry":false,"ft_order_tag":"exit_signal","cost":17343.069969225}],"funding_fees":0.0},{"pair":"ETH/USDT","stake_amount":18731.210724,"max_stake_amount":18731.210724,"amount":4.2501,"open_date":"2025-08-12 14:30:00+00:00","close_date":"2025-08-12 20:15:00+00:00","open_rate":4407.24,"close_rate":4582.03,"fee_open":0.001,"fee_close":0.001,"trade_duration":345,"profit_ratio":0.03758249945643753,"profit_abs":704.66968257,"exit_reason":"trailing_stop_loss","initial_stop_loss_abs":2203.62,"initial_stop_loss_ratio":-0.5,"stop_loss_abs":4582.03,"stop_loss_ratio":-0.01,"min_rate":4388.0,"max_rate":4628.31,"is_open":false,"enter_tag":"","leverage":1.0,"is_short":false,"open_timestamp":1755009000000,"close_timestamp":1755029700000,"orders":[{"amount":4.2501,"safe_price":4407.24,"ft_order_side":"buy","order_filled_timestamp":1755009000000,"ft_is_entry":true,"ft_order_tag":"","cost":18749.941934723996},{"amount":4.2501,"safe_price":4582.03,"ft_order_side":"sell","order_filled_timestamp":1755029700000,"ft_is_entry":false,"ft_order_tag":"trailing_stop_loss","cost":19493.559788702994}],"funding_fees":0.0},{"pair":"ETH/USDT","stake_amount":20368.972558,"max_stake_amount":20368.972558,"amount":4.4242,"open_date":"2025-08-12 20:30:00+00:00","close_date":"2025-08-13 07:45:00+00:00","open_rate":4603.99,"close_rate":4625.62,"fee_open":0.001,"fee_close":0.001,"trade_duration":675,"profit_ratio":0.0026907100142384336,"profit_abs":54.86180544,"exit_reason":"exit_signal","initial_stop_loss_abs":2302.0,"initial_stop_loss_ratio":-0.5,"stop_loss_abs":2341.5,"stop_loss_ratio":-0.5,"min_rate":4563.32,"max_rate":4683.0,"is_open":false,"enter_tag":"","leverage":1.0,"is_short":false,"open_timestamp":1755030600000,"close_timestamp":1755071100000,"orders":[{"amount":4.4242,"safe_price":4603.99,"ft_order_side":"buy","order_filled_timestamp":1755030600000,"ft_is_entry":true,"ft_order_tag":"","cost":20389.341530557995},{"amount":4.4242,"safe_price":4625.62,"ft_order_side":"sell","order_filled_timestamp":1755071100000,"ft_is_entry":false,"ft_order_tag":"exit_signal","cost":20485.132672003998}],"funding_fees":0.0},{"pair":"ETH/USDT","stake_amount":28082.703726,"max_stake_amount":28082.703726,"amount":5.9769,"open_date":"2025-08-13 10:15:00+00:00","close_date":"2025-08-13 15:00:00+00:00","open_rate":4698.54,"close_rate":4648.36,"fee_open":0.001,"fee_close":0.001,"trade_duration":285,"profit_ratio":-0.01265657684460121,"profit_abs":-355.78632861,"exit_reason":"exit_signal","initial_stop_loss_abs":2349.27,"initial_stop_loss_ratio":-0.5,"stop_loss_abs":2368.41,"stop_loss_ratio":-0.5,"min_rate":4624.26,"max_rate":4736.82,"is_open":false,"enter_tag":"","leverage":1.0,"is_short":false,"open_timestamp":1755080100000,"close_timestamp":1755097200000,"orders":[{"amount":5.9769,"safe_price":4698.54,"ft_order_side":"buy","order_filled_timestamp":1755080100000,"ft_is_entry":true,"ft_order_tag":"","cost":28110.786429725995},{"amount":5.9769,"safe_price":4648.36,"ft_order_side":"sell","order_filled_timestamp":1755097200000,"ft_is_entry":false,"ft_order_tag":"exit_signal","cost":27810.565666883995}],"funding_fees":0.0},{"pair":"ETH/USDT","stake_amount":35397.79815,"max_stake_amount":35397.79815,"amount":7.4217,"open_date":"2025-08-14 03:45:00+00:00","close_date":"2025-08-14 05:45:00+00:00","open_rate":4769.5,"close_rate":4729.34,"fee_open":0.001,"fee_close":0.001,"trade_duration":120,"profit_ratio":-0.010401348311038889,"profit_abs":-368.55301283,"exit_reason":"exit_signal","initial_stop_loss_abs":2384.75,"initial_stop_loss_ratio":-0.5,"stop_loss_abs":2393.27,"stop_loss_ratio":-0.5,"min_rate":4724.48,"max_rate":4786.54,"is_open":false,"enter_tag":"","leverage":1.0,"is_short":false,"open_timestamp":1755143100000,"close_timestamp":1755150300000,"orders":[{"amount":7.4217,"safe_price":4769.5,"ft_order_side":"buy","order_filled_timestamp":1755143100000,"ft_is_entry":true,"ft_order_tag":"","cost":35433.19594815},{"amount":7.4217,"safe_price":4729.34,"ft_order_side":"sell","order_filled_timestamp":1755150300000,"ft_is_entry":false,"ft_order_tag":"exit_signal","cost":35134.842420678}],"funding_fees":0.0},{"pair":"ETH/USDT","stake_amount":49161.404,"max_stake_amount":49161.404,"amount":11.003,"open_date":"2025-08-17 04:45:00+00:00","close_date":"2025-08-17 08:30:00+00:00","open_rate":4468.0,"close_rate":4472.87,"fee_open":0.001,"fee_close":0.001,"trade_duration":225,"profit_ratio":-0.0009102066241726044,"profit_abs":-44.79178261,"exit_reason":"exit_signal","initial_stop_loss_abs":2234.0,"initial_stop_loss_ratio":-0.5,"stop_loss_abs":2245.5,"stop_loss_ratio":-0.5,"min_rate":4444.44,"max_rate":4491.0,"is_open":false,"enter_tag":"","leverage":1.0,"is_short":false,"open_timestamp":1755405900000,"close_timestamp":1755419400000,"orders":[{"amount":11.003,"safe_price":4468.0,"ft_order_side":"buy","order_filled_timestamp":1755405900000,"ft_is_entry":true,"ft_order_tag":"","cost":49210.56540399999},{"amount":11.003,"safe_price":4472.87,"ft_order_side":"sell","order_filled_timestamp":1755419400000,"ft_is_entry":false,"ft_order_tag":"exit_signal","cost":49264.203598609995}],"funding_fees":0.0},{"pair":"ETH/USDT","stake_amount":31634.19408,"max_stake_amount":31634.19408,"amount":6.9593,"open_date":"2025-08-17 09:15:00+00:00","close_date":"2025-08-17 16:30:00+00:00","open_rate":4545.6,"close_rate":4539.32,"fee_open":0.001,"fee_close":0.001,"trade_duration":435,"profit_ratio":-0.0033767974371138303,"profit_abs":-106.92908776,"exit_reason":"exit_signal","initial_stop_loss_abs":2272.8,"initial_stop_loss_ratio":-0.5,"stop_loss_abs":2288.0,"stop_loss_ratio":-0.5,"min_rate":4519.13,"max_rate":4576.0,"is_open":false,"enter_tag":"","leverage":1.0,"is_short":false,"open_timestamp":1755422100000,"close_timestamp":1755448200000,"orders":[{"amount":6.9593,"safe_price":4545.6,"ft_order_side":"buy","order_filled_timestamp":1755422100000,"ft_is_entry":true,"ft_order_tag":"","cost":31665.82827408},{"amount":6.9593,"safe_price":4539.32,"ft_order_side":"sell","order_filled_timestamp":1755448200000,"ft_is_entry":false,"ft_order_tag":"exit_signal","cost":31622.080165675994}],"funding_fees":0.0},{"pair":"ETH/USDT","stake_amount":40925.450332,"max_stake_amount":40925.450332,"amount":9.4978,"open_date":"2025-08-19 12:00:00+00:00","close_date":"2025-08-19 13:45:00+00:00","open_rate":4308.94,"close_rate":4278.1,"fee_open":0.001,"fee_close":0.001,"trade_duration":105,"profit_ratio":-0.009140914551477159,"profit_abs":-374.47014051,"exit_reason":"exit_signal","initial_stop_loss_abs":2154.47,"initial_stop_loss_ratio":-0.5,"stop_loss_abs":2170.08,"stop_loss_ratio":-0.5,"min_rate":4264.31,"max_rate":4340.15,"is_open":false,"enter_tag":"","leverage":1.0,"is_short":false,"open_timestamp":1755604800000,"close_timestamp":1755611100000,"orders":[{"amount":9.4978,"safe_price":4308.94,"ft_order_side":"buy","order_filled_timestamp":1755604800000,"ft_is_entry":true,"ft_order_tag":"","cost":40966.37578233199},{"amount":9.4978,"safe_price":4278.1,"ft_order_side":"sell","order_filled_timestamp":1755611100000,"ft_is_entry":false,"ft_order_tag":"exit_signal","cost":40673.17071818}],"funding_fees":0.0},{"pair":"ETH/USDT","stake_amount":23661.90626,"max_stake_amount":23661.90626,"amount":5.513,"open_date":"2025-08-19 14:00:00+00:00","close_date":"2025-08-19 14:15:00+00:00","open_rate":4292.02,"close_rate":4272.9,"fee_open":0.001,"fee_close":0.001,"trade_duration":15,"profit_ratio":-0.0064438802096128955,"profit_abs":-152.62696396,"exit_reason":"exit_signal","initial_stop_loss_abs":2146.01,"initial_stop_loss_ratio":-0.5,"stop_loss_abs":2153.26,"stop_loss_ratio":-0.5,"min_rate":4207.5,"max_rate":4306.51,"is_open":false,"enter_tag":"","leverage":1.0,"is_short":false,"open_timestamp":1755612000000,"close_timestamp":1755612900000,"orders":[{"amount":5.513,"safe_price":4292.02,"ft_order_side":"buy","order_filled_timestamp":1755612000000,"ft_is_entry":true,"ft_order_tag":"","cost":23685.56816626},{"amount":5.513,"safe_price":4272.9,"ft_order_side":"sell","order_filled_timestamp":1755612900000,"ft_is_entry":false,"ft_order_tag":"exit_signal","cost":23580.054197699992}],"funding_fees":0.0},{"pair":"ETH/USDT","stake_amount":10033.308,"max_stake_amount":10033.308,"amount":2.076,"open_date":"2025-08-22 20:00:00+00:00","close_date":"2025-08-23 02:30:00+00:00","open_rate":4833.0,"close_rate":4708.22,"fee_open":0.001,"fee_close":0.001,"trade_duration":390,"profit_ratio":-0.027764749217263185,"profit_abs":-278.85085272,"exit_reason":"exit_signal","initial_stop_loss_abs":2416.5,"initial_stop_loss_ratio":-0.5,"stop_loss_abs":2443.8,"stop_loss_ratio":-0.5,"min_rate":4659.7,"max_rate":4887.59,"is_open":false,"enter_tag":"","leverage":1.0,"is_short":false,"open_timestamp":1755892800000,"close_timestamp":1755916200000,"orders":[{"amount":2.076,"safe_price":4833.0,"ft_order_side":"buy","order_filled_timestamp":1755892800000,"ft_is_entry":true,"ft_order_tag":"","cost":10043.341308},{"amount":2.076,"safe_price":4708.22,"ft_order_side":"sell","order_filled_timestamp":1755916200000,"ft_is_entry":false,"ft_order_tag":"exit_signal","cost":9784.03898472}],"funding_fees":0.0},{"pair":"ETH/USDT","stake_amount":20144.326764,"max_stake_amount":20144.326764,"amount":4.2436,"open_date":"2025-08-23 05:00:00+00:00","close_date":"2025-08-23 06:45:00+00:00","open_rate":4746.99,"close_rate":4746.22,"fee_open":0.001,"fee_close":0.001,"trade_duration":105,"profit_ratio":-0.0021598859580278656,"profit_abs":-43.55295796,"exit_reason":"exit_signal","initial_stop_loss_abs":2373.5,"initial_stop_loss_ratio":-0.5,"stop_loss_abs":2382.77,"stop_loss_ratio":-0.5,"min_rate":4728.04,"max_rate":4765.54,"is_open":false,"enter_tag":"","leverage":1.0,"is_short":false,"open_timestamp":1755925200000,"close_timestamp":1755931500000,"orders":[{"amount":4.2436,"safe_price":4746.99,"ft_order_side":"buy","order_filled_timestamp":1755925200000,"ft_is_entry":true,"ft_order_tag":"","cost":20164.471090763996},{"amount":4.2436,"safe_price":4746.22,"ft_order_side":"sell","order_filled_timestamp":1755931500000,"ft_is_entry":false,"ft_order_tag":"exit_signal","cost":20161.200251192}],"funding_fees":0.0},{"pair":"ETH/USDT","stake_amount":29950.10496,"max_stake_amount":29950.10496,"amount":6.3282,"open_date":"2025-08-23 09:45:00+00:00","close_date":"2025-08-23 10:15:00+00:00","open_rate":4732.8,"close_rate":4729.23,"fee_open":0.001,"fee_close":0.001,"trade_duration":30,"profit_ratio":-0.002750805229386927,"profit_abs":-82.46929225,"exit_reason":"exit_signal","initial_stop_loss_abs":2366.4,"initial_stop_loss_ratio":-0.5,"stop_loss_abs":2373.05,"stop_loss_ratio":-0.5,"min_rate":4714.68,"max_rate":4746.09,"is_open":false,"enter_tag":"","leverage":1.0,"is_short":false,"open_timestamp":1755942300000,"close_timestamp":1755944100000,"orders":[{"amount":6.3282,"safe_price":4732.8,"ft_order_side":"buy","order_filled_timestamp":1755942300000,"ft_is_entry":true,"ft_order_tag":"","cost":29980.055064959997},{"amount":6.3282,"safe_price":4729.23,"ft_order_side":"sell","order_filled_timestamp":1755944100000,"ft_is_entry":false,"ft_order_tag":"exit_signal","cost":29957.440799285996}],"funding_fees":0.0},{"pair":"ETH/USDT","stake_amount":49798.261584,"max_stake_amount":49798.261584,"amount":10.3784,"open_date":"2025-08-24 01:00:00+00:00","close_date":"2025-08-24 01:15:00+00:00","open_rate":4798.26,"close_rate":4775.49,"fee_open":0.001,"fee_close":0.001,"trade_duration":15,"profit_ratio":-0.006733990771954534,"profit_abs":-335.676375,"exit_reason":"exit_signal","initial_stop_loss_abs":2399.13,"initial_stop_loss_ratio":-0.5,"stop_loss_abs":2399.58,"stop_loss_ratio":-0.5,"min_rate":4758.88,"max_rate":4799.16,"is_open":false,"enter_tag":"","leverage":1.0,"is_short":false,"open_timestamp":1755997200000,"close_timestamp":1755998100000,"orders":[{"amount":10.3784,"safe_price":4798.26,"ft_order_side":"buy","order_filled_timestamp":1755997200000,"ft_is_entry":true,"ft_order_tag":"","cost":49848.05984558399},{"amount":10.3784,"safe_price":4775.49,"ft_order_side":"sell","order_filled_timestamp":1755998100000,"ft_is_entry":false,"ft_order_tag":"exit_signal","cost":49611.50736141599}],"funding_fees":0.0},{"pair":"ETH/USDT","stake_amount":56296.2153,"max_stake_amount":56296.2153,"amount":11.6882,"open_date":"2025-08-24 15:30:00+00:00","close_date":"2025-08-24 20:00:00+00:00","open_rate":4816.5,"close_rate":4813.01,"fee_open":0.001,"fee_close":0.001,"trade_duration":270,"profit_ratio":-0.0027211468070658476,"profit_abs":-153.34345678,"exit_reason":"exit_signal","initial_stop_loss_abs":2408.25,"initial_stop_loss_ratio":-0.5,"stop_loss_abs":2478.39,"stop_loss_ratio":-0.5,"min_rate":4711.0,"max_rate":4956.78,"is_open":false,"enter_tag":"","leverage":1.0,"is_short":false,"open_timestamp":1756049400000,"close_timestamp":1756065600000,"orders":[{"amount":11.6882,"safe_price":4816.5,"ft_order_side":"buy","order_filled_timestamp":1756049400000,"ft_is_entry":true,"ft_order_tag":"","cost":56352.5115153},{"amount":11.6882,"safe_price":4813.01,"ft_order_side":"sell","order_filled_timestamp":1756065600000,"ft_is_entry":false,"ft_order_tag":"exit_signal","cost":56311.678905482}],"funding_fees":0.0}],"locks":[],"best_pair":{"key":"ETH/USDT","trades":74,"profit_mean":-0.00033760547611391586,"profit_mean_pct":-0.03,"profit_total_abs":-740.4222225999998,"profit_total":-0.0074042222259999985,"profit_total_pct":-0.74,"duration_avg":"4:13:00","wins":23,"draws":0,"losses":51,"winrate":0.3108108108108108,"cagr":-0.04420319096915171,"expectancy":-10.005705710810787,"expectancy_ratio":-0.0463701351185708,"sortino":-1.4414229681898791,"sharpe":-0.5385999215312776,"calmar":-7.831294620341608,"sqn":-0.1953,"profit_factor":0.9327178431612896,"max_drawdown_account":0.030105168613852387,"max_drawdown_abs":3080.9797401},"worst_pair":{"key":"ETH/USDT","trades":74,"profit_mean":-0.00033760547611391586,"profit_mean_pct":-0.03,"profit_total_abs":-740.4222225999998,"profit_total":-0.0074042222259999985,"profit_total_pct":-0.74,"duration_avg":"4:13:00","wins":23,"draws":0,"losses":51,"winrate":0.3108108108108108,"cagr":-0.04420319096915171,"expectancy":-10.005705710810787,"expectancy_ratio":-0.0463701351185708,"sortino":-1.4414229681898791,"sharpe":-0.5385999215312776,"calmar":-7.831294620341608,"sqn":-0.1953,"profit_factor":0.9327178431612896,"max_drawdown_account":0.030105168613852387,"max_drawdown_abs":3080.9797401},"results_per_pair":[{"key":"ETH/USDT","trades":74,"profit_mean":-0.00033760547611391586,"profit_mean_pct":-0.03,"profit_total_abs":-740.4222225999998,"profit_total":-0.0074042222259999985,"profit_total_pct":-0.74,"duration_avg":"4:13:00","wins":23,"draws":0,"losses":51,"winrate":0.3108108108108108,"cagr":-0.04420319096915171,"expectancy":-10.005705710810787,"expectancy_ratio":-0.0463701351185708,"sortino":-1.4414229681898791,"sharpe":-0.5385999215312776,"calmar":-7.831294620341608,"sqn":-0.1953,"profit_factor":0.9327178431612896,"max_drawdown_account":0.030105168613852387,"max_drawdown_abs":3080.9797401},{"key":"TOTAL","trades":74,"profit_mean":-0.00033760547611391586,"profit_mean_pct":-0.03,"profit_total_abs":-740.4222225999998,"profit_total":-0.0074042222259999985,"profit_total_pct":-0.74,"duration_avg":"4:13:00","wins":23,"draws":0,"losses":51,"winrate":0.3108108108108108,"cagr":-0.04420319096915171,"expectancy":-10.005705710810787,"expectancy_ratio":-0.0463701351185708,"sortino":-1.4414229681898791,"sharpe":-0.5385999215312776,"calmar":-7.831294620341608,"sqn":-0.1953,"profit_factor":0.9327178431612896,"max_drawdown_account":0.030105168613852387,"max_drawdown_abs":3080.9797401}],"results_per_enter_tag":[{"key":"","trades":74,"profit_mean":-0.00033760547611391586,"profit_mean_pct":-0.03,"profit_total_abs":-740.4222225999998,"profit_total":-0.0074042222259999985,"profit_total_pct":-0.74,"duration_avg":"4:13:00","wins":23,"draws":0,"losses":51,"winrate":0.3108108108108108,"cagr":-0.04420319096915171,"expectancy":-10.005705710810787,"expectancy_ratio":-0.0463701351185708,"sortino":-1.4414229681898791,"sharpe":-0.5385999215312776,"calmar":-7.831294620341608,"sqn":-0.1953,"profit_factor":0.9327178431612896,"max_drawdown_account":0.030105168613852387,"max_drawdown_abs":3080.9797401},{"key":"TOTAL","trades":74,"profit_mean":-0.00033760547611391586,"profit_mean_pct":-0.03,"profit_total_abs":-740.4222225999998,"profit_total":-0.0074042222259999985,"profit_total_pct":-0.74,"duration_avg":"4:13:00","wins":23,"draws":0,"losses":51,"winrate":0.3108108108108108,"cagr":-0.04420319096915171,"expectancy":-10.005705710810787,"expectancy_ratio":-0.0463701351185708,"sortino":-1.4414229681898791,"sharpe":-0.5385999215312776,"calmar":-7.831294620341608,"sqn":-0.1953,"profit_factor":0.9327178431612896,"max_drawdown_account":0.030105168613852387,"max_drawdown_abs":3080.9797401}],"exit_reason_summary":[{"key":"trailing_stop_loss","trades":9,"profit_mean":0.030751175372378377,"profit_mean_pct":3.08,"profit_total_abs":9116.79137515,"profit_total":0.0911679137515,"profit_total_pct":9.12,"duration_avg":"3:37:00","wins":9,"draws":0,"losses":0,"winrate":1.0,"cagr":0.7002279590916551,"expectancy":1012.9768194611111,"expectancy_ratio":100.0,"sortino":-100,"sharpe":8.359775219312628,"calmar":-100,"sqn":8.2509,"profit_factor":0.0,"max_drawdown_account":0.0,"max_drawdown_abs":0.0},{"key":"exit_signal","trades":65,"profit_mean":-0.004642205901289772,"profit_mean_pct":-0.46,"profit_total_abs":-9857.21359775,"profit_total":-0.0985721359775,"profit_total_pct":-9.86,"duration_avg":"4:18:00","wins":14,"draws":0,"losses":51,"winrate":0.2153846153846154,"cagr":-0.46809984279852335,"expectancy":-151.6494399653846,"expectancy_ratio":-0.7027995051116342,"sortino":-19.18961053364587,"sharpe":-16.432790935116433,"calmar":-31.841621957571334,"sqn":-6.3517,"profit_factor":0.10427514054399557,"max_drawdown_account":0.0985721359775,"max_drawdown_abs":9857.213597749997},{"key":"TOTAL","trades":74,"profit_mean":-0.00033760547611391586,"profit_mean_pct":-0.03,"profit_total_abs":-740.4222225999998,"profit_total":-0.0074042222259999985,"profit_total_pct":-0.74,"duration_avg":"4:13:00","wins":23,"draws":0,"losses":51,"winrate":0.3108108108108108,"cagr":-0.04420319096915171,"expectancy":-10.005705710810787,"expectancy_ratio":-0.0463701351185708,"sortino":-1.4414229681898791,"sharpe":-0.5385999215312776,"calmar":-7.831294620341608,"sqn":-0.1953,"profit_factor":0.9327178431612896,"max_drawdown_account":0.030105168613852387,"max_drawdown_abs":3080.9797401}],"mix_tag_stats":[{"key":["","trailing_stop_loss"],"trades":9,"profit_mean":0.030751175372378377,"profit_mean_pct":3.08,"profit_total_abs":9116.79137515,"profit_total":0.0911679137515,"profit_total_pct":9.12,"duration_avg":"3:37:00","wins":9,"draws":0,"losses":0,"winrate":1.0,"cagr":0.7002279590916551,"expectancy":1012.9768194611111,"expectancy_ratio":100.0,"sortino":-100,"sharpe":8.359775219312628,"calmar":-100,"sqn":8.2509,"profit_factor":0.0,"max_drawdown_account":0.0,"max_drawdown_abs":0.0},{"key":["","exit_signal"],"trades":65,"profit_mean":-0.004642205901289772,"profit_mean_pct":-0.46,"profit_total_abs":-9857.21359775,"profit_total":-0.0985721359775,"profit_total_pct":-9.86,"duration_avg":"4:18:00","wins":14,"draws":0,"losses":51,"winrate":0.2153846153846154,"cagr":-0.46809984279852335,"expectancy":-151.6494399653846,"expectancy_ratio":-0.7027995051116342,"sortino":-19.18961053364587,"sharpe":-16.432790935116433,"calmar":-31.841621957571334,"sqn":-6.3517,"profit_factor":0.10427514054399557,"max_drawdown_account":0.0985721359775,"max_drawdown_abs":9857.213597749997},{"key":"TOTAL","trades":74,"profit_mean":-0.00033760547611391586,"profit_mean_pct":-0.03,"profit_total_abs":-740.4222225999998,"profit_total":-0.0074042222259999985,"profit_total_pct":-0.74,"duration_avg":"4:13:00","wins":23,"draws":0,"losses":51,"winrate":0.3108108108108108,"cagr":-0.04420319096915171,"expectancy":-10.005705710810787,"expectancy_ratio":-0.0463701351185708,"sortino":-1.4414229681898791,"sharpe":-0.5385999215312776,"calmar":-7.831294620341608,"sqn":-0.1953,"profit_factor":0.9327178431612896,"max_drawdown_account":0.030105168613852387,"max_drawdown_abs":3080.9797401}],"left_open_trades":[{"key":"TOTAL","trades":0,"profit_mean":0.0,"profit_mean_pct":0.0,"profit_total_abs":0.0,"profit_total":0.0,"profit_total_pct":0.0,"duration_avg":"0:00","wins":0,"draws":0,"losses":0,"winrate":0.0,"cagr":0.0,"expectancy":0.0,"expectancy_ratio":100.0,"sortino":0,"sharpe":0,"calmar":0,"sqn":0.0,"profit_factor":0.0,"max_drawdown_account":0.0,"max_drawdown_abs":0.0}],"total_trades":74,"trade_count_long":74,"trade_count_short":0,"total_volume":4944638.07298461,"avg_stake_amount":33347.966881472974,"profit_mean":-0.00033760547611391586,"profit_median":-0.0027490580327429927,"profit_total":-0.0074042222259999985,"profit_total_long":-0.0074042222259999985,"profit_total_short":0.0,"profit_total_abs":-740.4222225999998,"profit_total_long_abs":-740.4222225999998,"profit_total_short_abs":0.0,"cagr":-0.04420319096915171,"expectancy":-10.005705710810787,"expectancy_ratio":-0.0463701351185708,"sortino":-1.4414229681898791,"sharpe":-0.5385999215312776,"calmar":-7.831294620341608,"sqn":-0.1953,"profit_factor":0.9327178431612896,"backtest_start":"2025-06-26 06:00:00","backtest_start_ts":1750917600000,"backtest_end":"2025-08-26 00:00:00","backtest_end_ts":1756166400000,"backtest_days":60,"backtest_run_start_ts":1756258011,"backtest_run_end_ts":1756258015,"trades_per_day":1.23,"market_change":0.7573971168559231,"pairlist":["ETH/USDT"],"stake_amount":5000,"stake_currency":"USDT","stake_currency_decimals":3,"starting_balance":100000,"dry_run_wallet":100000,"final_balance":99259.5777774,"rejected_signals":0,"timedout_entry_orders":0,"timedout_exit_orders":0,"canceled_trade_entries":0,"canceled_entry_orders":0,"replaced_entry_orders":0,"max_open_trades":1,"max_open_trades_setting":1,"timeframe":"15m","timeframe_detail":"","timerange":"20250526-20250826","enable_protections":false,"strategy_name":"VATSMStrategy","stoploss":-0.5,"trailing_stop":true,"trailing_stop_positive":0.01,"trailing_stop_positive_offset":0.03,"trailing_only_offset_is_reached":false,"use_custom_stoploss":true,"minimal_roi":{"0":10},"use_exit_signal":true,"exit_profit_only":false,"exit_profit_offset":0.0,"ignore_roi_if_entry_signal":false,"trading_mode":"spot","margin_mode":"","periodic_breakdown":{"day":[{"date":"29/06/2025","date_ts":1751155200000,"profit_abs":-109.98157537,"wins":0,"draws":0,"losses":1,"trades":1,"profit_factor":0.0},{"date":"30/06/2025","date_ts":1751241600000,"profit_abs":-90.24728188,"wins":1,"draws":0,"losses":1,"trades":2,"profit_factor":0.37577802},{"date":"01/07/2025","date_ts":1751328000000,"profit_abs":0.0,"wins":0,"draws":0,"losses":0,"trades":0,"profit_factor":0.0},{"date":"02/07/2025","date_ts":1751414400000,"profit_abs":755.0087317,"wins":2,"draws":0,"losses":2,"trades":4,"profit_factor":3.25114322},{"date":"03/07/2025","date_ts":1751500800000,"profit_abs":-59.34668783,"wins":0,"draws":0,"losses":2,"trades":2,"profit_factor":0.0},{"date":"04/07/2025","date_ts":1751587200000,"profit_abs":0.0,"wins":0,"draws":0,"losses":0,"trades":0,"profit_factor":0.0},{"date":"05/07/2025","date_ts":1751673600000,"profit_abs":0.0,"wins":0,"draws":0,"losses":0,"trades":0,"profit_factor":0.0},{"date":"06/07/2025","date_ts":1751760000000,"profit_abs":-550.61647357,"wins":0,"draws":0,"losses":2,"trades":2,"profit_factor":0.0},{"date":"07/07/2025","date_ts":1751846400000,"profit_abs":-441.8403337,"wins":0,"draws":0,"losses":1,"trades":1,"profit_factor":0.0},{"date":"08/07/2025","date_ts":1751932800000,"profit_abs":-489.98585978,"wins":0,"draws":0,"losses":1,"trades":1,"profit_factor":0.0},{"date":"09/07/2025","date_ts":1752019200000,"profit_abs":593.89348701,"wins":1,"draws":0,"losses":2,"trades":3,"profit_factor":2.41040544},{"date":"10/07/2025","date_ts":1752105600000,"profit_abs":1491.43168778,"wins":3,"draws":0,"losses":0,"trades":3,"profit_factor":0.0},{"date":"11/07/2025","date_ts":1752192000000,"profit_abs":46.70429925,"wins":1,"draws":0,"losses":0,"trades":1,"profit_factor":0.0},{"date":"12/07/2025","date_ts":1752278400000,"profit_abs":0.0,"wins":0,"draws":0,"losses":0,"trades":0,"profit_factor":0.0},{"date":"13/07/2025","date_ts":1752364800000,"profit_abs":164.02354454,"wins":1,"draws":0,"losses":0,"trades":1,"profit_factor":0.0},{"date":"14/07/2025","date_ts":1752451200000,"profit_abs":-197.45176276,"wins":0,"draws":0,"losses":1,"trades":1,"profit_factor":0.0},{"date":"15/07/2025","date_ts":1752537600000,"profit_abs":-844.26159427,"wins":1,"draws":0,"losses":1,"trades":2,"profit_factor":0.00175544},{"date":"16/07/2025","date_ts":1752624000000,"profit_abs":1726.19823048,"wins":2,"draws":0,"losses":2,"trades":4,"profit_factor":7.64656807},{"date":"17/07/2025","date_ts":1752710400000,"profit_abs":-926.31981408,"wins":1,"draws":0,"losses":4,"trades":5,"profit_factor":0.09498066},{"date":"18/07/2025","date_ts":1752796800000,"profit_abs":22.83080528,"wins":1,"draws":0,"losses":0,"trades":1,"profit_factor":0.0},{"date":"19/07/2025","date_ts":1752883200000,"profit_abs":0.0,"wins":0,"draws":0,"losses":0,"trades":0,"profit_factor":0.0},{"date":"20/07/2025","date_ts":1752969600000,"profit_abs":1102.26635519,"wins":1,"draws":0,"losses":1,"trades":2,"profit_factor":8.43509796},{"date":"21/07/2025","date_ts":1753056000000,"profit_abs":0.0,"wins":0,"draws":0,"losses":0,"trades":0,"profit_factor":0.0},{"date":"22/07/2025","date_ts":1753142400000,"profit_abs":0.0,"wins":0,"draws":0,"losses":0,"trades":0,"profit_factor":0.0},{"date":"23/07/2025","date_ts":1753228800000,"profit_abs":-233.65717167,"wins":0,"draws":0,"losses":1,"trades":1,"profit_factor":0.0},{"date":"24/07/2025","date_ts":1753315200000,"profit_abs":0.0,"wins":0,"draws":0,"losses":0,"trades":0,"profit_factor":0.0},{"date":"25/07/2025","date_ts":1753401600000,"profit_abs":-247.9701497,"wins":0,"draws":0,"losses":1,"trades":1,"profit_factor":0.0},{"date":"26/07/2025","date_ts":1753488000000,"profit_abs":-525.92394204,"wins":0,"draws":0,"losses":3,"trades":3,"profit_factor":0.0},{"date":"27/07/2025","date_ts":1753574400000,"profit_abs":-581.54991922,"wins":0,"draws":0,"losses":3,"trades":3,"profit_factor":0.0},{"date":"28/07/2025","date_ts":1753660800000,"profit_abs":103.13723365,"wins":1,"draws":0,"losses":0,"trades":1,"profit_factor":0.0},{"date":"29/07/2025","date_ts":1753747200000,"profit_abs":-381.56054154,"wins":0,"draws":0,"losses":1,"trades":1,"profit_factor":0.0},{"date":"30/07/2025","date_ts":1753833600000,"profit_abs":-120.2191085,"wins":0,"draws":0,"losses":1,"trades":1,"profit_factor":0.0},{"date":"31/07/2025","date_ts":1753920000000,"profit_abs":55.38971774,"wins":1,"draws":0,"losses":0,"trades":1,"profit_factor":0.0},{"date":"01/08/2025","date_ts":1754006400000,"profit_abs":0.0,"wins":0,"draws":0,"losses":0,"trades":0,"profit_factor":0.0},{"date":"02/08/2025","date_ts":1754092800000,"profit_abs":0.0,"wins":0,"draws":0,"losses":0,"trades":0,"profit_factor":0.0},{"date":"03/08/2025","date_ts":1754179200000,"profit_abs":0.0,"wins":0,"draws":0,"losses":0,"trades":0,"profit_factor":0.0},{"date":"04/08/2025","date_ts":1754265600000,"profit_abs":0.0,"wins":0,"draws":0,"losses":0,"trades":0,"profit_factor":0.0},{"date":"05/08/2025","date_ts":1754352000000,"profit_abs":0.0,"wins":0,"draws":0,"losses":0,"trades":0,"profit_factor":0.0},{"date":"06/08/2025","date_ts":1754438400000,"profit_abs":0.0,"wins":0,"draws":0,"losses":0,"trades":0,"profit_factor":0.0},{"date":"07/08/2025","date_ts":1754524800000,"profit_abs":-111.88682728,"wins":1,"draws":0,"losses":2,"trades":3,"profit_factor":0.46732327},{"date":"08/08/2025","date_ts":1754611200000,"profit_abs":-9.86596415,"wins":0,"draws":0,"losses":1,"trades":1,"profit_factor":0.0},{"date":"09/08/2025","date_ts":1754697600000,"profit_abs":2028.27379334,"wins":3,"draws":0,"losses":0,"trades":3,"profit_factor":0.0},{"date":"10/08/2025","date_ts":1754784000000,"profit_abs":-665.60777766,"wins":0,"draws":0,"losses":2,"trades":2,"profit_factor":0.0},{"date":"11/08/2025","date_ts":1754870400000,"profit_abs":-466.02836106,"wins":0,"draws":0,"losses":2,"trades":2,"profit_factor":0.0},{"date":"12/08/2025","date_ts":1754956800000,"profit_abs":466.92948305,"wins":1,"draws":0,"losses":2,"trades":3,"profit_factor":2.96403252},{"date":"13/08/2025","date_ts":1755043200000,"profit_abs":-300.92452317,"wins":1,"draws":0,"losses":1,"trades":2,"profit_factor":0.15419875},{"date":"14/08/2025","date_ts":1755129600000,"profit_abs":-368.55301283,"wins":0,"draws":0,"losses":1,"trades":1,"profit_factor":0.0},{"date":"15/08/2025","date_ts":1755216000000,"profit_abs":0.0,"wins":0,"draws":0,"losses":0,"trades":0,"profit_factor":0.0},{"date":"16/08/2025","date_ts":1755302400000,"profit_abs":0.0,"wins":0,"draws":0,"losses":0,"trades":0,"profit_factor":0.0},{"date":"17/08/2025","date_ts":1755388800000,"profit_abs":-151.72087037,"wins":0,"draws":0,"losses":2,"trades":2,"profit_factor":0.0},{"date":"18/08/2025","date_ts":1755475200000,"profit_abs":0.0,"wins":0,"draws":0,"losses":0,"trades":0,"profit_factor":0.0},{"date":"19/08/2025","date_ts":1755561600000,"profit_abs":-527.09710447,"wins":0,"draws":0,"losses":2,"trades":2,"profit_factor":0.0},{"date":"20/08/2025","date_ts":1755648000000,"profit_abs":0.0,"wins":0,"draws":0,"losses":0,"trades":0,"profit_factor":0.0},{"date":"21/08/2025","date_ts":1755734400000,"profit_abs":0.0,"wins":0,"draws":0,"losses":0,"trades":0,"profit_factor":0.0},{"date":"22/08/2025","date_ts":1755820800000,"profit_abs":0.0,"wins":0,"draws":0,"losses":0,"trades":0,"profit_factor":0.0},{"date":"23/08/2025","date_ts":1755907200000,"profit_abs":-404.87310293,"wins":0,"draws":0,"losses":3,"trades":3,"profit_factor":0.0},{"date":"24/08/2025","date_ts":1755993600000,"profit_abs":-489.01983178,"wins":0,"draws":0,"losses":2,"trades":2,"profit_factor":0.0}],"week":[{"date":"30/06/2025","date_ts":1751241600000,"profit_abs":-200.22885725,"wins":1,"draws":0,"losses":2,"trades":3,"profit_factor":0.21342293},{"date":"07/07/2025","date_ts":1751846400000,"profit_abs":-296.7947634,"wins":2,"draws":0,"losses":7,"trades":9,"profit_factor":0.78604645},{"date":"14/07/2025","date_ts":1752451200000,"profit_abs":1608.61539604,"wins":6,"draws":0,"losses":4,"trades":10,"profit_factor":2.45114106},{"date":"21/07/2025","date_ts":1753056000000,"profit_abs":1080.7139826,"wins":6,"draws":0,"losses":8,"trades":14,"profit_factor":1.47457046},{"date":"28/07/2025","date_ts":1753660800000,"profit_abs":-1485.96394898,"wins":1,"draws":0,"losses":8,"trades":9,"profit_factor":0.06490287},{"date":"04/08/2025","date_ts":1754265600000,"profit_abs":-446.3899323,"wins":1,"draws":0,"losses":2,"trades":3,"profit_factor":0.11038654},{"date":"11/08/2025","date_ts":1754870400000,"profit_abs":774.88486319,"wins":4,"draws":0,"losses":7,"trades":11,"profit_factor":1.57333116},{"date":"18/08/2025","date_ts":1755475200000,"profit_abs":-354.26892332,"wins":2,"draws":0,"losses":6,"trades":8,"profit_factor":0.68192782},{"date":"25/08/2025","date_ts":1756080000000,"profit_abs":-1420.99003918,"wins":0,"draws":0,"losses":7,"trades":7,"profit_factor":0.0}],"month":[{"date":"30/06/2025","date_ts":1751241600000,"profit_abs":-200.22885725,"wins":1,"draws":0,"losses":2,"trades":3,"profit_factor":0.21342293},{"date":"31/07/2025","date_ts":1753920000000,"profit_abs":460.18073396,"wins":16,"draws":0,"losses":29,"trades":45,"profit_factor":1.06704423},{"date":"31/08/2025","date_ts":1756598400000,"profit_abs":-1000.37409931,"wins":6,"draws":0,"losses":20,"trades":26,"profit_factor":0.74259216}],"year":[{"date":"31/12/2025","date_ts":1767139200000,"profit_abs":-740.4222226,"wins":23,"draws":0,"losses":51,"trades":74,"profit_factor":0.93271784}]},"backtest_best_day":0.0640913616829886,"backtest_worst_day":-0.037437000368314564,"backtest_best_day_abs":2028.27379334,"backtest_worst_day_abs":-926.31981408,"winning_days":12,"draw_days":20,"losing_days":25,"daily_profit":[["2025-06-29",-109.98157537],["2025-06-30",-90.24728188],["2025-07-01",0.0],["2025-07-02",755.0087317],["2025-07-03",-59.34668783],["2025-07-04",0.0],["2025-07-05",0.0],["2025-07-06",-550.61647357],["2025-07-07",-441.8403337],["2025-07-08",-489.98585978],["2025-07-09",593.89348701],["2025-07-10",1491.43168778],["2025-07-11",46.70429925],["2025-07-12",0.0],["2025-07-13",164.02354454],["2025-07-14",-197.45176276],["2025-07-15",-844.26159427],["2025-07-16",1726.19823048],["2025-07-17",-926.31981408],["2025-07-18",22.83080528],["2025-07-19",0.0],["2025-07-20",1102.26635519],["2025-07-21",0.0],["2025-07-22",0.0],["2025-07-23",-233.65717167],["2025-07-24",0.0],["2025-07-25",-247.9701497],["2025-07-26",-525.92394204],["2025-07-27",-581.54991922],["2025-07-28",103.13723365],["2025-07-29",-381.56054154],["2025-07-30",-120.2191085],["2025-07-31",55.38971774],["2025-08-01",0.0],["2025-08-02",0.0],["2025-08-03",0.0],["2025-08-04",0.0],["2025-08-05",0.0],["2025-08-06",0.0],["2025-08-07",-111.88682728],["2025-08-08",-9.86596415],["2025-08-09",2028.27379334],["2025-08-10",-665.60777766],["2025-08-11",-466.02836106],["2025-08-12",466.92948305],["2025-08-13",-300.92452317],["2025-08-14",-368.55301283],["2025-08-15",0.0],["2025-08-16",0.0],["2025-08-17",-151.72087037],["2025-08-18",0.0],["2025-08-19",-527.09710447],["2025-08-20",0.0],["2025-08-21",0.0],["2025-08-22",0.0],["2025-08-23",-404.87310293],["2025-08-24",-489.01983178]],"wins":23,"losses":51,"draws":0,"winrate":0.3108108108108108,"holding_avg":"4:13:00","holding_avg_s":15180.0,"winner_holding_min":"0d 00:15","winner_holding_min_s":900.0,"winner_holding_max":"0d 15:45","winner_holding_max_s":56700.0,"winner_holding_avg":"0d 05:46","winner_holding_avg_s":20760.0,"loser_holding_min":"0d 00:15","loser_holding_min_s":900.0,"loser_holding_max":"0d 11:00","loser_holding_max_s":39600.0,"loser_holding_avg":"0d 03:31","loser_holding_avg_s":12660.0,"max_consecutive_wins":6,"max_consecutive_losses":11,"max_drawdown_account":0.030105168613852387,"max_relative_drawdown":0.030105168613852387,"max_drawdown_abs":3080.9797401,"drawdown_start":"2025-07-20 11:45:00","drawdown_start_ts":1753011900000.0,"drawdown_end":"2025-08-24 20:00:00","drawdown_end_ts":1756065600000.0,"max_drawdown_low":-740.4222225999996,"max_drawdown_high":2340.5575175000004,"csum_min":98591.91054497,"csum_max":102340.5575175}},"strategy_comparison":[{"key":"VATSMStrategy","trades":74,"profit_mean":-0.00033760547611391586,"profit_mean_pct":-0.03,"profit_total_abs":-740.4222225999998,"profit_total":-0.0074042222259999985,"profit_total_pct":-0.74,"duration_avg":"4:13:00","wins":23,"draws":0,"losses":51,"winrate":0.3108108108108108,"cagr":-0.04420319096915171,"expectancy":-10.005705710810787,"expectancy_ratio":-0.0463701351185708,"sortino":-1.4414229681898791,"sharpe":-0.5385999215312776,"calmar":-7.831294620341608,"sqn":-0.1953,"profit_factor":0.9327178431612896,"max_drawdown_account":0.030105168613852387,"max_drawdown_abs":"3080.98"}]}