{"strategy":{"VATSMStrategy":{"trades":[{"pair":"ETH/USDT","stake_amount":41437.767294,"max_stake_amount":41437.767294,"amount":10.8306,"open_date":"2025-07-27 13:00:00+00:00","close_date":"2025-08-01 23:00:00+00:00","open_rate":3825.99,"close_rate":3463.82,"fee_open":0.001,"fee_close":0.001,"trade_duration":7800,"profit_ratio":-0.09646933716007837,"profit_abs":-4001.47141819,"exit_reason":"exit_signal","initial_stop_loss_abs":1913.0,"initial_stop_loss_ratio":-0.5,"stop_loss_abs":1913.0,"stop_loss_ratio":-0.5,"min_rate":3431.75,"max_rate":3941.0,"is_open":false,"enter_tag":"","leverage":1.0,"is_short":false,"open_timestamp":1753621200000,"close_timestamp":1754089200000,"orders":[{"amount":10.8306,"safe_price":3825.99,"ft_order_side":"buy","order_filled_timestamp":1753621200000,"ft_is_entry":true,"ft_order_tag":"","cost":41479.20506129399},{"amount":10.8306,"safe_price":3463.82,"ft_order_side":"sell","order_filled_timestamp":1754089200000,"ft_is_entry":false,"ft_order_tag":"exit_signal","cost":37552.764140892}],"funding_fees":0.0},{"pair":"ETH/USDT","stake_amount":24728.967153,"max_stake_amount":24728.967153,"amount":7.0893,"open_date":"2025-08-02 00:00:00+00:00","close_date":"2025-08-02 01:00:00+00:00","open_rate":3488.21,"close_rate":3515.17,"fee_open":0.001,"fee_close":0.001,"trade_duration":60,"profit_ratio":0.005715448128767185,"profit_abs":141.47846617,"exit_reason":"exit_signal","initial_stop_loss_abs":1744.11,"initial_stop_loss_ratio":-0.5,"stop_loss_abs":1744.11,"stop_loss_ratio":-0.5,"min_rate":3478.42,"max_rate":3522.79,"is_open":false,"enter_tag":"","leverage":1.0,"is_short":false,"open_timestamp":1754092800000,"close_timestamp":1754096400000,"orders":[{"amount":7.0893,"safe_price":3488.21,"ft_order_side":"buy","order_filled_timestamp":1754092800000,"ft_is_entry":true,"ft_order_tag":"","cost":24753.696120152996},{"amount":7.0893,"safe_price":3515.17,"ft_order_side":"sell","order_filled_timestamp":1754096400000,"ft_is_entry":false,"ft_order_tag":"exit_signal","cost":24945.014775680997}],"funding_fees":0.0},{"pair":"ETH/USDT","stake_amount":31192.496148,"max_stake_amount":31192.496148,"amount":8.4678,"open_date":"2025-08-06 20:00:00+00:00","close_date":"2025-08-06 21:00:00+00:00","open_rate":3683.66,"close_rate":3674.53,"fee_open":0.001,"fee_close":0.001,"trade_duration":60,"profit_ratio":-0.004471563141408906,"profit_abs":-139.61869528,"exit_reason":"exit_signal","initial_stop_loss_abs":1841.83,"initial_stop_loss_ratio":-0.5,"stop_loss_abs":1841.83,"stop_loss_ratio":-0.5,"min_rate":3652.38,"max_rate":3684.97,"is_open":false,"enter_tag":"","leverage":1.0,"is_short":false,"open_timestamp":1754510400000,"close_timestamp":1754514000000,"orders":[{"amount":8.4678,"safe_price":3683.66,"ft_order_side":"buy","order_filled_timestamp":1754510400000,"ft_is_entry":true,"ft_order_tag":"","cost":31223.688644148},{"amount":8.4678,"safe_price":3674.53,"ft_order_side":"sell","order_filled_timestamp":1754514000000,"ft_is_entry":false,"ft_order_tag":"exit_signal","cost":31146.300319134}],"funding_fees":0.0},{"pair":"ETH/USDT","stake_amount":39851.45372,"max_stake_amount":39851.45372,"amount":10.7848,"open_date":"2025-08-07 07:00:00+00:00","close_date":"2025-08-26 00:00:00+00:00","open_rate":3695.15,"close_rate":4376.17,"fee_open":0.001,"fee_close":0.001,"trade_duration":26940,"profit_ratio":0.18193480740863918,"profit_abs":7257.61692406,"exit_reason":"force_exit","initial_stop_loss_abs":1847.58,"initial_stop_loss_ratio":-0.5,"stop_loss_abs":1847.58,"stop_loss_ratio":-0.5,"min_rate":3694.22,"max_rate":4956.78,"is_open":false,"enter_tag":"","leverage":1.0,"is_short":false,"open_timestamp":1754550000000,"close_timestamp":1756166400000,"orders":[{"amount":10.7848,"safe_price":3695.15,"ft_order_side":"buy","order_filled_timestamp":1754550000000,"ft_is_entry":true,"ft_order_tag":"","cost":39891.30517372},{"amount":10.7848,"safe_price":4376.17,"ft_order_side":"sell","order_filled_timestamp":1756166400000,"ft_is_entry":false,"ft_order_tag":"force_exit","cost":47243.314334216}],"funding_fees":0.0}],"locks":[],"best_pair":{"key":"ETH/USDT","trades":4,"profit_mean":0.021677338808979773,"profit_mean_pct":2.17,"profit_total_abs":3258.0052767600005,"profit_total":0.0325800527676,"profit_total_pct":3.26,"duration_avg":"6 days, 1:15:00","wins":2,"draws":0,"losses":2,"winrate":0.5,"cagr":0.49708673080740207,"expectancy":814.50131919,"expectancy_ratio":0.3933753175477235,"sortino":1.111564084714245,"sharpe":0.5281119160791519,"calmar":53.63897849836941,"sqn":0.3471,"profit_factor":1.7867506350954472,"max_drawdown_account":0.04001471418190005,"max_drawdown_abs":4001.47141819},"worst_pair":{"key":"ETH/USDT","trades":4,"profit_mean":0.021677338808979773,"profit_mean_pct":2.17,"profit_total_abs":3258.0052767600005,"profit_total":0.0325800527676,"profit_total_pct":3.26,"duration_avg":"6 days, 1:15:00","wins":2,"draws":0,"losses":2,"winrate":0.5,"cagr":0.49708673080740207,"expectancy":814.50131919,"expectancy_ratio":0.3933753175477235,"sortino":1.111564084714245,"sharpe":0.5281119160791519,"calmar":53.63897849836941,"sqn":0.3471,"profit_factor":1.7867506350954472,"max_drawdown_account":0.04001471418190005,"max_drawdown_abs":4001.47141819},"results_per_pair":[{"key":"ETH/USDT","trades":4,"profit_mean":0.021677338808979773,"profit_mean_pct":2.17,"profit_total_abs":3258.0052767600005,"profit_total":0.0325800527676,"profit_total_pct":3.26,"duration_avg":"6 days, 1:15:00","wins":2,"draws":0,"losses":2,"winrate":0.5,"cagr":0.49708673080740207,"expectancy":814.50131919,"expectancy_ratio":0.3933753175477235,"sortino":1.111564084714245,"sharpe":0.5281119160791519,"calmar":53.63897849836941,"sqn":0.3471,"profit_factor":1.7867506350954472,"max_drawdown_account":0.04001471418190005,"max_drawdown_abs":4001.47141819},{"key":"TOTAL","trades":4,"profit_mean":0.021677338808979773,"profit_mean_pct":2.17,"profit_total_abs":3258.0052767600005,"profit_total":0.0325800527676,"profit_total_pct":3.26,"duration_avg":"6 days, 1:15:00","wins":2,"draws":0,"losses":2,"winrate":0.5,"cagr":0.49708673080740207,"expectancy":814.50131919,"expectancy_ratio":0.3933753175477235,"sortino":1.111564084714245,"sharpe":0.5281119160791519,"calmar":53.63897849836941,"sqn":0.3471,"profit_factor":1.7867506350954472,"max_drawdown_account":0.04001471418190005,"max_drawdown_abs":4001.47141819}],"results_per_enter_tag":[{"key":"","trades":4,"profit_mean":0.021677338808979773,"profit_mean_pct":2.17,"profit_total_abs":3258.0052767600005,"profit_total":0.0325800527676,"profit_total_pct":3.26,"duration_avg":"6 days, 1:15:00","wins":2,"draws":0,"losses":2,"winrate":0.5,"cagr":0.49708673080740207,"expectancy":814.50131919,"expectancy_ratio":0.3933753175477235,"sortino":1.111564084714245,"sharpe":0.5281119160791519,"calmar":53.63897849836941,"sqn":0.3471,"profit_factor":1.7867506350954472,"max_drawdown_account":0.04001471418190005,"max_drawdown_abs":4001.47141819},{"key":"TOTAL","trades":4,"profit_mean":0.021677338808979773,"profit_mean_pct":2.17,"profit_total_abs":3258.0052767600005,"profit_total":0.0325800527676,"profit_total_pct":3.26,"duration_avg":"6 days, 1:15:00","wins":2,"draws":0,"losses":2,"winrate":0.5,"cagr":0.49708673080740207,"expectancy":814.50131919,"expectancy_ratio":0.3933753175477235,"sortino":1.111564084714245,"sharpe":0.5281119160791519,"calmar":53.63897849836941,"sqn":0.3471,"profit_factor":1.7867506350954472,"max_drawdown_account":0.04001471418190005,"max_drawdown_abs":4001.47141819}],"exit_reason_summary":[{"key":"force_exit","trades":1,"profit_mean":0.18193480740863918,"profit_mean_pct":18.19,"profit_total_abs":7257.61692406,"profit_total":0.07257616924060001,"profit_total_pct":7.26,"duration_avg":"18 days, 17:00:00","wins":1,"draws":0,"losses":0,"winrate":1.0,"cagr":1.4153212885465147,"expectancy":7257.61692406,"expectancy_ratio":100.0,"sortino":-100,"sharpe":-100,"calmar":-100,"sqn":-100.0,"profit_factor":0.0,"max_drawdown_account":0.0,"max_drawdown_abs":0.0},{"key":"exit_signal","trades":3,"profit_mean":-0.031741817390906694,"profit_mean_pct":-3.17,"profit_total_abs":-3999.6116472999997,"profit_total":-0.039996116473,"profit_total_pct":-4.0,"duration_avg":"1 day, 20:00:00","wins":1,"draws":0,"losses":2,"winrate":0.3333333333333333,"cagr":-0.40174796677038893,"expectancy":-1333.203882433333,"expectancy_ratio":-0.6438903022644845,"sortino":-1.3645848555422575,"sharpe":-1.3939591567402974,"calmar":-65.84859904361542,"sqn":-0.9975,"profit_factor":0.03416454660327327,"max_drawdown_account":0.04001471418190005,"max_drawdown_abs":4001.47141819},{"key":"TOTAL","trades":4,"profit_mean":0.021677338808979773,"profit_mean_pct":2.17,"profit_total_abs":3258.0052767600005,"profit_total":0.0325800527676,"profit_total_pct":3.26,"duration_avg":"6 days, 1:15:00","wins":2,"draws":0,"losses":2,"winrate":0.5,"cagr":0.49708673080740207,"expectancy":814.50131919,"expectancy_ratio":0.3933753175477235,"sortino":1.111564084714245,"sharpe":0.5281119160791519,"calmar":53.63897849836941,"sqn":0.3471,"profit_factor":1.7867506350954472,"max_drawdown_account":0.04001471418190005,"max_drawdown_abs":4001.47141819}],"mix_tag_stats":[{"key":["","force_exit"],"trades":1,"profit_mean":0.18193480740863918,"profit_mean_pct":18.19,"profit_total_abs":7257.61692406,"profit_total":0.07257616924060001,"profit_total_pct":7.26,"duration_avg":"18 days, 17:00:00","wins":1,"draws":0,"losses":0,"winrate":1.0,"cagr":1.4153212885465147,"expectancy":7257.61692406,"expectancy_ratio":100.0,"sortino":-100,"sharpe":-100,"calmar":-100,"sqn":-100.0,"profit_factor":0.0,"max_drawdown_account":0.0,"max_drawdown_abs":0.0},{"key":["","exit_signal"],"trades":3,"profit_mean":-0.031741817390906694,"profit_mean_pct":-3.17,"profit_total_abs":-3999.6116472999997,"profit_total":-0.039996116473,"profit_total_pct":-4.0,"duration_avg":"1 day, 20:00:00","wins":1,"draws":0,"losses":2,"winrate":0.3333333333333333,"cagr":-0.40174796677038893,"expectancy":-1333.203882433333,"expectancy_ratio":-0.6438903022644845,"sortino":-1.3645848555422575,"sharpe":-1.3939591567402974,"calmar":-65.84859904361542,"sqn":-0.9975,"profit_factor":0.03416454660327327,"max_drawdown_account":0.04001471418190005,"max_drawdown_abs":4001.47141819},{"key":"TOTAL","trades":4,"profit_mean":0.021677338808979773,"profit_mean_pct":2.17,"profit_total_abs":3258.0052767600005,"profit_total":0.0325800527676,"profit_total_pct":3.26,"duration_avg":"6 days, 1:15:00","wins":2,"draws":0,"losses":2,"winrate":0.5,"cagr":0.49708673080740207,"expectancy":814.50131919,"expectancy_ratio":0.3933753175477235,"sortino":1.111564084714245,"sharpe":0.5281119160791519,"calmar":53.63897849836941,"sqn":0.3471,"profit_factor":1.7867506350954472,"max_drawdown_account":0.04001471418190005,"max_drawdown_abs":4001.47141819}],"left_open_trades":[{"key":"ETH/USDT","trades":1,"profit_mean":0.18193480740863918,"profit_mean_pct":18.19,"profit_total_abs":7257.61692406,"profit_total":0.07257616924060001,"profit_total_pct":7.26,"duration_avg":"18 days, 17:00:00","wins":1,"draws":0,"losses":0,"winrate":1.0,"cagr":1.4153212885465147,"expectancy":7257.61692406,"expectancy_ratio":100.0,"sortino":-100,"sharpe":-100,"calmar":-100,"sqn":-100.0,"profit_factor":0.0,"max_drawdown_account":0.0,"max_drawdown_abs":0.0},{"key":"TOTAL","trades":1,"profit_mean":0.18193480740863918,"profit_mean_pct":18.19,"profit_total_abs":7257.61692406,"profit_total":0.07257616924060001,"profit_total_pct":7.26,"duration_avg":"18 days, 17:00:00","wins":1,"draws":0,"losses":0,"winrate":1.0,"cagr":1.4153212885465147,"expectancy":7257.61692406,"expectancy_ratio":100.0,"sortino":-100,"sharpe":-100,"calmar":-100,"sqn":-100.0,"profit_factor":0.0,"max_drawdown_account":0.0,"max_drawdown_abs":0.0}],"total_trades":4,"trade_count_long":4,"trade_count_short":0,"total_volume":278235.288569238,"avg_stake_amount":34302.67107875,"profit_mean":0.021677338808979773,"profit_median":0.0006219424936791396,"profit_total":0.0325800527676,"profit_total_long":0.0325800527676,"profit_total_short":0.0,"profit_total_abs":3258.0052767600005,"profit_total_long_abs":3258.0052767600005,"profit_total_short_abs":0.0,"cagr":0.49708673080740207,"expectancy":814.50131919,"expectancy_ratio":0.3933753175477235,"sortino":1.111564084714245,"sharpe":0.5281119160791519,"calmar":53.63897849836941,"sqn":0.3471,"profit_factor":1.7867506350954472,"backtest_start":"2025-07-27 12:00:00","backtest_start_ts":1753617600000,"backtest_end":"2025-08-26 00:00:00","backtest_end_ts":1756166400000,"backtest_days":29,"backtest_run_start_ts":1756222927,"backtest_run_end_ts":1756222928,"trades_per_day":0.14,"market_change":0.13215925812665488,"pairlist":["ETH/USDT"],"stake_amount":5000,"stake_currency":"USDT","stake_currency_decimals":3,"starting_balance":100000,"dry_run_wallet":100000,"final_balance":103258.00527676,"rejected_signals":0,"timedout_entry_orders":0,"timedout_exit_orders":0,"canceled_trade_entries":0,"canceled_entry_orders":0,"replaced_entry_orders":0,"max_open_trades":1,"max_open_trades_setting":1,"timeframe":"1h","timeframe_detail":"","timerange":"20250526-20250826","enable_protections":false,"strategy_name":"VATSMStrategy","stoploss":-0.5,"trailing_stop":false,"trailing_stop_positive":null,"trailing_stop_positive_offset":0.0,"trailing_only_offset_is_reached":false,"use_custom_stoploss":false,"minimal_roi":{"0":10},"use_exit_signal":true,"exit_profit_only":false,"exit_profit_offset":0.0,"ignore_roi_if_entry_signal":false,"trading_mode":"spot","margin_mode":"","periodic_breakdown":{"day":[{"date":"01/08/2025","date_ts":1754006400000,"profit_abs":-4001.47141819,"wins":0,"draws":0,"losses":1,"trades":1,"profit_factor":0.0},{"date":"02/08/2025","date_ts":1754092800000,"profit_abs":141.47846617,"wins":1,"draws":0,"losses":0,"trades":1,"profit_factor":0.0},{"date":"03/08/2025","date_ts":1754179200000,"profit_abs":0.0,"wins":0,"draws":0,"losses":0,"trades":0,"profit_factor":0.0},{"date":"04/08/2025","date_ts":1754265600000,"profit_abs":0.0,"wins":0,"draws":0,"losses":0,"trades":0,"profit_factor":0.0},{"date":"05/08/2025","date_ts":1754352000000,"profit_abs":0.0,"wins":0,"draws":0,"losses":0,"trades":0,"profit_factor":0.0},{"date":"06/08/2025","date_ts":1754438400000,"profit_abs":-139.61869528,"wins":0,"draws":0,"losses":1,"trades":1,"profit_factor":0.0},{"date":"07/08/2025","date_ts":1754524800000,"profit_abs":0.0,"wins":0,"draws":0,"losses":0,"trades":0,"profit_factor":0.0},{"date":"08/08/2025","date_ts":1754611200000,"profit_abs":0.0,"wins":0,"draws":0,"losses":0,"trades":0,"profit_factor":0.0},{"date":"09/08/2025","date_ts":1754697600000,"profit_abs":0.0,"wins":0,"draws":0,"losses":0,"trades":0,"profit_factor":0.0},{"date":"10/08/2025","date_ts":1754784000000,"profit_abs":0.0,"wins":0,"draws":0,"losses":0,"trades":0,"profit_factor":0.0},{"date":"11/08/2025","date_ts":1754870400000,"profit_abs":0.0,"wins":0,"draws":0,"losses":0,"trades":0,"profit_factor":0.0},{"date":"12/08/2025","date_ts":1754956800000,"profit_abs":0.0,"wins":0,"draws":0,"losses":0,"trades":0,"profit_factor":0.0},{"date":"13/08/2025","date_ts":1755043200000,"profit_abs":0.0,"wins":0,"draws":0,"losses":0,"trades":0,"profit_factor":0.0},{"date":"14/08/2025","date_ts":1755129600000,"profit_abs":0.0,"wins":0,"draws":0,"losses":0,"trades":0,"profit_factor":0.0},{"date":"15/08/2025","date_ts":1755216000000,"profit_abs":0.0,"wins":0,"draws":0,"losses":0,"trades":0,"profit_factor":0.0},{"date":"16/08/2025","date_ts":1755302400000,"profit_abs":0.0,"wins":0,"draws":0,"losses":0,"trades":0,"profit_factor":0.0},{"date":"17/08/2025","date_ts":1755388800000,"profit_abs":0.0,"wins":0,"draws":0,"losses":0,"trades":0,"profit_factor":0.0},{"date":"18/08/2025","date_ts":1755475200000,"profit_abs":0.0,"wins":0,"draws":0,"losses":0,"trades":0,"profit_factor":0.0},{"date":"19/08/2025","date_ts":1755561600000,"profit_abs":0.0,"wins":0,"draws":0,"losses":0,"trades":0,"profit_factor":0.0},{"date":"20/08/2025","date_ts":1755648000000,"profit_abs":0.0,"wins":0,"draws":0,"losses":0,"trades":0,"profit_factor":0.0},{"date":"21/08/2025","date_ts":1755734400000,"profit_abs":0.0,"wins":0,"draws":0,"losses":0,"trades":0,"profit_factor":0.0},{"date":"22/08/2025","date_ts":1755820800000,"profit_abs":0.0,"wins":0,"draws":0,"losses":0,"trades":0,"profit_factor":0.0},{"date":"23/08/2025","date_ts":1755907200000,"profit_abs":0.0,"wins":0,"draws":0,"losses":0,"trades":0,"profit_factor":0.0},{"date":"24/08/2025","date_ts":1755993600000,"profit_abs":0.0,"wins":0,"draws":0,"losses":0,"trades":0,"profit_factor":0.0},{"date":"25/08/2025","date_ts":1756080000000,"profit_abs":0.0,"wins":0,"draws":0,"losses":0,"trades":0,"profit_factor":0.0},{"date":"26/08/2025","date_ts":1756166400000,"profit_abs":7257.61692406,"wins":1,"draws":0,"losses":0,"trades":1,"profit_factor":0.0}],"week":[{"date":"04/08/2025","date_ts":1754265600000,"profit_abs":-3859.99295202,"wins":1,"draws":0,"losses":1,"trades":2,"profit_factor":0.03535661},{"date":"11/08/2025","date_ts":1754870400000,"profit_abs":-139.61869528,"wins":0,"draws":0,"losses":1,"trades":1,"profit_factor":0.0},{"date":"18/08/2025","date_ts":1755475200000,"profit_abs":0.0,"wins":0,"draws":0,"losses":0,"trades":0,"profit_factor":0.0},{"date":"25/08/2025","date_ts":1756080000000,"profit_abs":0.0,"wins":0,"draws":0,"losses":0,"trades":0,"profit_factor":0.0},{"date":"01/09/2025","date_ts":1756684800000,"profit_abs":7257.61692406,"wins":1,"draws":0,"losses":0,"trades":1,"profit_factor":0.0}],"month":[{"date":"31/08/2025","date_ts":1756598400000,"profit_abs":3258.00527676,"wins":2,"draws":0,"losses":2,"trades":4,"profit_factor":1.78675064}],"year":[{"date":"31/12/2025","date_ts":1767139200000,"profit_abs":3258.00527676,"wins":2,"draws":0,"losses":2,"trades":4,"profit_factor":1.78675064}]},"backtest_best_day":0.18193480740863918,"backtest_worst_day":-0.09646933716007837,"backtest_best_day_abs":7257.61692406,"backtest_worst_day_abs":-4001.47141819,"winning_days":2,"draw_days":22,"losing_days":2,"daily_profit":[["2025-08-01",-4001.47141819],["2025-08-02",141.47846617],["2025-08-03",0.0],["2025-08-04",0.0],["2025-08-05",0.0],["2025-08-06",-139.61869528],["2025-08-07",0.0],["2025-08-08",0.0],["2025-08-09",0.0],["2025-08-10",0.0],["2025-08-11",0.0],["2025-08-12",0.0],["2025-08-13",0.0],["2025-08-14",0.0],["2025-08-15",0.0],["2025-08-16",0.0],["2025-08-17",0.0],["2025-08-18",0.0],["2025-08-19",0.0],["2025-08-20",0.0],["2025-08-21",0.0],["2025-08-22",0.0],["2025-08-23",0.0],["2025-08-24",0.0],["2025-08-25",0.0],["2025-08-26",7257.61692406]],"wins":2,"losses":2,"draws":0,"winrate":0.5,"holding_avg":"6 days, 1:15:00","holding_avg_s":522900.0,"winner_holding_min":"0d 01:00","winner_holding_min_s":3600.0,"winner_holding_max":"18d 17:00","winner_holding_max_s":1616400.0,"winner_holding_avg":"9d 09:00","winner_holding_avg_s":810000.0,"loser_holding_min":"0d 01:00","loser_holding_min_s":3600.0,"loser_holding_max":"5d 10:00","loser_holding_max_s":468000.0,"loser_holding_avg":"2d 17:30","loser_holding_avg_s":235800.0,"max_consecutive_wins":1,"max_consecutive_losses":1,"max_drawdown_account":0.04001471418190005,"max_relative_drawdown":0.04001471418190005,"max_drawdown_abs":4001.47141819,"drawdown_start":"2025-08-01 23:00:00","drawdown_start_ts":1754089200000.0,"drawdown_end":"2025-08-01 23:00:00","drawdown_end_ts":1754089200000.0,"max_drawdown_low":-4001.47141819,"max_drawdown_high":-4001.47141819,"csum_min":95998.52858181,"csum_max":103258.00527676}},"strategy_comparison":[{"key":"VATSMStrategy","trades":4,"profit_mean":0.021677338808979773,"profit_mean_pct":2.17,"profit_total_abs":3258.0052767600005,"profit_total":0.0325800527676,"profit_total_pct":3.26,"duration_avg":"6 days, 1:15:00","wins":2,"draws":0,"losses":2,"winrate":0.5,"cagr":0.49708673080740207,"expectancy":814.50131919,"expectancy_ratio":0.3933753175477235,"sortino":1.111564084714245,"sharpe":0.5281119160791519,"calmar":53.63897849836941,"sqn":0.3471,"profit_factor":1.7867506350954472,"max_drawdown_account":0.04001471418190005,"max_drawdown_abs":"4001.471"}]}