{"strategy":{"VATSMProfitStrategy":{"trades":[{"pair":"BTC/USDT","stake_amount":16499.449875,"max_stake_amount":16499.449875,"amount":0.25975,"open_date":"2024-07-01 18:30:00+00:00","close_date":"2024-07-01 20:30:00+00:00","open_rate":63520.5,"close_rate":63348.01,"fee_open":0.001,"fee_close":0.001,"trade_duration":120,"profit_ratio":-0.004708077715695492,"profit_abs":-77.75837297,"exit_reason":"exit_signal","initial_stop_loss_abs":55898.04,"initial_stop_loss_ratio":-0.12,"stop_loss_abs":55898.04,"stop_loss_ratio":-0.12,"min_rate":63071.36,"max_rate":63730.0,"is_open":false,"enter_tag":"","leverage":1.0,"is_short":false,"open_timestamp":1719858600000,"close_timestamp":1719865800000,"orders":[{"amount":0.25975,"safe_price":63520.5,"ft_order_side":"buy","order_filled_timestamp":1719858600000,"ft_is_entry":true,"ft_order_tag":"","cost":16515.949324874997},{"amount":0.25975,"safe_price":63348.01,"ft_order_side":"sell","order_filled_timestamp":1719865800000,"ft_is_entry":false,"ft_order_tag":"exit_signal","cost":16471.1002430975}],"funding_fees":0.0},{"pair":"BTC/USDT","stake_amount":16486.8404701,"max_stake_amount":16486.8404701,"amount":0.26299,"open_date":"2024-07-02 07:15:00+00:00","close_date":"2024-07-02 07:45:00+00:00","open_rate":62689.99,"close_rate":62607.36,"fee_open":0.001,"fee_close":0.001,"trade_duration":30,"profit_ratio":-0.0033134417533473132,"profit_abs":-54.68281378,"exit_reason":"exit_signal","initial_stop_loss_abs":55167.2,"initial_stop_loss_ratio":-0.12,"stop_loss_abs":57720.8,"stop_loss_ratio":-0.08,"min_rate":62580.0,"max_rate":62740.0,"is_open":false,"enter_tag":"","leverage":1.0,"is_short":false,"open_timestamp":1719904500000,"close_timestamp":1719906300000,"orders":[{"amount":0.26299,"safe_price":62689.99,"ft_order_side":"buy","order_filled_timestamp":1719904500000,"ft_is_entry":true,"ft_order_tag":"","cost":16503.327310570097},{"amount":0.26299,"safe_price":62607.36,"ft_order_side":"sell","order_filled_timestamp":1719906300000,"ft_is_entry":false,"ft_order_tag":"exit_signal","cost":16481.5747160064}],"funding_fees":0.0},{"pair":"ETH/USDT","stake_amount":16477.893,"max_stake_amount":16477.893,"amount":4.815,"open_date":"2024-07-02 14:15:00+00:00","close_date":"2024-07-02 14:30:00+00:00","open_rate":3422.2,"close_rate":3428.1,"fee_open":0.001,"fee_close":0.001,"trade_duration":15,"profit_ratio":-0.0002774094586379082,"profit_abs":-4.5756945,"exit_reason":"exit_signal","initial_stop_loss_abs":3011.54,"initial_stop_loss_ratio":-0.12,"stop_loss_abs":3155.38,"stop_loss_ratio":-0.08,"min_rate":3402.0,"max_rate":3431.68,"is_open":false,"enter_tag":"","leverage":1.0,"is_short":false,"open_timestamp":1719929700000,"close_timestamp":1719930600000,"orders":[{"amount":4.815,"safe_price":3422.2,"ft_order_side":"buy","order_filled_timestamp":1719929700000,"ft_is_entry":true,"ft_order_tag":"","cost":16494.370893},{"amount":4.815,"safe_price":3428.1,"ft_order_side":"sell","order_filled_timestamp":1719930600000,"ft_is_entry":false,"ft_order_tag":"exit_signal","cost":16522.8078015}],"funding_fees":0.0},{"pair":"ETH/USDT","stake_amount":16477.271326,"max_stake_amount":16477.271326,"amount":5.0066,"open_date":"2024-07-04 01:30:00+00:00","close_date":"2024-07-04 01:45:00+00:00","open_rate":3291.11,"close_rate":3254.99,"fee_open":0.001,"fee_close":0.001,"trade_duration":15,"profit_ratio":-0.012951094470703355,"profit_abs":-213.61209626,"exit_reason":"exit_signal","initial_stop_loss_abs":2896.18,"initial_stop_loss_ratio":-0.12,"stop_loss_abs":2896.18,"stop_loss_ratio":-0.12,"min_rate":3203.24,"max_rate":3291.11,"is_open":false,"enter_tag":"","leverage":1.0,"is_short":false,"open_timestamp":1720056600000,"close_timestamp":1720057500000,"orders":[{"amount":5.0066,"safe_price":3291.11,"ft_order_side":"buy","order_filled_timestamp":1720056600000,"ft_is_entry":true,"ft_order_tag":"","cost":16493.748597325997},{"amount":5.0066,"safe_price":3254.99,"ft_order_side":"sell","order_filled_timestamp":1720057500000,"ft_is_entry":false,"ft_order_tag":"exit_signal","cost":16312.729366933996}],"funding_fees":0.0},{"pair":"BTC/USDT","stake_amount":16441.7297506,"max_stake_amount":16441.7297506,"amount":0.28094,"open_date":"2024-07-04 22:15:00+00:00","close_date":"2024-07-04 23:45:00+00:00","open_rate":58523.99,"close_rate":57121.99,"fee_open":0.001,"fee_close":0.001,"trade_duration":90,"profit_ratio":-0.025906125849341148,"profit_abs":-426.36746162,"exit_reason":"exit_signal","initial_stop_loss_abs":51501.12,"initial_stop_loss_ratio":-0.12,"stop_loss_abs":51501.12,"stop_loss_ratio":-0.12,"min_rate":56866.0,"max_rate":58538.0,"is_open":false,"enter_tag":"","leverage":1.0,"is_short":false,"open_timestamp":1720131300000,"close_timestamp":1720136700000,"orders":[{"amount":0.28094,"safe_price":58523.99,"ft_order_side":"buy","order_filled_timestamp":1720131300000,"ft_is_entry":true,"ft_order_tag":"","cost":16458.171480350597},{"amount":0.28094,"safe_price":57121.99,"ft_order_side":"sell","order_filled_timestamp":1720136700000,"ft_is_entry":false,"ft_order_tag":"exit_signal","cost":16063.8997224706}],"funding_fees":0.0},{"pair":"ETH/USDT","stake_amount":16371.548466,"max_stake_amount":16371.548466,"amount":5.5419,"open_date":"2024-07-05 12:45:00+00:00","close_date":"2024-07-05 13:30:00+00:00","open_rate":2954.14,"close_rate":2969.07,"fee_open":0.001,"fee_close":0.001,"trade_duration":45,"profit_ratio":0.00304582457419484,"profit_abs":49.9147295,"exit_reason":"exit_signal","initial_stop_loss_abs":2599.65,"initial_stop_loss_ratio":-0.12,"stop_loss_abs":2599.65,"stop_loss_ratio":-0.12,"min_rate":2922.7,"max_rate":2978.79,"is_open":false,"enter_tag":"","leverage":1.0,"is_short":false,"open_timestamp":1720183500000,"close_timestamp":1720186200000,"orders":[{"amount":5.5419,"safe_price":2954.14,"ft_order_side":"buy","order_filled_timestamp":1720183500000,"ft_is_entry":true,"ft_order_tag":"","cost":16387.920014466},{"amount":5.5419,"safe_price":2969.07,"ft_order_side":"sell","order_filled_timestamp":1720186200000,"ft_is_entry":false,"ft_order_tag":"exit_signal","cost":16470.743322033}],"funding_fees":0.0},{"pair":"BTC/USDT","stake_amount":16379.9755,"max_stake_amount":16379.9755,"amount":0.28945,"open_date":"2024-07-05 16:30:00+00:00","close_date":"2024-07-05 19:15:00+00:00","open_rate":56590.0,"close_rate":56459.99,"fee_open":0.001,"fee_close":0.001,"trade_duration":165,"profit_ratio":-0.004290814151664676,"profit_abs":-70.35371411,"exit_reason":"exit_signal","initial_stop_loss_abs":49799.2,"initial_stop_loss_ratio":-0.12,"stop_loss_abs":49937.27,"stop_loss_ratio":-0.12,"min_rate":55779.33,"max_rate":57040.02,"is_open":false,"enter_tag":"","leverage":1.0,"is_short":false,"open_timestamp":1720197000000,"close_timestamp":1720206900000,"orders":[{"amount":0.28945,"safe_price":56590.0,"ft_order_side":"buy","order_filled_timestamp":1720197000000,"ft_is_entry":true,"ft_order_tag":"","cost":16396.355475499997},{"amount":0.28945,"safe_price":56459.99,"ft_order_side":"sell","order_filled_timestamp":1720206900000,"ft_is_entry":false,"ft_order_tag":"exit_signal","cost":16358.686449605497}],"funding_fees":0.0},{"pair":"ETH/USDT","stake_amount":16368.34329,"max_stake_amount":16368.34329,"amount":5.2585,"open_date":"2024-07-10 04:45:00+00:00","close_date":"2024-07-10 08:45:00+00:00","open_rate":3112.74,"close_rate":3085.78,"fee_open":0.001,"fee_close":0.001,"trade_duration":240,"profit_ratio":-0.010641876483546524,"profit_abs":-174.36407742,"exit_reason":"exit_signal","initial_stop_loss_abs":2739.22,"initial_stop_loss_ratio":-0.12,"stop_loss_abs":2739.22,"stop_loss_ratio":-0.12,"min_rate":3079.41,"max_rate":3124.19,"is_open":false,"enter_tag":"","leverage":1.0,"is_short":false,"open_timestamp":1720586700000,"close_timestamp":1720601100000,"orders":[{"amount":5.2585,"safe_price":3112.74,"ft_order_side":"buy","order_filled_timestamp":1720586700000,"ft_is_entry":true,"ft_order_tag":"","cost":16384.711633289997},{"amount":5.2585,"safe_price":3085.78,"ft_order_side":"sell","order_filled_timestamp":1720601100000,"ft_is_entry":false,"ft_order_tag":"exit_signal","cost":16242.800704129999}],"funding_fees":0.0},{"pair":"ETH/USDT","stake_amount":16339.4271,"max_stake_amount":16339.4271,"amount":5.085,"open_date":"2024-07-14 08:30:00+00:00","close_date":"2024-07-14 11:30:00+00:00","open_rate":3213.26,"close_rate":3203.21,"fee_open":0.001,"fee_close":0.001,"trade_duration":180,"profit_ratio":-0.00511941765684071,"profit_abs":-83.73199995,"exit_reason":"exit_signal","initial_stop_loss_abs":2827.67,"initial_stop_loss_ratio":-0.12,"stop_loss_abs":2838.12,"stop_loss_ratio":-0.12,"min_rate":3197.0,"max_rate":3225.13,"is_open":false,"enter_tag":"","leverage":1.0,"is_short":false,"open_timestamp":1720945800000,"close_timestamp":1720956600000,"orders":[{"amount":5.085,"safe_price":3213.26,"ft_order_side":"buy","order_filled_timestamp":1720945800000,"ft_is_entry":true,"ft_order_tag":"","cost":16355.766527099999},{"amount":5.085,"safe_price":3203.21,"ft_order_side":"sell","order_filled_timestamp":1720956600000,"ft_is_entry":false,"ft_order_tag":"exit_signal","cost":16304.611172849998}],"funding_fees":0.0},{"pair":"BTC/USDT","stake_amount":16325.2662366,"max_stake_amount":16325.2662366,"amount":0.26834,"open_date":"2024-07-14 22:15:00+00:00","close_date":"2024-07-15 03:45:00+00:00","open_rate":60837.99,"close_rate":62530.0,"fee_open":0.001,"fee_close":0.001,"trade_duration":330,"profit_ratio":0.025758164184127012,"profit_abs":420.92939696,"exit_reason":"exit_signal","initial_stop_loss_abs":53537.44,"initial_stop_loss_ratio":-0.12,"stop_loss_abs":55260.49,"stop_loss_ratio":-0.12,"min_rate":60632.3,"max_rate":62796.01,"is_open":false,"enter_tag":"","leverage":1.0,"is_short":false,"open_timestamp":1720995300000,"close_timestamp":1721015100000,"orders":[{"amount":0.26834,"safe_price":60837.99,"ft_order_side":"buy","order_filled_timestamp":1720995300000,"ft_is_entry":true,"ft_order_tag":"","cost":16341.591502836598},{"amount":0.26834,"safe_price":62530.0,"ft_order_side":"sell","order_filled_timestamp":1721015100000,"ft_is_entry":false,"ft_order_tag":"exit_signal","cost":16796.0795002}],"funding_fees":0.0},{"pair":"ETH/USDT","stake_amount":16395.158536,"max_stake_amount":16395.158536,"amount":4.8376,"open_date":"2024-07-15 17:00:00+00:00","close_date":"2024-07-15 18:30:00+00:00","open_rate":3389.11,"close_rate":3399.45,"fee_open":0.001,"fee_close":0.001,"trade_duration":90,"profit_ratio":0.0010468506796964625,"profit_abs":17.18044614,"exit_reason":"exit_signal","initial_stop_loss_abs":2982.42,"initial_stop_loss_ratio":-0.12,"stop_loss_abs":2982.42,"stop_loss_ratio":-0.12,"min_rate":3375.11,"max_rate":3412.2,"is_open":false,"enter_tag":"","leverage":1.0,"is_short":false,"open_timestamp":1721062800000,"close_timestamp":1721068200000,"orders":[{"amount":4.8376,"safe_price":3389.11,"ft_order_side":"buy","order_filled_timestamp":1721062800000,"ft_is_entry":true,"ft_order_tag":"","cost":16411.553694536},{"amount":4.8376,"safe_price":3399.45,"ft_order_side":"sell","order_filled_timestamp":1721068200000,"ft_is_entry":false,"ft_order_tag":"exit_signal","cost":16461.624499319998}],"funding_fees":0.0},{"pair":"ETH/USDT","stake_amount":16397.889642,"max_stake_amount":16397.889642,"amount":4.8294,"open_date":"2024-07-15 18:45:00+00:00","close_date":"2024-07-15 19:00:00+00:00","open_rate":3395.43,"close_rate":3396.53,"fee_open":0.001,"fee_close":0.001,"trade_duration":15,"profit_ratio":-0.0016746844215449275,"profit_abs":-27.48875162,"exit_reason":"exit_signal","initial_stop_loss_abs":2987.98,"initial_stop_loss_ratio":-0.12,"stop_loss_abs":2987.98,"stop_loss_ratio":-0.12,"min_rate":3388.88,"max_rate":3400.37,"is_open":false,"enter_tag":"","leverage":1.0,"is_short":false,"open_timestamp":1721069100000,"close_timestamp":1721070000000,"orders":[{"amount":4.8294,"safe_price":3395.43,"ft_order_side":"buy","order_filled_timestamp":1721069100000,"ft_is_entry":true,"ft_order_tag":"","cost":16414.287531641996},{"amount":4.8294,"safe_price":3396.53,"ft_order_side":"sell","order_filled_timestamp":1721070000000,"ft_is_entry":false,"ft_order_tag":"exit_signal","cost":16419.605183981996}],"funding_fees":0.0},{"pair":"BTC/USDT","stake_amount":16394.9716804,"max_stake_amount":16394.9716804,"amount":0.25934,"open_date":"2024-07-15 15:00:00+00:00","close_date":"2024-07-15 20:15:00+00:00","open_rate":63218.06,"close_rate":63311.92,"fee_open":0.001,"fee_close":0.001,"trade_duration":315,"profit_ratio":-0.0005162661215009757,"profit_abs":-8.47263261,"exit_reason":"exit_signal","initial_stop_loss_abs":55631.9,"initial_stop_loss_ratio":-0.12,"stop_loss_abs":56161.74,"stop_loss_ratio":-0.12,"min_rate":62852.0,"max_rate":63820.15,"is_open":false,"enter_tag":"","leverage":1.0,"is_short":false,"open_timestamp":1721055600000,"close_timestamp":1721074500000,"orders":[{"amount":0.25934,"safe_price":63218.06,"ft_order_side":"buy","order_filled_timestamp":1721055600000,"ft_is_entry":true,"ft_order_tag":"","cost":16411.3666520804},{"amount":0.25934,"safe_price":63311.92,"ft_order_side":"sell","order_filled_timestamp":1721074500000,"ft_is_entry":false,"ft_order_tag":"exit_signal","cost":16435.732646132798}],"funding_fees":0.0},{"pair":"ETH/USDT","stake_amount":16393.368624,"max_stake_amount":16393.368624,"amount":4.8376,"open_date":"2024-07-15 19:30:00+00:00","close_date":"2024-07-15 21:45:00+00:00","open_rate":3388.74,"close_rate":3424.97,"fee_open":0.001,"fee_close":0.001,"trade_duration":135,"profit_ratio":0.008671926171992264,"profit_abs":142.3042445,"exit_reason":"exit_signal","initial_stop_loss_abs":2982.1,"initial_stop_loss_ratio":-0.12,"stop_loss_abs":2982.1,"stop_loss_ratio":-0.12,"min_rate":3379.0,"max_rate":3445.6,"is_open":false,"enter_tag":"","leverage":1.0,"is_short":false,"open_timestamp":1721071800000,"close_timestamp":1721079900000,"orders":[{"amount":4.8376,"safe_price":3388.74,"ft_order_side":"buy","order_filled_timestamp":1721071800000,"ft_is_entry":true,"ft_order_tag":"","cost":16409.761992623997},{"amount":4.8376,"safe_price":3424.97,"ft_order_side":"sell","order_filled_timestamp":1721079900000,"ft_is_entry":false,"ft_order_tag":"exit_signal","cost":16585.203506871996}],"funding_fees":0.0},{"pair":"ETH/USDT","stake_amount":16415.576556,"max_stake_amount":16415.576556,"amount":4.7444,"open_date":"2024-07-16 02:30:00+00:00","close_date":"2024-07-16 03:30:00+00:00","open_rate":3459.99,"close_rate":3464.11,"fee_open":0.001,"fee_close":0.001,"trade_duration":60,"profit_ratio":-0.0008096262420696885,"profit_abs":-13.30377204,"exit_reason":"exit_signal","initial_stop_loss_abs":3044.8,"initial_stop_loss_ratio":-0.12,"stop_loss_abs":3044.8,"stop_loss_ratio":-0.12,"min_rate":3453.96,"max_rate":3467.03,"is_open":false,"enter_tag":"","leverage":1.0,"is_short":false,"open_timestamp":1721097000000,"close_timestamp":1721100600000,"orders":[{"amount":4.7444,"safe_price":3459.99,"ft_order_side":"buy","order_filled_timestamp":1721097000000,"ft_is_entry":true,"ft_order_tag":"","cost":16431.992132555995},{"amount":4.7444,"safe_price":3464.11,"ft_order_side":"sell","order_filled_timestamp":1721100600000,"ft_is_entry":false,"ft_order_tag":"exit_signal","cost":16451.558607484}],"funding_fees":0.0},{"pair":"ETH/USDT","stake_amount":16413.16096,"max_stake_amount":16413.16096,"amount":4.7404,"open_date":"2024-07-16 19:45:00+00:00","close_date":"2024-07-16 20:15:00+00:00","open_rate":3462.4,"close_rate":3466.52,"fee_open":0.001,"fee_close":0.001,"trade_duration":30,"profit_ratio":-0.0008104534099281915,"profit_abs":-13.31540437,"exit_reason":"exit_signal","initial_stop_loss_abs":3046.92,"initial_stop_loss_ratio":-0.12,"stop_loss_abs":3046.92,"stop_loss_ratio":-0.12,"min_rate":3453.8,"max_rate":3476.6,"is_open":false,"enter_tag":"","leverage":1.0,"is_short":false,"open_timestamp":1721159100000,"close_timestamp":1721160900000,"orders":[{"amount":4.7404,"safe_price":3462.4,"ft_order_side":"buy","order_filled_timestamp":1721159100000,"ft_is_entry":true,"ft_order_tag":"","cost":16429.57412096},{"amount":4.7404,"safe_price":3466.52,"ft_order_side":"sell","order_filled_timestamp":1721160900000,"ft_is_entry":false,"ft_order_tag":"exit_signal","cost":16449.124099407996}],"funding_fees":0.0},{"pair":"ETH/USDT","stake_amount":16411.2553,"max_stake_amount":16411.2553,"amount":4.73,"open_date":"2024-07-17 03:15:00+00:00","close_date":"2024-07-17 04:00:00+00:00","open_rate":3469.61,"close_rate":3480.25,"fee_open":0.001,"fee_close":0.001,"trade_duration":45,"profit_ratio":0.001062497959843771,"profit_abs":17.4543622,"exit_reason":"exit_signal","initial_stop_loss_abs":3053.26,"initial_stop_loss_ratio":-0.12,"stop_loss_abs":3069.83,"stop_loss_ratio":-0.12,"min_rate":3468.61,"max_rate":3488.44,"is_open":false,"enter_tag":"","leverage":1.0,"is_short":false,"open_timestamp":1721186100000,"close_timestamp":1721188800000,"orders":[{"amount":4.73,"safe_price":3469.61,"ft_order_side":"buy","order_filled_timestamp":1721186100000,"ft_is_entry":true,"ft_order_tag":"","cost":16427.6665553},{"amount":4.73,"safe_price":3480.25,"ft_order_side":"sell","order_filled_timestamp":1721188800000,"ft_is_entry":false,"ft_order_tag":"exit_signal","cost":16478.044082499997}],"funding_fees":0.0},{"pair":"ETH/USDT","stake_amount":16414.156242,"max_stake_amount":16414.156242,"amount":4.7322,"open_date":"2024-07-21 18:00:00+00:00","close_date":"2024-07-21 18:15:00+00:00","open_rate":3468.61,"close_rate":3434.4,"fee_open":0.001,"fee_close":0.001,"trade_duration":15,"profit_ratio":-0.011841036628942387,"profit_abs":-194.55498592,"exit_reason":"exit_signal","initial_stop_loss_abs":3052.38,"initial_stop_loss_ratio":-0.12,"stop_loss_abs":3196.82,"stop_loss_ratio":-0.08,"min_rate":3411.4,"max_rate":3474.84,"is_open":false,"enter_tag":"","leverage":1.0,"is_short":false,"open_timestamp":1721584800000,"close_timestamp":1721585700000,"orders":[{"amount":4.7322,"safe_price":3468.61,"ft_order_side":"buy","order_filled_timestamp":1721584800000,"ft_is_entry":true,"ft_order_tag":"","cost":16430.570398242},{"amount":4.7322,"safe_price":3434.4,"ft_order_side":"sell","order_filled_timestamp":1721585700000,"ft_is_entry":false,"ft_order_tag":"exit_signal","cost":16268.519947679997}],"funding_fees":0.0},{"pair":"BTC/USDT","stake_amount":16381.656,"max_stake_amount":16381.656,"amount":0.24432,"open_date":"2024-07-23 04:45:00+00:00","close_date":"2024-07-23 05:15:00+00:00","open_rate":67050.0,"close_rate":66814.01,"fee_open":0.001,"fee_close":0.001,"trade_duration":30,"profit_ratio":-0.0055105820352191045,"profit_abs":-90.36273172,"exit_reason":"exit_signal","initial_stop_loss_abs":59004.0,"initial_stop_loss_ratio":-0.12,"stop_loss_abs":61831.37,"stop_loss_ratio":-0.08,"min_rate":66374.4,"max_rate":67208.01,"is_open":false,"enter_tag":"","leverage":1.0,"is_short":false,"open_timestamp":1721709900000,"close_timestamp":1721711700000,"orders":[{"amount":0.24432,"safe_price":67050.0,"ft_order_side":"buy","order_filled_timestamp":1721709900000,"ft_is_entry":true,"ft_order_tag":"","cost":16398.037656},{"amount":0.24432,"safe_price":66814.01,"ft_order_side":"sell","order_filled_timestamp":1721711700000,"ft_is_entry":false,"ft_order_tag":"exit_signal","cost":16340.322922123198}],"funding_fees":0.0},{"pair":"ETH/USDT","stake_amount":16366.8817,"max_stake_amount":16366.8817,"amount":5.0159,"open_date":"2024-07-26 06:30:00+00:00","close_date":"2024-07-26 06:45:00+00:00","open_rate":3263.0,"close_rate":3269.38,"fee_open":0.001,"fee_close":0.001,"trade_duration":15,"profit_ratio":-4.665270359467929e-05,"profit_abs":-0.76432284,"exit_reason":"exit_signal","initial_stop_loss_abs":2871.44,"initial_stop_loss_ratio":-0.12,"stop_loss_abs":2871.44,"stop_loss_ratio":-0.12,"min_rate":3260.57,"max_rate":3274.89,"is_open":false,"enter_tag":"","leverage":1.0,"is_short":false,"open_timestamp":1721975400000,"close_timestamp":1721976300000,"orders":[{"amount":5.0159,"safe_price":3263.0,"ft_order_side":"buy","order_filled_timestamp":1721975400000,"ft_is_entry":true,"ft_order_tag":"","cost":16383.248581699998},{"amount":5.0159,"safe_price":3269.38,"ft_order_side":"sell","order_filled_timestamp":1721976300000,"ft_is_entry":false,"ft_order_tag":"exit_signal","cost":16415.282025142}],"funding_fees":0.0},{"pair":"ETH/USDT","stake_amount":16367.0187,"max_stake_amount":16367.0187,"amount":5.01,"open_date":"2024-07-26 07:30:00+00:00","close_date":"2024-07-26 08:30:00+00:00","open_rate":3266.87,"close_rate":3253.05,"fee_open":0.001,"fee_close":0.001,"trade_duration":60,"profit_ratio":-0.006219898679653736,"profit_abs":-101.9029992,"exit_reason":"exit_signal","initial_stop_loss_abs":2874.85,"initial_stop_loss_ratio":-0.12,"stop_loss_abs":2874.85,"stop_loss_ratio":-0.12,"min_rate":3246.89,"max_rate":3266.9,"is_open":false,"enter_tag":"","leverage":1.0,"is_short":false,"open_timestamp":1721979000000,"close_timestamp":1721982600000,"orders":[{"amount":5.01,"safe_price":3266.87,"ft_order_side":"buy","order_filled_timestamp":1721979000000,"ft_is_entry":true,"ft_order_tag":"","cost":16383.385718699998},{"amount":5.01,"safe_price":3253.05,"ft_order_side":"sell","order_filled_timestamp":1721982600000,"ft_is_entry":false,"ft_order_tag":"exit_signal","cost":16314.078280499998}],"funding_fees":0.0},{"pair":"BTC/USDT","stake_amount":16349.7838179,"max_stake_amount":16349.7838179,"amount":0.24011,"open_date":"2024-07-27 07:00:00+00:00","close_date":"2024-07-27 10:45:00+00:00","open_rate":68092.89,"close_rate":68104.0,"fee_open":0.001,"fee_close":0.001,"trade_duration":225,"profit_ratio":-0.0018351685187787642,"profit_abs":-30.03461316,"exit_reason":"exit_signal","initial_stop_loss_abs":59921.75,"initial_stop_loss_ratio":-0.12,"stop_loss_abs":60031.16,"stop_loss_ratio":-0.12,"min_rate":67892.24,"max_rate":68295.39,"is_open":false,"enter_tag":"","leverage":1.0,"is_short":false,"open_timestamp":1722063600000,"close_timestamp":1722077100000,"orders":[{"amount":0.24011,"safe_price":68092.89,"ft_order_side":"buy","order_filled_timestamp":1722063600000,"ft_is_entry":true,"ft_order_tag":"","cost":16366.133601717896},{"amount":0.24011,"safe_price":68104.0,"ft_order_side":"sell","order_filled_timestamp":1722077100000,"ft_is_entry":false,"ft_order_tag":"exit_signal","cost":16368.803891439997}],"funding_fees":0.0},{"pair":"BTC/USDT","stake_amount":16344.864,"max_stake_amount":16344.864,"amount":0.23896,"open_date":"2024-07-27 13:00:00+00:00","close_date":"2024-07-27 16:30:00+00:00","open_rate":68400.0,"close_rate":68909.99,"fee_open":0.001,"fee_close":0.001,"trade_duration":210,"profit_ratio":0.005443095062856353,"profit_abs":89.05561519,"exit_reason":"exit_signal","initial_stop_loss_abs":60192.0,"initial_stop_loss_ratio":-0.12,"stop_loss_abs":61072.0,"stop_loss_ratio":-0.12,"min_rate":68399.99,"max_rate":69399.99,"is_open":false,"enter_tag":"","leverage":1.0,"is_short":false,"open_timestamp":1722085200000,"close_timestamp":1722097800000,"orders":[{"amount":0.23896,"safe_price":68400.0,"ft_order_side":"buy","order_filled_timestamp":1722085200000,"ft_is_entry":true,"ft_order_tag":"","cost":16361.208863999998},{"amount":0.23896,"safe_price":68909.99,"ft_order_side":"sell","order_filled_timestamp":1722097800000,"ft_is_entry":false,"ft_order_tag":"exit_signal","cost":16483.1979416104}],"funding_fees":0.0},{"pair":"ETH/USDT","stake_amount":16359.815785,"max_stake_amount":16359.815785,"amount":5.1115,"open_date":"2024-08-01 12:15:00+00:00","close_date":"2024-08-01 14:15:00+00:00","open_rate":3200.59,"close_rate":3177.64,"fee_open":0.001,"fee_close":0.001,"trade_duration":120,"profit_ratio":-0.009154228147920808,"profit_abs":-149.91124764,"exit_reason":"exit_signal","initial_stop_loss_abs":2816.52,"initial_stop_loss_ratio":-0.12,"stop_loss_abs":2820.11,"stop_loss_ratio":-0.12,"min_rate":3162.46,"max_rate":3207.0,"is_open":false,"enter_tag":"","leverage":1.0,"is_short":false,"open_timestamp":1722514500000,"close_timestamp":1722521700000,"orders":[{"amount":5.1115,"safe_price":3200.59,"ft_order_side":"buy","order_filled_timestamp":1722514500000,"ft_is_entry":true,"ft_order_tag":"","cost":16376.175600785},{"amount":5.1115,"safe_price":3177.64,"ft_order_side":"sell","order_filled_timestamp":1722521700000,"ft_is_entry":false,"ft_order_tag":"exit_signal","cost":16258.74936686}],"funding_fees":0.0},{"pair":"ETH/USDT","stake_amount":16335.10845,"max_stake_amount":16335.10845,"amount":6.745,"open_date":"2024-08-05 14:45:00+00:00","close_date":"2024-08-05 17:00:00+00:00","open_rate":2421.81,"close_rate":2453.69,"fee_open":0.001,"fee_close":0.001,"trade_duration":135,"profit_ratio":0.011139405022492464,"profit_abs":182.1453525,"exit_reason":"exit_signal","initial_stop_loss_abs":2131.2,"initial_stop_loss_ratio":-0.12,"stop_loss_abs":2140.3,"stop_loss_ratio":-0.15,"min_rate":2380.06,"max_rate":2518.0,"is_open":false,"enter_tag":"","leverage":1.0,"is_short":false,"open_timestamp":1722869100000,"close_timestamp":1722877200000,"orders":[{"amount":6.745,"safe_price":2421.81,"ft_order_side":"buy","order_filled_timestamp":1722869100000,"ft_is_entry":true,"ft_order_tag":"","cost":16351.443558449999},{"amount":6.745,"safe_price":2453.69,"ft_order_side":"sell","order_filled_timestamp":1722877200000,"ft_is_entry":false,"ft_order_tag":"exit_signal","cost":16566.68918905}],"funding_fees":0.0},{"pair":"ETH/USDT","stake_amount":16365.04998,"max_stake_amount":16365.04998,"amount":6.5202,"open_date":"2024-08-06 01:45:00+00:00","close_date":"2024-08-06 03:45:00+00:00","open_rate":2509.9,"close_rate":2493.7,"fee_open":0.001,"fee_close":0.001,"trade_duration":120,"profit_ratio":-0.008439546429107766,"profit_abs":-138.25171272,"exit_reason":"exit_signal","initial_stop_loss_abs":2208.72,"initial_stop_loss_ratio":-0.12,"stop_loss_abs":2209.33,"stop_loss_ratio":-0.12,"min_rate":2482.7,"max_rate":2526.83,"is_open":false,"enter_tag":"","leverage":1.0,"is_short":false,"open_timestamp":1722908700000,"close_timestamp":1722915900000,"orders":[{"amount":6.5202,"safe_price":2509.9,"ft_order_side":"buy","order_filled_timestamp":1722908700000,"ft_is_entry":true,"ft_order_tag":"","cost":16381.415029979999},{"amount":6.5202,"safe_price":2493.7,"ft_order_side":"sell","order_filled_timestamp":1722915900000,"ft_is_entry":false,"ft_order_tag":"exit_signal","cost":16275.682162739997}],"funding_fees":0.0},{"pair":"ETH/USDT","stake_amount":16342.335596,"max_stake_amount":16342.335596,"amount":6.5236,"open_date":"2024-08-07 06:00:00+00:00","close_date":"2024-08-07 06:45:00+00:00","open_rate":2505.11,"close_rate":2504.33,"fee_open":0.001,"fee_close":0.001,"trade_duration":45,"profit_ratio":-0.002308743465573886,"profit_abs":-37.76799078,"exit_reason":"exit_signal","initial_stop_loss_abs":2204.5,"initial_stop_loss_ratio":-0.12,"stop_loss_abs":2210.48,"stop_loss_ratio":-0.12,"min_rate":2493.0,"max_rate":2511.9,"is_open":false,"enter_tag":"","leverage":1.0,"is_short":false,"open_timestamp":1723010400000,"close_timestamp":1723013100000,"orders":[{"amount":6.5236,"safe_price":2505.11,"ft_order_side":"buy","order_filled_timestamp":1723010400000,"ft_is_entry":true,"ft_order_tag":"","cost":16358.677931596},{"amount":6.5236,"safe_price":2504.33,"ft_order_side":"sell","order_filled_timestamp":1723013100000,"ft_is_entry":false,"ft_order_tag":"exit_signal","cost":16353.584435187997}],"funding_fees":0.0},{"pair":"BTC/USDT","stake_amount":16336.19678,"max_stake_amount":16336.19678,"amount":0.28499,"open_date":"2024-08-07 11:15:00+00:00","close_date":"2024-08-07 14:15:00+00:00","open_rate":57322.0,"close_rate":56714.0,"fee_open":0.001,"fee_close":0.001,"trade_duration":180,"profit_ratio":-0.012583557540118721,"profit_abs":-205.77303964,"exit_reason":"exit_signal","initial_stop_loss_abs":50443.36,"initial_stop_loss_ratio":-0.12,"stop_loss_abs":50582.05,"stop_loss_ratio":-0.12,"min_rate":56143.84,"max_rate":57479.6,"is_open":false,"enter_tag":"","leverage":1.0,"is_short":false,"open_timestamp":1723029300000,"close_timestamp":1723040100000,"orders":[{"amount":0.28499,"safe_price":57322.0,"ft_order_side":"buy","order_filled_timestamp":1723029300000,"ft_is_entry":true,"ft_order_tag":"","cost":16352.53297678},{"amount":0.28499,"safe_price":56714.0,"ft_order_side":"sell","order_filled_timestamp":1723040100000,"ft_is_entry":false,"ft_order_tag":"exit_signal","cost":16179.085782859998}],"funding_fees":0.0},{"pair":"ETH/USDT","stake_amount":16302.086606,"max_stake_amount":16302.086606,"amount":6.0341,"open_date":"2024-08-09 06:45:00+00:00","close_date":"2024-08-09 09:15:00+00:00","open_rate":2701.66,"close_rate":2665.91,"fee_open":0.001,"fee_close":0.001,"trade_duration":150,"profit_ratio":-0.015204168365741871,"profit_abs":-248.10752914,"exit_reason":"exit_signal","initial_stop_loss_abs":2377.47,"initial_stop_loss_ratio":-0.12,"stop_loss_abs":2377.47,"stop_loss_ratio":-0.12,"min_rate":2655.97,"max_rate":2701.66,"is_open":false,"enter_tag":"","leverage":1.0,"is_short":false,"open_timestamp":1723185900000,"close_timestamp":1723194900000,"orders":[{"amount":6.0341,"safe_price":2701.66,"ft_order_side":"buy","order_filled_timestamp":1723185900000,"ft_is_entry":true,"ft_order_tag":"","cost":16318.388692605995},{"amount":6.0341,"safe_price":2665.91,"ft_order_side":"sell","order_filled_timestamp":1723194900000,"ft_is_entry":false,"ft_order_tag":"exit_signal","cost":16102.453898530996}],"funding_fees":0.0},{"pair":"ETH/USDT","stake_amount":16261.18344,"max_stake_amount":16261.18344,"amount":6.1839,"open_date":"2024-08-10 08:15:00+00:00","close_date":"2024-08-10 10:15:00+00:00","open_rate":2629.6,"close_rate":2636.99,"fee_open":0.001,"fee_close":0.001,"trade_duration":120,"profit_ratio":0.0008066963460032933,"profit_abs":13.1309551,"exit_reason":"exit_signal","initial_stop_loss_abs":2314.05,"initial_stop_loss_ratio":-0.12,"stop_loss_abs":2314.05,"stop_loss_ratio":-0.12,"min_rate":2623.0,"max_rate":2640.6,"is_open":false,"enter_tag":"","leverage":1.0,"is_short":false,"open_timestamp":1723277700000,"close_timestamp":1723284900000,"orders":[{"amount":6.1839,"safe_price":2629.6,"ft_order_side":"buy","order_filled_timestamp":1723277700000,"ft_is_entry":true,"ft_order_tag":"","cost":16277.444623439998},{"amount":6.1839,"safe_price":2636.99,"ft_order_side":"sell","order_filled_timestamp":1723284900000,"ft_is_entry":false,"ft_order_tag":"exit_signal","cost":16323.189343460997}],"funding_fees":0.0},{"pair":"BTC/USDT","stake_amount":16263.33405,"max_stake_amount":16263.33405,"amount":0.25287,"open_date":"2024-08-24 08:00:00+00:00","close_date":"2024-08-24 08:30:00+00:00","open_rate":64315.0,"close_rate":64159.64,"fee_open":0.001,"fee_close":0.001,"trade_duration":30,"profit_ratio":-0.004408786269513037,"profit_abs":-71.77326542,"exit_reason":"exit_signal","initial_stop_loss_abs":56597.2,"initial_stop_loss_ratio":-0.12,"stop_loss_abs":56597.2,"stop_loss_ratio":-0.12,"min_rate":64144.5,"max_rate":64315.01,"is_open":false,"enter_tag":"","leverage":1.0,"is_short":false,"open_timestamp":1724486400000,"close_timestamp":1724488200000,"orders":[{"amount":0.25287,"safe_price":64315.0,"ft_order_side":"buy","order_filled_timestamp":1724486400000,"ft_is_entry":true,"ft_order_tag":"","cost":16279.597384049997},{"amount":0.25287,"safe_price":64159.64,"ft_order_side":"sell","order_filled_timestamp":1724488200000,"ft_is_entry":false,"ft_order_tag":"exit_signal","cost":16240.272214966797}],"funding_fees":0.0},{"pair":"BTC/USDT","stake_amount":16251.51264,"max_stake_amount":16251.51264,"amount":0.25229,"open_date":"2024-08-24 09:00:00+00:00","close_date":"2024-08-24 09:45:00+00:00","open_rate":64416.0,"close_rate":64251.88,"fee_open":0.001,"fee_close":0.001,"trade_duration":45,"profit_ratio":-0.00454072566806991,"profit_abs":-73.86745425,"exit_reason":"exit_signal","initial_stop_loss_abs":56686.08,"initial_stop_loss_ratio":-0.12,"stop_loss_abs":56686.08,"stop_loss_ratio":-0.12,"min_rate":64200.0,"max_rate":64494.5,"is_open":false,"enter_tag":"","leverage":1.0,"is_short":false,"open_timestamp":1724490000000,"close_timestamp":1724492700000,"orders":[{"amount":0.25229,"safe_price":64416.0,"ft_order_side":"buy","order_filled_timestamp":1724490000000,"ft_is_entry":true,"ft_order_tag":"","cost":16267.764152639998},{"amount":0.25229,"safe_price":64251.88,"ft_order_side":"sell","order_filled_timestamp":1724492700000,"ft_is_entry":false,"ft_order_tag":"exit_signal","cost":16226.316912005199}],"funding_fees":0.0},{"pair":"ETH/USDT","stake_amount":16239.37744,"max_stake_amount":16239.37744,"amount":5.8214,"open_date":"2024-08-24 17:30:00+00:00","close_date":"2024-08-24 19:00:00+00:00","open_rate":2789.6,"close_rate":2783.68,"fee_open":0.001,"fee_close":0.001,"trade_duration":90,"profit_ratio":-0.00411592995463686,"profit_abs":-66.90698019,"exit_reason":"exit_signal","initial_stop_loss_abs":2454.85,"initial_stop_loss_ratio":-0.12,"stop_loss_abs":2465.55,"stop_loss_ratio":-0.12,"min_rate":2771.25,"max_rate":2801.76,"is_open":false,"enter_tag":"","leverage":1.0,"is_short":false,"open_timestamp":1724520600000,"close_timestamp":1724526000000,"orders":[{"amount":5.8214,"safe_price":2789.6,"ft_order_side":"buy","order_filled_timestamp":1724520600000,"ft_is_entry":true,"ft_order_tag":"","cost":16255.616817439997},{"amount":5.8214,"safe_price":2783.68,"ft_order_side":"sell","order_filled_timestamp":1724526000000,"ft_is_entry":false,"ft_order_tag":"exit_signal","cost":16221.119666751996}],"funding_fees":0.0}],"locks":[],"best_pair":{"key":"BTC/USDT","trades":12,"profit_mean":-0.0030343571980221483,"profit_mean_pct":-0.3,"profit_total_abs":-599.46108713,"profit_total":-0.0059946108713,"profit_total_pct":-0.6,"duration_avg":"2:28:00","wins":2,"draws":0,"losses":10,"winrate":0.16666666666666666,"cagr":-0.03777027878547323,"expectancy":-49.95509059416668,"expectancy_ratio":-0.45027055056199805,"sortino":-1.730705082551048,"sharpe":-1.083008003268128,"calmar":-31.93521460640544,"sqn":-0.893,"profit_factor":0.4596753393256024,"max_drawdown_account":0.006291623624799977,"max_drawdown_abs":629.16236248},"worst_pair":{"key":"ETH/USDT","trades":21,"profit_mean":-0.0030400745602009623,"profit_mean_pct":-0.3,"profit_total_abs":-1046.4294746499997,"profit_total":-0.010464294746499998,"profit_total_pct":-1.05,"duration_avg":"1:23:00","wins":6,"draws":0,"losses":15,"winrate":0.2857142857142857,"cagr":-0.06514259111093079,"expectancy":-49.82997498333333,"expectancy_ratio":-0.5089678640026268,"sortino":-4.346330238247719,"sharpe":-3.2405461724966926,"calmar":-33.51749679744367,"sqn":-2.0589,"profit_factor":0.2874449903963225,"max_drawdown_account":0.010464294746499946,"max_drawdown_abs":1046.42947465},"results_per_pair":[{"key":"BTC/USDT","trades":12,"profit_mean":-0.0030343571980221483,"profit_mean_pct":-0.3,"profit_total_abs":-599.46108713,"profit_total":-0.0059946108713,"profit_total_pct":-0.6,"duration_avg":"2:28:00","wins":2,"draws":0,"losses":10,"winrate":0.16666666666666666,"cagr":-0.03777027878547323,"expectancy":-49.95509059416668,"expectancy_ratio":-0.45027055056199805,"sortino":-1.730705082551048,"sharpe":-1.083008003268128,"calmar":-31.93521460640544,"sqn":-0.893,"profit_factor":0.4596753393256024,"max_drawdown_account":0.006291623624799977,"max_drawdown_abs":629.16236248},{"key":"ETH/USDT","trades":21,"profit_mean":-0.0030400745602009623,"profit_mean_pct":-0.3,"profit_total_abs":-1046.4294746499997,"profit_total":-0.010464294746499998,"profit_total_pct":-1.05,"duration_avg":"1:23:00","wins":6,"draws":0,"losses":15,"winrate":0.2857142857142857,"cagr":-0.06514259111093079,"expectancy":-49.82997498333333,"expectancy_ratio":-0.5089678640026268,"sortino":-4.346330238247719,"sharpe":-3.2405461724966926,"calmar":-33.51749679744367,"sqn":-2.0589,"profit_factor":0.2874449903963225,"max_drawdown_account":0.010464294746499946,"max_drawdown_abs":1046.42947465},{"key":"TOTAL","trades":33,"profit_mean":-0.003037995519408666,"profit_mean_pct":-0.3,"profit_total_abs":-1645.89056178,"profit_total":-0.0164589056178,"profit_total_pct":-1.65,"duration_avg":"1:46:00","wins":8,"draws":0,"losses":25,"winrate":0.24242424242424243,"cagr":-0.10081971365389353,"expectancy":-49.875471569090905,"expectancy_ratio":-0.48366332421298697,"sortino":-5.7084545667492295,"sharpe":-3.90368159922057,"calmar":-33.517496797443414,"sqn":-1.9965,"profit_factor":0.36156441203885714,"max_drawdown_account":0.016458905617800047,"max_drawdown_abs":1645.8905617800003}],"results_per_enter_tag":[{"key":"","trades":33,"profit_mean":-0.003037995519408666,"profit_mean_pct":-0.3,"profit_total_abs":-1645.89056178,"profit_total":-0.0164589056178,"profit_total_pct":-1.65,"duration_avg":"1:46:00","wins":8,"draws":0,"losses":25,"winrate":0.24242424242424243,"cagr":-0.10081971365389353,"expectancy":-49.875471569090905,"expectancy_ratio":-0.48366332421298697,"sortino":-5.7084545667492295,"sharpe":-3.90368159922057,"calmar":-33.517496797443414,"sqn":-1.9965,"profit_factor":0.36156441203885714,"max_drawdown_account":0.016458905617800047,"max_drawdown_abs":1645.8905617800003},{"key":"TOTAL","trades":33,"profit_mean":-0.003037995519408666,"profit_mean_pct":-0.3,"profit_total_abs":-1645.89056178,"profit_total":-0.0164589056178,"profit_total_pct":-1.65,"duration_avg":"1:46:00","wins":8,"draws":0,"losses":25,"winrate":0.24242424242424243,"cagr":-0.10081971365389353,"expectancy":-49.875471569090905,"expectancy_ratio":-0.48366332421298697,"sortino":-5.7084545667492295,"sharpe":-3.90368159922057,"calmar":-33.517496797443414,"sqn":-1.9965,"profit_factor":0.36156441203885714,"max_drawdown_account":0.016458905617800047,"max_drawdown_abs":1645.8905617800003}],"exit_reason_summary":[{"key":"exit_signal","trades":33,"profit_mean":-0.003037995519408666,"profit_mean_pct":-0.3,"profit_total_abs":-1645.89056178,"profit_total":-0.0164589056178,"profit_total_pct":-1.65,"duration_avg":"1:46:00","wins":8,"draws":0,"losses":25,"winrate":0.24242424242424243,"cagr":-0.10081971365389353,"expectancy":-49.875471569090905,"expectancy_ratio":-0.48366332421298697,"sortino":-5.7084545667492295,"sharpe":-3.90368159922057,"calmar":-33.517496797443414,"sqn":-1.9965,"profit_factor":0.36156441203885714,"max_drawdown_account":0.016458905617800047,"max_drawdown_abs":1645.8905617800003},{"key":"TOTAL","trades":33,"profit_mean":-0.003037995519408666,"profit_mean_pct":-0.3,"profit_total_abs":-1645.89056178,"profit_total":-0.0164589056178,"profit_total_pct":-1.65,"duration_avg":"1:46:00","wins":8,"draws":0,"losses":25,"winrate":0.24242424242424243,"cagr":-0.10081971365389353,"expectancy":-49.875471569090905,"expectancy_ratio":-0.48366332421298697,"sortino":-5.7084545667492295,"sharpe":-3.90368159922057,"calmar":-33.517496797443414,"sqn":-1.9965,"profit_factor":0.36156441203885714,"max_drawdown_account":0.016458905617800047,"max_drawdown_abs":1645.8905617800003}],"mix_tag_stats":[{"key":["","exit_signal"],"trades":33,"profit_mean":-0.003037995519408666,"profit_mean_pct":-0.3,"profit_total_abs":-1645.89056178,"profit_total":-0.0164589056178,"profit_total_pct":-1.65,"duration_avg":"1:46:00","wins":8,"draws":0,"losses":25,"winrate":0.24242424242424243,"cagr":-0.10081971365389353,"expectancy":-49.875471569090905,"expectancy_ratio":-0.48366332421298697,"sortino":-5.7084545667492295,"sharpe":-3.90368159922057,"calmar":-33.517496797443414,"sqn":-1.9965,"profit_factor":0.36156441203885714,"max_drawdown_account":0.016458905617800047,"max_drawdown_abs":1645.8905617800003},{"key":"TOTAL","trades":33,"profit_mean":-0.003037995519408666,"profit_mean_pct":-0.3,"profit_total_abs":-1645.89056178,"profit_total":-0.0164589056178,"profit_total_pct":-1.65,"duration_avg":"1:46:00","wins":8,"draws":0,"losses":25,"winrate":0.24242424242424243,"cagr":-0.10081971365389353,"expectancy":-49.875471569090905,"expectancy_ratio":-0.48366332421298697,"sortino":-5.7084545667492295,"sharpe":-3.90368159922057,"calmar":-33.517496797443414,"sqn":-1.9965,"profit_factor":0.36156441203885714,"max_drawdown_account":0.016458905617800047,"max_drawdown_abs":1645.8905617800003}],"left_open_trades":[{"key":"TOTAL","trades":0,"profit_mean":0.0,"profit_mean_pct":0.0,"profit_total_abs":0.0,"profit_total":0.0,"profit_total_pct":0.0,"duration_avg":"0:00","wins":0,"draws":0,"losses":0,"winrate":0.0,"cagr":0.0,"expectancy":0.0,"expectancy_ratio":100.0,"sortino":0,"sharpe":0,"calmar":0,"sqn":0.0,"profit_factor":0.0,"max_drawdown_account":0.0,"max_drawdown_abs":0.0}],"total_trades":33,"trade_count_long":33,"trade_count_short":0,"total_volume":1081053.0306325748,"avg_stake_amount":16371.802652715152,"profit_mean":-0.003037995519408666,"profit_median":-0.0033134417533473132,"profit_total":-0.0164589056178,"profit_total_long":-0.0164589056178,"profit_total_short":0.0,"profit_total_abs":-1645.89056178,"profit_total_long_abs":-1645.89056178,"profit_total_short_abs":0.0,"cagr":-0.10081971365389353,"expectancy":-49.875471569090905,"expectancy_ratio":-0.48366332421298697,"sortino":-5.7084545667492295,"sharpe":-3.90368159922057,"calmar":-33.517496797443414,"sqn":-1.9965,"profit_factor":0.36156441203885714,"backtest_start":"2024-07-01 00:00:00","backtest_start_ts":1719792000000,"backtest_end":"2024-08-27 00:00:00","backtest_end_ts":1724716800000,"backtest_days":57,"backtest_run_start_ts":1756273575,"backtest_run_end_ts":1756273575,"trades_per_day":0.58,"market_change":-0.10720876462744372,"pairlist":["BTC/USDT","ETH/USDT"],"stake_amount":"unlimited","stake_currency":"USDT","stake_currency_decimals":3,"starting_balance":100000,"dry_run_wallet":100000,"final_balance":98354.10943822,"rejected_signals":0,"timedout_entry_orders":0,"timedout_exit_orders":0,"canceled_trade_entries":0,"canceled_entry_orders":0,"replaced_entry_orders":0,"max_open_trades":2,"max_open_trades_setting":3,"timeframe":"15m","timeframe_detail":"","timerange":"20240701-20240827","enable_protections":false,"strategy_name":"VATSMProfitStrategy","stoploss":-0.12,"trailing_stop":false,"trailing_stop_positive":null,"trailing_stop_positive_offset":0.0,"trailing_only_offset_is_reached":false,"use_custom_stoploss":true,"minimal_roi":{"0":10},"use_exit_signal":true,"exit_profit_only":false,"exit_profit_offset":0.0,"ignore_roi_if_entry_signal":false,"trading_mode":"spot","margin_mode":"","periodic_breakdown":{"day":[{"date":"01/07/2024","date_ts":1719792000000,"profit_abs":-77.75837297,"wins":0,"draws":0,"losses":1,"trades":1,"profit_factor":0.0},{"date":"02/07/2024","date_ts":1719878400000,"profit_abs":-59.25850828,"wins":0,"draws":0,"losses":2,"trades":2,"profit_factor":0.0},{"date":"03/07/2024","date_ts":1719964800000,"profit_abs":0.0,"wins":0,"draws":0,"losses":0,"trades":0,"profit_factor":0.0},{"date":"04/07/2024","date_ts":1720051200000,"profit_abs":-639.97955788,"wins":0,"draws":0,"losses":2,"trades":2,"profit_factor":0.0},{"date":"05/07/2024","date_ts":1720137600000,"profit_abs":-20.43898461,"wins":1,"draws":0,"losses":1,"trades":2,"profit_factor":0.70948251},{"date":"06/07/2024","date_ts":1720224000000,"profit_abs":0.0,"wins":0,"draws":0,"losses":0,"trades":0,"profit_factor":0.0},{"date":"07/07/2024","date_ts":1720310400000,"profit_abs":0.0,"wins":0,"draws":0,"losses":0,"trades":0,"profit_factor":0.0},{"date":"08/07/2024","date_ts":1720396800000,"profit_abs":0.0,"wins":0,"draws":0,"losses":0,"trades":0,"profit_factor":0.0},{"date":"09/07/2024","date_ts":1720483200000,"profit_abs":0.0,"wins":0,"draws":0,"losses":0,"trades":0,"profit_factor":0.0},{"date":"10/07/2024","date_ts":1720569600000,"profit_abs":-174.36407742,"wins":0,"draws":0,"losses":1,"trades":1,"profit_factor":0.0},{"date":"11/07/2024","date_ts":1720656000000,"profit_abs":0.0,"wins":0,"draws":0,"losses":0,"trades":0,"profit_factor":0.0},{"date":"12/07/2024","date_ts":1720742400000,"profit_abs":0.0,"wins":0,"draws":0,"losses":0,"trades":0,"profit_factor":0.0},{"date":"13/07/2024","date_ts":1720828800000,"profit_abs":0.0,"wins":0,"draws":0,"losses":0,"trades":0,"profit_factor":0.0},{"date":"14/07/2024","date_ts":1720915200000,"profit_abs":-83.73199995,"wins":0,"draws":0,"losses":1,"trades":1,"profit_factor":0.0},{"date":"15/07/2024","date_ts":1721001600000,"profit_abs":544.45270337,"wins":3,"draws":0,"losses":2,"trades":5,"profit_factor":16.1399262},{"date":"16/07/2024","date_ts":1721088000000,"profit_abs":-26.61917641,"wins":0,"draws":0,"losses":2,"trades":2,"profit_factor":0.0},{"date":"17/07/2024","date_ts":1721174400000,"profit_abs":17.4543622,"wins":1,"draws":0,"losses":0,"trades":1,"profit_factor":0.0},{"date":"18/07/2024","date_ts":1721260800000,"profit_abs":0.0,"wins":0,"draws":0,"losses":0,"trades":0,"profit_factor":0.0},{"date":"19/07/2024","date_ts":1721347200000,"profit_abs":0.0,"wins":0,"draws":0,"losses":0,"trades":0,"profit_factor":0.0},{"date":"20/07/2024","date_ts":1721433600000,"profit_abs":0.0,"wins":0,"draws":0,"losses":0,"trades":0,"profit_factor":0.0},{"date":"21/07/2024","date_ts":1721520000000,"profit_abs":-194.55498592,"wins":0,"draws":0,"losses":1,"trades":1,"profit_factor":0.0},{"date":"22/07/2024","date_ts":1721606400000,"profit_abs":0.0,"wins":0,"draws":0,"losses":0,"trades":0,"profit_factor":0.0},{"date":"23/07/2024","date_ts":1721692800000,"profit_abs":-90.36273172,"wins":0,"draws":0,"losses":1,"trades":1,"profit_factor":0.0},{"date":"24/07/2024","date_ts":1721779200000,"profit_abs":0.0,"wins":0,"draws":0,"losses":0,"trades":0,"profit_factor":0.0},{"date":"25/07/2024","date_ts":1721865600000,"profit_abs":0.0,"wins":0,"draws":0,"losses":0,"trades":0,"profit_factor":0.0},{"date":"26/07/2024","date_ts":1721952000000,"profit_abs":-102.66732204,"wins":0,"draws":0,"losses":2,"trades":2,"profit_factor":0.0},{"date":"27/07/2024","date_ts":1722038400000,"profit_abs":59.02100203,"wins":1,"draws":0,"losses":1,"trades":2,"profit_factor":2.96509946},{"date":"28/07/2024","date_ts":1722124800000,"profit_abs":0.0,"wins":0,"draws":0,"losses":0,"trades":0,"profit_factor":0.0},{"date":"29/07/2024","date_ts":1722211200000,"profit_abs":0.0,"wins":0,"draws":0,"losses":0,"trades":0,"profit_factor":0.0},{"date":"30/07/2024","date_ts":1722297600000,"profit_abs":0.0,"wins":0,"draws":0,"losses":0,"trades":0,"profit_factor":0.0},{"date":"31/07/2024","date_ts":1722384000000,"profit_abs":0.0,"wins":0,"draws":0,"losses":0,"trades":0,"profit_factor":0.0},{"date":"01/08/2024","date_ts":1722470400000,"profit_abs":-149.91124764,"wins":0,"draws":0,"losses":1,"trades":1,"profit_factor":0.0},{"date":"02/08/2024","date_ts":1722556800000,"profit_abs":0.0,"wins":0,"draws":0,"losses":0,"trades":0,"profit_factor":0.0},{"date":"03/08/2024","date_ts":1722643200000,"profit_abs":0.0,"wins":0,"draws":0,"losses":0,"trades":0,"profit_factor":0.0},{"date":"04/08/2024","date_ts":1722729600000,"profit_abs":0.0,"wins":0,"draws":0,"losses":0,"trades":0,"profit_factor":0.0},{"date":"05/08/2024","date_ts":1722816000000,"profit_abs":182.1453525,"wins":1,"draws":0,"losses":0,"trades":1,"profit_factor":0.0},{"date":"06/08/2024","date_ts":1722902400000,"profit_abs":-138.25171272,"wins":0,"draws":0,"losses":1,"trades":1,"profit_factor":0.0},{"date":"07/08/2024","date_ts":1722988800000,"profit_abs":-243.54103042,"wins":0,"draws":0,"losses":2,"trades":2,"profit_factor":0.0},{"date":"08/08/2024","date_ts":1723075200000,"profit_abs":0.0,"wins":0,"draws":0,"losses":0,"trades":0,"profit_factor":0.0},{"date":"09/08/2024","date_ts":1723161600000,"profit_abs":-248.10752914,"wins":0,"draws":0,"losses":1,"trades":1,"profit_factor":0.0},{"date":"10/08/2024","date_ts":1723248000000,"profit_abs":13.1309551,"wins":1,"draws":0,"losses":0,"trades":1,"profit_factor":0.0},{"date":"11/08/2024","date_ts":1723334400000,"profit_abs":0.0,"wins":0,"draws":0,"losses":0,"trades":0,"profit_factor":0.0},{"date":"12/08/2024","date_ts":1723420800000,"profit_abs":0.0,"wins":0,"draws":0,"losses":0,"trades":0,"profit_factor":0.0},{"date":"13/08/2024","date_ts":1723507200000,"profit_abs":0.0,"wins":0,"draws":0,"losses":0,"trades":0,"profit_factor":0.0},{"date":"14/08/2024","date_ts":1723593600000,"profit_abs":0.0,"wins":0,"draws":0,"losses":0,"trades":0,"profit_factor":0.0},{"date":"15/08/2024","date_ts":1723680000000,"profit_abs":0.0,"wins":0,"draws":0,"losses":0,"trades":0,"profit_factor":0.0},{"date":"16/08/2024","date_ts":1723766400000,"profit_abs":0.0,"wins":0,"draws":0,"losses":0,"trades":0,"profit_factor":0.0},{"date":"17/08/2024","date_ts":1723852800000,"profit_abs":0.0,"wins":0,"draws":0,"losses":0,"trades":0,"profit_factor":0.0},{"date":"18/08/2024","date_ts":1723939200000,"profit_abs":0.0,"wins":0,"draws":0,"losses":0,"trades":0,"profit_factor":0.0},{"date":"19/08/2024","date_ts":1724025600000,"profit_abs":0.0,"wins":0,"draws":0,"losses":0,"trades":0,"profit_factor":0.0},{"date":"20/08/2024","date_ts":1724112000000,"profit_abs":0.0,"wins":0,"draws":0,"losses":0,"trades":0,"profit_factor":0.0},{"date":"21/08/2024","date_ts":1724198400000,"profit_abs":0.0,"wins":0,"draws":0,"losses":0,"trades":0,"profit_factor":0.0},{"date":"22/08/2024","date_ts":1724284800000,"profit_abs":0.0,"wins":0,"draws":0,"losses":0,"trades":0,"profit_factor":0.0},{"date":"23/08/2024","date_ts":1724371200000,"profit_abs":0.0,"wins":0,"draws":0,"losses":0,"trades":0,"profit_factor":0.0},{"date":"24/08/2024","date_ts":1724457600000,"profit_abs":-212.54769986,"wins":0,"draws":0,"losses":3,"trades":3,"profit_factor":0.0}],"week":[{"date":"01/07/2024","date_ts":1719792000000,"profit_abs":-77.75837297,"wins":0,"draws":0,"losses":1,"trades":1,"profit_factor":0.0},{"date":"08/07/2024","date_ts":1720396800000,"profit_abs":-719.67705077,"wins":1,"draws":0,"losses":5,"trades":6,"profit_factor":0.06485871},{"date":"15/07/2024","date_ts":1721001600000,"profit_abs":286.356626,"wins":3,"draws":0,"losses":4,"trades":7,"profit_factor":1.9738118},{"date":"22/07/2024","date_ts":1721606400000,"profit_abs":-203.71980013,"wins":1,"draws":0,"losses":3,"trades":4,"profit_factor":0.07891682},{"date":"29/07/2024","date_ts":1722211200000,"profit_abs":-134.00905173,"wins":1,"draws":0,"losses":4,"trades":5,"profit_factor":0.39923676},{"date":"05/08/2024","date_ts":1722816000000,"profit_abs":32.23410486,"wins":1,"draws":0,"losses":1,"trades":2,"profit_factor":1.21502126},{"date":"12/08/2024","date_ts":1723420800000,"profit_abs":-616.76931718,"wins":1,"draws":0,"losses":4,"trades":5,"profit_factor":0.02084609},{"date":"19/08/2024","date_ts":1724025600000,"profit_abs":0.0,"wins":0,"draws":0,"losses":0,"trades":0,"profit_factor":0.0},{"date":"26/08/2024","date_ts":1724630400000,"profit_abs":-212.54769986,"wins":0,"draws":0,"losses":3,"trades":3,"profit_factor":0.0}],"month":[{"date":"31/07/2024","date_ts":1722384000000,"profit_abs":-848.8076496,"wins":6,"draws":0,"losses":17,"trades":23,"profit_factor":0.46469299},{"date":"31/08/2024","date_ts":1725062400000,"profit_abs":-797.08291218,"wins":2,"draws":0,"losses":8,"trades":10,"profit_factor":0.19677986}],"year":[{"date":"31/12/2024","date_ts":1735603200000,"profit_abs":-1645.89056178,"wins":8,"draws":0,"losses":25,"trades":33,"profit_factor":0.36156441}]},"backtest_best_day":0.03328599049276983,"backtest_worst_day":-0.0388572203200445,"backtest_best_day_abs":544.45270337,"backtest_worst_day_abs":-639.97955788,"winning_days":5,"draw_days":35,"losing_days":15,"daily_profit":[["2024-07-01",-77.75837297],["2024-07-02",-59.25850828],["2024-07-03",0.0],["2024-07-04",-639.97955788],["2024-07-05",-20.43898461],["2024-07-06",0.0],["2024-07-07",0.0],["2024-07-08",0.0],["2024-07-09",0.0],["2024-07-10",-174.36407742],["2024-07-11",0.0],["2024-07-12",0.0],["2024-07-13",0.0],["2024-07-14",-83.73199995],["2024-07-15",544.45270337],["2024-07-16",-26.61917641],["2024-07-17",17.4543622],["2024-07-18",0.0],["2024-07-19",0.0],["2024-07-20",0.0],["2024-07-21",-194.55498592],["2024-07-22",0.0],["2024-07-23",-90.36273172],["2024-07-24",0.0],["2024-07-25",0.0],["2024-07-26",-102.66732204],["2024-07-27",59.02100203],["2024-07-28",0.0],["2024-07-29",0.0],["2024-07-30",0.0],["2024-07-31",0.0],["2024-08-01",-149.91124764],["2024-08-02",0.0],["2024-08-03",0.0],["2024-08-04",0.0],["2024-08-05",182.1453525],["2024-08-06",-138.25171272],["2024-08-07",-243.54103042],["2024-08-08",0.0],["2024-08-09",-248.10752914],["2024-08-10",13.1309551],["2024-08-11",0.0],["2024-08-12",0.0],["2024-08-13",0.0],["2024-08-14",0.0],["2024-08-15",0.0],["2024-08-16",0.0],["2024-08-17",0.0],["2024-08-18",0.0],["2024-08-19",0.0],["2024-08-20",0.0],["2024-08-21",0.0],["2024-08-22",0.0],["2024-08-23",0.0],["2024-08-24",-212.54769986]],"wins":8,"losses":25,"draws":0,"winrate":0.24242424242424243,"holding_avg":"1:46:00","holding_avg_s":6360.0,"winner_holding_min":"0d 00:45","winner_holding_min_s":2700.0,"winner_holding_max":"0d 05:30","winner_holding_max_s":19800.0,"winner_holding_avg":"0d 02:19","winner_holding_avg_s":8340.0,"loser_holding_min":"0d 00:15","loser_holding_min_s":900.0,"loser_holding_max":"0d 05:15","loser_holding_max_s":18900.0,"loser_holding_avg":"0d 01:36","loser_holding_avg_s":5760.0,"max_consecutive_wins":2,"max_consecutive_losses":5,"max_drawdown_account":0.016458905617800047,"max_relative_drawdown":0.016458905617800047,"max_drawdown_abs":1645.8905617800003,"drawdown_start":"2024-07-01 20:30:00","drawdown_start_ts":1719865800000.0,"drawdown_end":"2024-08-24 19:00:00","drawdown_end_ts":1724526000000.0,"max_drawdown_low":-1645.8905617800003,"max_drawdown_high":-77.75837297,"csum_min":98354.10943822,"csum_max":99922.24162703}},"strategy_comparison":[{"key":"VATSMProfitStrategy","trades":33,"profit_mean":-0.003037995519408666,"profit_mean_pct":-0.3,"profit_total_abs":-1645.89056178,"profit_total":-0.0164589056178,"profit_total_pct":-1.65,"duration_avg":"1:46:00","wins":8,"draws":0,"losses":25,"winrate":0.24242424242424243,"cagr":-0.10081971365389353,"expectancy":-49.875471569090905,"expectancy_ratio":-0.48366332421298697,"sortino":-5.7084545667492295,"sharpe":-3.90368159922057,"calmar":-33.517496797443414,"sqn":-1.9965,"profit_factor":0.36156441203885714,"max_drawdown_account":0.016458905617800047,"max_drawdown_abs":"1645.891"}]}