{"max_open_trades":3,"stake_currency":"USDT","stake_amount":"unlimited","tradable_balance_ratio":0.99,"fiat_display_currency":"USD","timeframe":"15m","dry_run":true,"dry_run_wallet":100000,"cancel_open_orders_on_exit":false,"trading_mode":"spot","margin_mode":"","unfilledtimeout":{"entry":10,"exit":10,"exit_timeout_count":0,"unit":"minutes"},"entry_pricing":{"price_side":"same","use_order_book":true,"order_book_top":1,"price_last_balance":0.0,"check_depth_of_market":{"enabled":false,"bids_to_ask_delta":1}},"exit_pricing":{"price_side":"same","use_order_book":true,"order_book_top":1},"exchange":{"name":"binance","key":"REDACTED","secret":"REDACTED","ccxt_config":{},"ccxt_async_config":{},"pair_whitelist":["BTC/USDT","ETH/USDT","SOL/USDT"],"pair_blacklist":[]},"pairlists":[{"method":"StaticPairList"}],"edge":{"enabled":false},"telegram":{"enabled":false,"token":"REDACTED","chat_id":"REDACTED"},"api_server":{"enabled":false,"listen_ip_address":"127.0.0.1","listen_port":8080,"verbosity":"error","enable_openapi":false,"jwt_secret_key":"","CORS_origins":[],"username":"","password":"REDACTED"},"bot_name":"freqtrade_vatsm_profit","initial_state":"running","force_entry_enable":false,"internals":{"process_throttle_secs":5},"strategy":"VATSMProfitStrategy","strategy_path":"user_data/strategies/","dataformat_ohlcv":"feather","dataformat_trades":"feather","config_files":["vatsm_profit_config.json"]}