{"strategy":{"VATSMStrategy":{"trades":[{"pair":"BTC/USDT","stake_amount":80109.7788106,"max_stake_amount":80109.7788106,"amount":1.27402,"open_date":"2024-07-15 09:00:00+00:00","close_date":"2024-07-15 15:00:00+00:00","open_rate":62879.53,"close_rate":63193.75,"fee_open":0.001,"fee_close":0.001,"trade_duration":360,"profit_ratio":0.0029891883930320572,"profit_abs":239.70268421,"exit_reason":"trailing_stop_loss","initial_stop_loss_abs":57849.17,"initial_stop_loss_ratio":-0.08,"stop_loss_abs":63193.75,"stop_loss_ratio":-0.0021199599999999997,"min_rate":62290.0,"max_rate":63328.0,"is_open":false,"enter_tag":"","leverage":1.0,"is_short":false,"open_timestamp":1721034000000,"close_timestamp":1721055600000,"orders":[{"amount":1.27402,"safe_price":62879.53,"ft_order_side":"buy","order_filled_timestamp":1721034000000,"ft_is_entry":true,"ft_order_tag":"","cost":80189.88858941059},{"amount":1.27402,"safe_price":63193.75,"ft_order_side":"sell","order_filled_timestamp":1721055600000,"ft_is_entry":false,"ft_order_tag":"trailing_stop_loss","cost":80590.611476375}],"funding_fees":0.0},{"pair":"BTC/USDT","stake_amount":93204.34992,"max_stake_amount":93204.34992,"amount":1.48028,"open_date":"2024-07-15 15:15:00+00:00","close_date":"2024-07-15 16:30:00+00:00","open_rate":62964.0,"close_rate":63277.64,"fee_open":0.001,"fee_close":0.001,"trade_duration":75,"profit_ratio":0.002973304568493249,"profit_abs":277.40204434,"exit_reason":"trailing_stop_loss","initial_stop_loss_abs":57926.89,"initial_stop_loss_ratio":-0.08,"stop_loss_abs":63277.64,"stop_loss_ratio":-0.0038940499999999996,"min_rate":62852.0,"max_rate":63525.0,"is_open":false,"enter_tag":"","leverage":1.0,"is_short":false,"open_timestamp":1721056500000,"close_timestamp":1721061000000,"orders":[{"amount":1.48028,"safe_price":62964.0,"ft_order_side":"buy","order_filled_timestamp":1721056500000,"ft_is_entry":true,"ft_order_tag":"","cost":93297.55426992},{"amount":1.48028,"safe_price":63277.64,"ft_order_side":"sell","order_filled_timestamp":1721061000000,"ft_is_entry":false,"ft_order_tag":"trailing_stop_loss","cost":93762.2935641392}],"funding_fees":0.0},{"pair":"BTC/USDT","stake_amount":90558.3761,"max_stake_amount":90558.3761,"amount":1.42715,"open_date":"2024-07-15 16:45:00+00:00","close_date":"2024-07-15 22:00:00+00:00","open_rate":63454.0,"close_rate":63762.76,"fee_open":0.001,"fee_close":0.001,"trade_duration":315,"profit_ratio":0.002858163049211683,"profit_abs":259.08943497,"exit_reason":"trailing_stop_loss","initial_stop_loss_abs":58377.68,"initial_stop_loss_ratio":-0.08,"stop_loss_abs":63762.76,"stop_loss_ratio":-0.010509770000000002,"min_rate":62993.33,"max_rate":64440.0,"is_open":false,"enter_tag":"","leverage":1.0,"is_short":false,"open_timestamp":1721061900000,"close_timestamp":1721080800000,"orders":[{"amount":1.42715,"safe_price":63454.0,"ft_order_side":"buy","order_filled_timestamp":1721061900000,"ft_is_entry":true,"ft_order_tag":"","cost":90648.93447609998},{"amount":1.42715,"safe_price":63762.76,"ft_order_side":"sell","order_filled_timestamp":1721080800000,"ft_is_entry":false,"ft_order_tag":"trailing_stop_loss","cost":91090.02195693398}],"funding_fees":0.0},{"pair":"BTC/USDT","stake_amount":65295.8435467,"max_stake_amount":65295.8435467,"amount":1.01809,"open_date":"2024-07-15 22:15:00+00:00","close_date":"2024-07-15 22:30:00+00:00","open_rate":64135.63,"close_rate":64454.2,"fee_open":0.001,"fee_close":0.001,"trade_duration":15,"profit_ratio":0.0029592034821360838,"profit_abs":193.41691128,"exit_reason":"trailing_stop_loss","initial_stop_loss_abs":59004.78,"initial_stop_loss_ratio":-0.08,"stop_loss_abs":64454.2,"stop_loss_ratio":-0.0050619,"min_rate":63915.99,"max_rate":64782.12,"is_open":false,"enter_tag":"","leverage":1.0,"is_short":false,"open_timestamp":1721081700000,"close_timestamp":1721082600000,"orders":[{"amount":1.01809,"safe_price":64135.63,"ft_order_side":"buy","order_filled_timestamp":1721081700000,"ft_is_entry":true,"ft_order_tag":"","cost":65361.13939024669},{"amount":1.01809,"safe_price":64454.2,"ft_order_side":"sell","order_filled_timestamp":1721082600000,"ft_is_entry":false,"ft_order_tag":"trailing_stop_loss","cost":65685.79665447799}],"funding_fees":0.0},{"pair":"BTC/USDT","stake_amount":68445.4192551,"max_stake_amount":68445.4192551,"amount":1.04449,"open_date":"2024-07-17 00:45:00+00:00","close_date":"2024-07-17 01:15:00+00:00","open_rate":65529.99,"close_rate":65856.24,"fee_open":0.001,"fee_close":0.001,"trade_duration":30,"profit_ratio":0.0029706871754700908,"profit_abs":203.53325913,"exit_reason":"trailing_stop_loss","initial_stop_loss_abs":60287.6,"initial_stop_loss_ratio":-0.08,"stop_loss_abs":65856.24,"stop_loss_ratio":-0.0041191,"min_rate":65380.0,"max_rate":66128.63,"is_open":false,"enter_tag":"","leverage":1.0,"is_short":false,"open_timestamp":1721177100000,"close_timestamp":1721178900000,"orders":[{"amount":1.04449,"safe_price":65529.99,"ft_order_side":"buy","order_filled_timestamp":1721177100000,"ft_is_entry":true,"ft_order_tag":"","cost":68513.86467435508},{"amount":1.04449,"safe_price":65856.24,"ft_order_side":"sell","order_filled_timestamp":1721178900000,"ft_is_entry":false,"ft_order_tag":"trailing_stop_loss","cost":68854.97030171759}],"funding_fees":0.0},{"pair":"BTC/USDT","stake_amount":63573.7806,"max_stake_amount":63573.7806,"amount":0.99303,"open_date":"2024-07-19 03:15:00+00:00","close_date":"2024-07-19 06:00:00+00:00","open_rate":64020.0,"close_rate":64339.85,"fee_open":0.001,"fee_close":0.001,"trade_duration":165,"profit_ratio":0.0029881107645161526,"profit_abs":190.15546365,"exit_reason":"trailing_stop_loss","initial_stop_loss_abs":58898.4,"initial_stop_loss_ratio":-0.08,"stop_loss_abs":64339.85,"stop_loss_ratio":-0.00226643,"min_rate":63960.37,"max_rate":64486.0,"is_open":false,"enter_tag":"","leverage":1.0,"is_short":false,"open_timestamp":1721358900000,"close_timestamp":1721368800000,"orders":[{"amount":0.99303,"safe_price":64020.0,"ft_order_side":"buy","order_filled_timestamp":1721358900000,"ft_is_entry":true,"ft_order_tag":"","cost":63637.354380599994},{"amount":0.99303,"safe_price":64339.85,"ft_order_side":"sell","order_filled_timestamp":1721368800000,"ft_is_entry":false,"ft_order_tag":"trailing_stop_loss","cost":63955.29264674549}],"funding_fees":0.0},{"pair":"BTC/USDT","stake_amount":47112.813633,"max_stake_amount":47112.813633,"amount":0.72894,"open_date":"2024-07-19 13:45:00+00:00","close_date":"2024-07-19 13:45:00+00:00","open_rate":64631.95,"close_rate":64630.0,"fee_open":0.001,"fee_close":0.001,"trade_duration":0,"profit_ratio":-0.0020281125531065934,"profit_abs":-95.64563883,"exit_reason":"trailing_stop_loss","initial_stop_loss_abs":59461.4,"initial_stop_loss_ratio":-0.08,"stop_loss_abs":64952.34,"stop_loss_ratio":-0.0057845100000000005,"min_rate":64630.0,"max_rate":65330.24,"is_open":false,"enter_tag":"","leverage":1.0,"is_short":false,"open_timestamp":1721396700000,"close_timestamp":1721396700000,"orders":[{"amount":0.72894,"safe_price":64631.95,"ft_order_side":"buy","order_filled_timestamp":1721396700000,"ft_is_entry":true,"ft_order_tag":"","cost":47159.92644663299},{"amount":0.72894,"safe_price":64630.0,"ft_order_side":"sell","order_filled_timestamp":1721396700000,"ft_is_entry":false,"ft_order_tag":"trailing_stop_loss","cost":47158.503592199995}],"funding_fees":0.0},{"pair":"BTC/USDT","stake_amount":100254.71214,"max_stake_amount":100254.71214,"amount":1.49193,"open_date":"2024-07-20 22:15:00+00:00","close_date":"2024-07-21 17:00:00+00:00","open_rate":67198.0,"close_rate":67533.52,"fee_open":0.001,"fee_close":0.001,"trade_duration":1125,"profit_ratio":0.0029850277107994682,"profit_abs":299.56235697,"exit_reason":"trailing_stop_loss","initial_stop_loss_abs":61822.16,"initial_stop_loss_ratio":-0.08,"stop_loss_abs":67533.52,"stop_loss_ratio":-0.0026506000000000004,"min_rate":66592.1,"max_rate":67713.0,"is_open":false,"enter_tag":"","leverage":1.0,"is_short":false,"open_timestamp":1721513700000,"close_timestamp":1721581200000,"orders":[{"amount":1.49193,"safe_price":67198.0,"ft_order_side":"buy","order_filled_timestamp":1721513700000,"ft_is_entry":true,"ft_order_tag":"","cost":100354.96685213999},{"amount":1.49193,"safe_price":67533.52,"ft_order_side":"sell","order_filled_timestamp":1721581200000,"ft_is_entry":false,"ft_order_tag":"trailing_stop_loss","cost":100856.03977809359}],"funding_fees":0.0},{"pair":"BTC/USDT","stake_amount":100551.11792,"max_stake_amount":100551.11792,"amount":1.48586,"open_date":"2024-07-22 13:15:00+00:00","close_date":"2024-07-22 19:45:00+00:00","open_rate":67672.0,"close_rate":68009.35,"fee_open":0.001,"fee_close":0.001,"trade_duration":390,"profit_ratio":0.0029771128800368716,"profit_abs":299.65138029,"exit_reason":"trailing_stop_loss","initial_stop_loss_abs":62258.25,"initial_stop_loss_ratio":-0.08,"stop_loss_abs":68009.35,"stop_loss_ratio":-0.0035261299999999997,"min_rate":66559.97,"max_rate":68250.0,"is_open":false,"enter_tag":"","leverage":1.0,"is_short":false,"open_timestamp":1721654100000,"close_timestamp":1721677500000,"orders":[{"amount":1.48586,"safe_price":67672.0,"ft_order_side":"buy","order_filled_timestamp":1721654100000,"ft_is_entry":true,"ft_order_tag":"","cost":100651.66903791999},{"amount":1.48586,"safe_price":68009.35,"ft_order_side":"sell","order_filled_timestamp":1721677500000,"ft_is_entry":false,"ft_order_tag":"trailing_stop_loss","cost":101153.42516379099}],"funding_fees":0.0},{"pair":"BTC/USDT","stake_amount":73936.0931656,"max_stake_amount":73936.0931656,"amount":1.10888,"open_date":"2024-07-24 13:30:00+00:00","close_date":"2024-07-26 02:15:00+00:00","open_rate":66676.37,"close_rate":66677.97,"fee_open":0.001,"fee_close":0.001,"trade_duration":2205,"profit_ratio":-0.001974053435773993,"profit_abs":-146.09975254,"exit_reason":"trailing_stop_loss","initial_stop_loss_abs":61342.27,"initial_stop_loss_ratio":-0.08,"stop_loss_abs":66677.97,"stop_loss_ratio":-0.00348445,"min_rate":63456.7,"max_rate":67102.01,"is_open":false,"enter_tag":"","leverage":1.0,"is_short":false,"open_timestamp":1721827800000,"close_timestamp":1721960100000,"orders":[{"amount":1.10888,"safe_price":66676.37,"ft_order_side":"buy","order_filled_timestamp":1721827800000,"ft_is_entry":true,"ft_order_tag":"","cost":74010.0292587656},{"amount":1.10888,"safe_price":66677.97,"ft_order_side":"sell","order_filled_timestamp":1721960100000,"ft_is_entry":false,"ft_order_tag":"trailing_stop_loss","cost":74011.8052409736}],"funding_fees":0.0},{"pair":"BTC/USDT","stake_amount":100702.93696,"max_stake_amount":100702.93696,"amount":1.49624,"open_date":"2024-07-26 09:30:00+00:00","close_date":"2024-07-26 13:45:00+00:00","open_rate":67304.0,"close_rate":67638.39,"fee_open":0.001,"fee_close":0.001,"trade_duration":255,"profit_ratio":0.002960423773338364,"profit_abs":298.42149199,"exit_reason":"trailing_stop_loss","initial_stop_loss_abs":61919.68,"initial_stop_loss_ratio":-0.08,"stop_loss_abs":67638.39,"stop_loss_ratio":-0.00496734,"min_rate":67086.45,"max_rate":67976.05,"is_open":false,"enter_tag":"","leverage":1.0,"is_short":false,"open_timestamp":1721986200000,"close_timestamp":1722001500000,"orders":[{"amount":1.49624,"safe_price":67304.0,"ft_order_side":"buy","order_filled_timestamp":1721986200000,"ft_is_entry":true,"ft_order_tag":"","cost":100803.63989696},{"amount":1.49624,"safe_price":67638.39,"ft_order_side":"sell","order_filled_timestamp":1722001500000,"ft_is_entry":false,"ft_order_tag":"trailing_stop_loss","cost":101304.46791825359}],"funding_fees":0.0},{"pair":"BTC/USDT","stake_amount":99901.2702375,"max_stake_amount":99901.2702375,"amount":1.47465,"open_date":"2024-07-26 14:15:00+00:00","close_date":"2024-07-27 07:15:00+00:00","open_rate":67745.75,"close_rate":68084.17,"fee_open":0.001,"fee_close":0.001,"trade_duration":1020,"profit_ratio":0.0029874596163794397,"profit_abs":298.74946147,"exit_reason":"trailing_stop_loss","initial_stop_loss_abs":62326.1,"initial_stop_loss_ratio":-0.08,"stop_loss_abs":68084.17,"stop_loss_ratio":-0.0023567399999999995,"min_rate":66892.0,"max_rate":68295.39,"is_open":false,"enter_tag":"","leverage":1.0,"is_short":false,"open_timestamp":1722003300000,"close_timestamp":1722064500000,"orders":[{"amount":1.47465,"safe_price":67745.75,"ft_order_side":"buy","order_filled_timestamp":1722003300000,"ft_is_entry":true,"ft_order_tag":"","cost":100001.1715077375},{"amount":1.47465,"safe_price":68084.17,"ft_order_side":"sell","order_filled_timestamp":1722064500000,"ft_is_entry":false,"ft_order_tag":"trailing_stop_loss","cost":100500.72161179049}],"funding_fees":0.0},{"pair":"BTC/USDT","stake_amount":101294.301669,"max_stake_amount":101294.301669,"amount":1.4817,"open_date":"2024-07-27 12:15:00+00:00","close_date":"2024-07-27 13:00:00+00:00","open_rate":68363.57,"close_rate":68704.96,"fee_open":0.001,"fee_close":0.001,"trade_duration":45,"profit_ratio":0.002985762046189613,"profit_abs":302.7431221,"exit_reason":"trailing_stop_loss","initial_stop_loss_abs":62894.49,"initial_stop_loss_ratio":-0.08,"stop_loss_abs":68704.96,"stop_loss_ratio":-0.0025669099999999995,"min_rate":68286.54,"max_rate":68881.77,"is_open":false,"enter_tag":"","leverage":1.0,"is_short":false,"open_timestamp":1722082500000,"close_timestamp":1722085200000,"orders":[{"amount":1.4817,"safe_price":68363.57,"ft_order_side":"buy","order_filled_timestamp":1722082500000,"ft_is_entry":true,"ft_order_tag":"","cost":101395.59597066899},{"amount":1.4817,"safe_price":68704.96,"ft_order_side":"sell","order_filled_timestamp":1722085200000,"ft_is_entry":false,"ft_order_tag":"trailing_stop_loss","cost":101901.939371232}],"funding_fees":0.0},{"pair":"BTC/USDT","stake_amount":101594.4118222,"max_stake_amount":101594.4118222,"amount":1.47422,"open_date":"2024-07-27 14:30:00+00:00","close_date":"2024-07-29 02:15:00+00:00","open_rate":68914.01,"close_rate":69232.46,"fee_open":0.001,"fee_close":0.001,"trade_duration":2145,"profit_ratio":0.0026137414815319933,"profit_abs":265.80707,"exit_reason":"trailing_stop_loss","initial_stop_loss_abs":63400.89,"initial_stop_loss_ratio":-0.08,"stop_loss_abs":69232.46,"stop_loss_ratio":-0.0011909300000000002,"min_rate":66650.0,"max_rate":69315.0,"is_open":false,"enter_tag":"","leverage":1.0,"is_short":false,"open_timestamp":1722090600000,"close_timestamp":1722219300000,"orders":[{"amount":1.47422,"safe_price":68914.01,"ft_order_side":"buy","order_filled_timestamp":1722090600000,"ft_is_entry":true,"ft_order_tag":"","cost":101696.00623402219},{"amount":1.47422,"safe_price":69232.46,"ft_order_side":"sell","order_filled_timestamp":1722219300000,"ft_is_entry":false,"ft_order_tag":"trailing_stop_loss","cost":102165.94105838121}],"funding_fees":0.0},{"pair":"BTC/USDT","stake_amount":101857.4216856,"max_stake_amount":101857.4216856,"amount":1.46076,"open_date":"2024-07-29 12:45:00+00:00","close_date":"2024-08-01 00:15:00+00:00","open_rate":69729.06,"close_rate":64473.6,"fee_open":0.001,"fee_close":0.001,"trade_duration":3570,"profit_ratio":-0.07721713703895172,"profit_abs":-7873.00362722,"exit_reason":"trailing_stop_loss","initial_stop_loss_abs":64150.74,"initial_stop_loss_ratio":-0.08,"stop_loss_abs":64473.6,"stop_loss_ratio":-0.08,"min_rate":64316.55,"max_rate":70079.99,"is_open":false,"enter_tag":"","leverage":1.0,"is_short":false,"open_timestamp":1722257100000,"close_timestamp":1722471300000,"orders":[{"amount":1.46076,"safe_price":69729.06,"ft_order_side":"buy","order_filled_timestamp":1722257100000,"ft_is_entry":true,"ft_order_tag":"","cost":101959.27910728559},{"amount":1.46076,"safe_price":64473.6,"ft_order_side":"sell","order_filled_timestamp":1722471300000,"ft_is_entry":false,"ft_order_tag":"trailing_stop_loss","cost":94274.63639193599}],"funding_fees":0.0},{"pair":"BTC/USDT","stake_amount":94063.0776644,"max_stake_amount":94063.0776644,"amount":1.53322,"open_date":"2024-08-22 11:00:00+00:00","close_date":"2024-08-23 14:00:00+00:00","open_rate":61350.02,"close_rate":61776.75,"fee_open":0.001,"fee_close":0.001,"trade_duration":1620,"profit_ratio":0.004943762529654255,"profit_abs":465.4905443,"exit_reason":"trailing_stop_loss","initial_stop_loss_abs":56442.02,"initial_stop_loss_ratio":-0.08,"stop_loss_abs":61776.75,"stop_loss_ratio":-0.00541366,"min_rate":60100.0,"max_rate":62113.0,"is_open":false,"enter_tag":"","leverage":1.0,"is_short":false,"open_timestamp":1724324400000,"close_timestamp":1724421600000,"orders":[{"amount":1.53322,"safe_price":61350.02,"ft_order_side":"buy","order_filled_timestamp":1724324400000,"ft_is_entry":true,"ft_order_tag":"","cost":94157.1407420644},{"amount":1.53322,"safe_price":61776.75,"ft_order_side":"sell","order_filled_timestamp":1724421600000,"ft_is_entry":false,"ft_order_tag":"trailing_stop_loss","cost":94812.065983635}],"funding_fees":0.0},{"pair":"BTC/USDT","stake_amount":52894.5104001,"max_stake_amount":52894.5104001,"amount":0.85549,"open_date":"2024-08-23 14:30:00+00:00","close_date":"2024-08-23 17:30:00+00:00","open_rate":61829.49,"close_rate":62138.33,"fee_open":0.001,"fee_close":0.001,"trade_duration":180,"profit_ratio":0.002987045380927361,"profit_abs":158.15630127,"exit_reason":"trailing_stop_loss","initial_stop_loss_abs":56883.14,"initial_stop_loss_ratio":-0.08,"stop_loss_abs":62138.33,"stop_loss_ratio":-0.0024029000000000003,"min_rate":60802.36,"max_rate":62288.0,"is_open":false,"enter_tag":"","leverage":1.0,"is_short":false,"open_timestamp":1724423400000,"close_timestamp":1724434200000,"orders":[{"amount":0.85549,"safe_price":61829.49,"ft_order_side":"buy","order_filled_timestamp":1724423400000,"ft_is_entry":true,"ft_order_tag":"","cost":52947.404910500096},{"amount":0.85549,"safe_price":62138.33,"ft_order_side":"sell","order_filled_timestamp":1724434200000,"ft_is_entry":false,"ft_order_tag":"trailing_stop_loss","cost":53211.87865163169}],"funding_fees":0.0},{"pair":"BTC/USDT","stake_amount":80977.80784,"max_stake_amount":80977.80784,"amount":1.26433,"open_date":"2024-08-24 07:00:00+00:00","close_date":"2024-08-25 00:00:00+00:00","open_rate":64048.0,"close_rate":64368.05,"fee_open":0.001,"fee_close":0.001,"trade_duration":1020,"profit_ratio":0.002989047393981732,"profit_abs":242.288552,"exit_reason":"trailing_stop_loss","initial_stop_loss_abs":58924.16,"initial_stop_loss_ratio":-0.08,"stop_loss_abs":64368.05,"stop_loss_ratio":-0.0021548,"min_rate":63531.0,"max_rate":64507.04,"is_open":false,"enter_tag":"","leverage":1.0,"is_short":false,"open_timestamp":1724482800000,"close_timestamp":1724544000000,"orders":[{"amount":1.26433,"safe_price":64048.0,"ft_order_side":"buy","order_filled_timestamp":1724482800000,"ft_is_entry":true,"ft_order_tag":"","cost":81058.78564783999},{"amount":1.26433,"safe_price":64368.05,"ft_order_side":"sell","order_filled_timestamp":1724544000000,"ft_is_entry":false,"ft_order_tag":"trailing_stop_loss","cost":81463.83911315649}],"funding_fees":0.0},{"pair":"BTC/USDT","stake_amount":94920.371,"max_stake_amount":94920.371,"amount":1.47805,"open_date":"2024-08-25 14:45:00+00:00","close_date":"2024-08-25 23:00:00+00:00","open_rate":64220.0,"close_rate":64539.04,"fee_open":0.001,"fee_close":0.001,"trade_duration":495,"profit_ratio":0.0029599948479012914,"profit_abs":281.24477293,"exit_reason":"trailing_stop_loss","initial_stop_loss_abs":59082.4,"initial_stop_loss_ratio":-0.08,"stop_loss_abs":64539.04,"stop_loss_ratio":-0.00500999,"min_rate":64000.0,"max_rate":64864.0,"is_open":false,"enter_tag":"","leverage":1.0,"is_short":false,"open_timestamp":1724597100000,"close_timestamp":1724626800000,"orders":[{"amount":1.47805,"safe_price":64220.0,"ft_order_side":"buy","order_filled_timestamp":1724597100000,"ft_is_entry":true,"ft_order_tag":"","cost":95015.29137099998},{"amount":1.47805,"safe_price":64539.04,"ft_order_side":"sell","order_filled_timestamp":1724626800000,"ft_is_entry":false,"ft_order_tag":"trailing_stop_loss","cost":95487.320000072}],"funding_fees":0.0},{"pair":"BTC/USDT","stake_amount":95198.62144,"max_stake_amount":95198.62144,"amount":1.46848,"open_date":"2024-08-25 23:15:00+00:00","close_date":"2024-08-27 00:00:00+00:00","open_rate":64828.0,"close_rate":62834.0,"fee_open":0.001,"fee_close":0.001,"trade_duration":1485,"profit_ratio":-0.03269486113319025,"profit_abs":-3115.61821376,"exit_reason":"force_exit","initial_stop_loss_abs":59641.76,"initial_stop_loss_ratio":-0.08,"stop_loss_abs":59800.0,"stop_loss_ratio":-0.08,"min_rate":62756.0,"max_rate":65000.0,"is_open":false,"enter_tag":"","leverage":1.0,"is_short":false,"open_timestamp":1724627700000,"close_timestamp":1724716800000,"orders":[{"amount":1.46848,"safe_price":64828.0,"ft_order_side":"buy","order_filled_timestamp":1724627700000,"ft_is_entry":true,"ft_order_tag":"","cost":95293.82006144},{"amount":1.46848,"safe_price":62834.0,"ft_order_side":"sell","order_filled_timestamp":1724716800000,"ft_is_entry":false,"ft_order_tag":"force_exit","cost":92362.74279231999}],"funding_fees":0.0}],"locks":[],"best_pair":{"key":"BTC/USDT","trades":20,"profit_mean":-0.0032393064533711422,"profit_mean_pct":-0.32,"profit_total_abs":-6954.952381450001,"profit_total":-0.06954952381450001,"profit_total_pct":-6.95,"duration_avg":"13:46:00","wins":16,"draws":0,"losses":4,"winrate":0.8,"cagr":-0.4286881809477501,"expectancy":-347.7476190724999,"expectancy_ratio":-0.1238597498649141,"sortino":-0.8918786955971045,"sharpe":-1.5055790237036892,"calmar":-29.555775613932568,"sqn":-0.8072,"profit_factor":0.380701250675429,"max_drawdown_account":0.0956533917960141,"max_drawdown_abs":9841.44167048},"worst_pair":{"key":"BTC/USDT","trades":20,"profit_mean":-0.0032393064533711422,"profit_mean_pct":-0.32,"profit_total_abs":-6954.952381450001,"profit_total":-0.06954952381450001,"profit_total_pct":-6.95,"duration_avg":"13:46:00","wins":16,"draws":0,"losses":4,"winrate":0.8,"cagr":-0.4286881809477501,"expectancy":-347.7476190724999,"expectancy_ratio":-0.1238597498649141,"sortino":-0.8918786955971045,"sharpe":-1.5055790237036892,"calmar":-29.555775613932568,"sqn":-0.8072,"profit_factor":0.380701250675429,"max_drawdown_account":0.0956533917960141,"max_drawdown_abs":9841.44167048},"results_per_pair":[{"key":"BTC/USDT","trades":20,"profit_mean":-0.0032393064533711422,"profit_mean_pct":-0.32,"profit_total_abs":-6954.952381450001,"profit_total":-0.06954952381450001,"profit_total_pct":-6.95,"duration_avg":"13:46:00","wins":16,"draws":0,"losses":4,"winrate":0.8,"cagr":-0.4286881809477501,"expectancy":-347.7476190724999,"expectancy_ratio":-0.1238597498649141,"sortino":-0.8918786955971045,"sharpe":-1.5055790237036892,"calmar":-29.555775613932568,"sqn":-0.8072,"profit_factor":0.380701250675429,"max_drawdown_account":0.0956533917960141,"max_drawdown_abs":9841.44167048},{"key":"TOTAL","trades":20,"profit_mean":-0.0032393064533711422,"profit_mean_pct":-0.32,"profit_total_abs":-6954.952381450001,"profit_total":-0.06954952381450001,"profit_total_pct":-6.95,"duration_avg":"13:46:00","wins":16,"draws":0,"losses":4,"winrate":0.8,"cagr":-0.4286881809477501,"expectancy":-347.7476190724999,"expectancy_ratio":-0.1238597498649141,"sortino":-0.8918786955971045,"sharpe":-1.5055790237036892,"calmar":-29.555775613932568,"sqn":-0.8072,"profit_factor":0.380701250675429,"max_drawdown_account":0.0956533917960141,"max_drawdown_abs":9841.44167048}],"results_per_enter_tag":[{"key":"","trades":20,"profit_mean":-0.0032393064533711422,"profit_mean_pct":-0.32,"profit_total_abs":-6954.952381450001,"profit_total":-0.06954952381450001,"profit_total_pct":-6.95,"duration_avg":"13:46:00","wins":16,"draws":0,"losses":4,"winrate":0.8,"cagr":-0.4286881809477501,"expectancy":-347.7476190724999,"expectancy_ratio":-0.1238597498649141,"sortino":-0.8918786955971045,"sharpe":-1.5055790237036892,"calmar":-29.555775613932568,"sqn":-0.8072,"profit_factor":0.380701250675429,"max_drawdown_account":0.0956533917960141,"max_drawdown_abs":9841.44167048},{"key":"TOTAL","trades":20,"profit_mean":-0.0032393064533711422,"profit_mean_pct":-0.32,"profit_total_abs":-6954.952381450001,"profit_total":-0.06954952381450001,"profit_total_pct":-6.95,"duration_avg":"13:46:00","wins":16,"draws":0,"losses":4,"winrate":0.8,"cagr":-0.4286881809477501,"expectancy":-347.7476190724999,"expectancy_ratio":-0.1238597498649141,"sortino":-0.8918786955971045,"sharpe":-1.5055790237036892,"calmar":-29.555775613932568,"sqn":-0.8072,"profit_factor":0.380701250675429,"max_drawdown_account":0.0956533917960141,"max_drawdown_abs":9841.44167048}],"exit_reason_summary":[{"key":"force_exit","trades":1,"profit_mean":-0.03269486113319025,"profit_mean_pct":-3.27,"profit_total_abs":-3115.61821376,"profit_total":-0.0311561821376,"profit_total_pct":-3.12,"duration_avg":"1 day, 0:45:00","wins":0,"draws":0,"losses":1,"winrate":0.0,"cagr":-0.21792684031772014,"expectancy":-3115.61821376,"expectancy_ratio":-1.0,"sortino":-100,"sharpe":-100,"calmar":-100,"sqn":-100.0,"profit_factor":0.0,"max_drawdown_account":0.0,"max_drawdown_abs":0.0},{"key":"trailing_stop_loss","trades":19,"profit_mean":-0.001689014101801715,"profit_mean_pct":-0.17,"profit_total_abs":-3839.334167690001,"profit_total":-0.038393341676900006,"profit_total_pct":-3.84,"duration_avg":"13:11:00","wins":16,"draws":0,"losses":3,"winrate":0.8421052631578947,"cagr":-0.2621654090839076,"expectancy":-202.07021935210523,"expectancy_ratio":-0.0747047945250745,"sortino":-0.4270539539673859,"sharpe":-0.8607906885193435,"calmar":-20.39493779372696,"sqn":-0.4729,"profit_factor":0.5268696346745283,"max_drawdown_account":0.07652125834620574,"max_drawdown_abs":7873.0036272199995},{"key":"TOTAL","trades":20,"profit_mean":-0.0032393064533711422,"profit_mean_pct":-0.32,"profit_total_abs":-6954.952381450001,"profit_total":-0.06954952381450001,"profit_total_pct":-6.95,"duration_avg":"13:46:00","wins":16,"draws":0,"losses":4,"winrate":0.8,"cagr":-0.4286881809477501,"expectancy":-347.7476190724999,"expectancy_ratio":-0.1238597498649141,"sortino":-0.8918786955971045,"sharpe":-1.5055790237036892,"calmar":-29.555775613932568,"sqn":-0.8072,"profit_factor":0.380701250675429,"max_drawdown_account":0.0956533917960141,"max_drawdown_abs":9841.44167048}],"mix_tag_stats":[{"key":["","force_exit"],"trades":1,"profit_mean":-0.03269486113319025,"profit_mean_pct":-3.27,"profit_total_abs":-3115.61821376,"profit_total":-0.0311561821376,"profit_total_pct":-3.12,"duration_avg":"1 day, 0:45:00","wins":0,"draws":0,"losses":1,"winrate":0.0,"cagr":-0.21792684031772014,"expectancy":-3115.61821376,"expectancy_ratio":-1.0,"sortino":-100,"sharpe":-100,"calmar":-100,"sqn":-100.0,"profit_factor":0.0,"max_drawdown_account":0.0,"max_drawdown_abs":0.0},{"key":["","trailing_stop_loss"],"trades":19,"profit_mean":-0.001689014101801715,"profit_mean_pct":-0.17,"profit_total_abs":-3839.334167690001,"profit_total":-0.038393341676900006,"profit_total_pct":-3.84,"duration_avg":"13:11:00","wins":16,"draws":0,"losses":3,"winrate":0.8421052631578947,"cagr":-0.2621654090839076,"expectancy":-202.07021935210523,"expectancy_ratio":-0.0747047945250745,"sortino":-0.4270539539673859,"sharpe":-0.8607906885193435,"calmar":-20.39493779372696,"sqn":-0.4729,"profit_factor":0.5268696346745283,"max_drawdown_account":0.07652125834620574,"max_drawdown_abs":7873.0036272199995},{"key":"TOTAL","trades":20,"profit_mean":-0.0032393064533711422,"profit_mean_pct":-0.32,"profit_total_abs":-6954.952381450001,"profit_total":-0.06954952381450001,"profit_total_pct":-6.95,"duration_avg":"13:46:00","wins":16,"draws":0,"losses":4,"winrate":0.8,"cagr":-0.4286881809477501,"expectancy":-347.7476190724999,"expectancy_ratio":-0.1238597498649141,"sortino":-0.8918786955971045,"sharpe":-1.5055790237036892,"calmar":-29.555775613932568,"sqn":-0.8072,"profit_factor":0.380701250675429,"max_drawdown_account":0.0956533917960141,"max_drawdown_abs":9841.44167048}],"left_open_trades":[{"key":"BTC/USDT","trades":1,"profit_mean":-0.03269486113319025,"profit_mean_pct":-3.27,"profit_total_abs":-3115.61821376,"profit_total":-0.0311561821376,"profit_total_pct":-3.12,"duration_avg":"1 day, 0:45:00","wins":0,"draws":0,"losses":1,"winrate":0.0,"cagr":-0.21792684031772014,"expectancy":-3115.61821376,"expectancy_ratio":-1.0,"sortino":-100,"sharpe":-100,"calmar":-100,"sqn":-100.0,"profit_factor":0.0,"max_drawdown_account":0.0,"max_drawdown_abs":0.0},{"key":"TOTAL","trades":1,"profit_mean":-0.03269486113319025,"profit_mean_pct":-3.27,"profit_total_abs":-3115.61821376,"profit_total":-0.0311561821376,"profit_total_pct":-3.12,"duration_avg":"1 day, 0:45:00","wins":0,"draws":0,"losses":1,"winrate":0.0,"cagr":-0.21792684031772014,"expectancy":-3115.61821376,"expectancy_ratio":-1.0,"sortino":-100,"sharpe":-100,"calmar":-100,"sqn":-100.0,"profit_factor":0.0,"max_drawdown_account":0.0,"max_drawdown_abs":0.0}],"total_trades":20,"trade_count_long":20,"trade_count_short":0,"total_volume":3412757.7760934657,"avg_stake_amount":85322.35079048999,"profit_mean":-0.0032393064533711422,"profit_median":0.00297199587198167,"profit_total":-0.06954952381450001,"profit_total_long":-0.06954952381450001,"profit_total_short":0.0,"profit_total_abs":-6954.952381450001,"profit_total_long_abs":-6954.952381450001,"profit_total_short_abs":0.0,"cagr":-0.4286881809477501,"expectancy":-347.7476190724999,"expectancy_ratio":-0.1238597498649141,"sortino":-0.8918786955971045,"sharpe":-1.5055790237036892,"calmar":-29.555775613932568,"sqn":-0.8072,"profit_factor":0.380701250675429,"backtest_start":"2024-07-10 16:00:00","backtest_start_ts":1720627200000,"backtest_end":"2024-08-27 00:00:00","backtest_end_ts":1724716800000,"backtest_days":47,"backtest_run_start_ts":1756271907,"backtest_run_end_ts":1756271913,"trades_per_day":0.43,"market_change":0.08565939681521022,"pairlist":["BTC/USDT"],"stake_amount":1000.0,"stake_currency":"USDT","stake_currency_decimals":3,"starting_balance":100000,"dry_run_wallet":100000,"final_balance":93045.04761855,"rejected_signals":0,"timedout_entry_orders":0,"timedout_exit_orders":0,"canceled_trade_entries":0,"canceled_entry_orders":0,"replaced_entry_orders":0,"max_open_trades":1,"max_open_trades_setting":1,"timeframe":"15m","timeframe_detail":"","timerange":"20240701-20240827","enable_protections":false,"strategy_name":"VATSMStrategy","stoploss":-0.08,"trailing_stop":true,"trailing_stop_positive":0.005,"trailing_stop_positive_offset":0.015,"trailing_only_offset_is_reached":false,"use_custom_stoploss":true,"minimal_roi":{"0":10},"use_exit_signal":true,"exit_profit_only":false,"exit_profit_offset":0.0,"ignore_roi_if_entry_signal":false,"trading_mode":"spot","margin_mode":"","periodic_breakdown":{"day":[{"date":"15/07/2024","date_ts":1721001600000,"profit_abs":969.6110748,"wins":4,"draws":0,"losses":0,"trades":4,"profit_factor":0.0},{"date":"16/07/2024","date_ts":1721088000000,"profit_abs":0.0,"wins":0,"draws":0,"losses":0,"trades":0,"profit_factor":0.0},{"date":"17/07/2024","date_ts":1721174400000,"profit_abs":203.53325913,"wins":1,"draws":0,"losses":0,"trades":1,"profit_factor":0.0},{"date":"18/07/2024","date_ts":1721260800000,"profit_abs":0.0,"wins":0,"draws":0,"losses":0,"trades":0,"profit_factor":0.0},{"date":"19/07/2024","date_ts":1721347200000,"profit_abs":94.50982482,"wins":1,"draws":0,"losses":1,"trades":2,"profit_factor":1.98812477},{"date":"20/07/2024","date_ts":1721433600000,"profit_abs":0.0,"wins":0,"draws":0,"losses":0,"trades":0,"profit_factor":0.0},{"date":"21/07/2024","date_ts":1721520000000,"profit_abs":299.56235697,"wins":1,"draws":0,"losses":0,"trades":1,"profit_factor":0.0},{"date":"22/07/2024","date_ts":1721606400000,"profit_abs":299.65138029,"wins":1,"draws":0,"losses":0,"trades":1,"profit_factor":0.0},{"date":"23/07/2024","date_ts":1721692800000,"profit_abs":0.0,"wins":0,"draws":0,"losses":0,"trades":0,"profit_factor":0.0},{"date":"24/07/2024","date_ts":1721779200000,"profit_abs":0.0,"wins":0,"draws":0,"losses":0,"trades":0,"profit_factor":0.0},{"date":"25/07/2024","date_ts":1721865600000,"profit_abs":0.0,"wins":0,"draws":0,"losses":0,"trades":0,"profit_factor":0.0},{"date":"26/07/2024","date_ts":1721952000000,"profit_abs":152.32173945,"wins":1,"draws":0,"losses":1,"trades":2,"profit_factor":2.04258725},{"date":"27/07/2024","date_ts":1722038400000,"profit_abs":601.49258357,"wins":2,"draws":0,"losses":0,"trades":2,"profit_factor":0.0},{"date":"28/07/2024","date_ts":1722124800000,"profit_abs":0.0,"wins":0,"draws":0,"losses":0,"trades":0,"profit_factor":0.0},{"date":"29/07/2024","date_ts":1722211200000,"profit_abs":265.80707,"wins":1,"draws":0,"losses":0,"trades":1,"profit_factor":0.0},{"date":"30/07/2024","date_ts":1722297600000,"profit_abs":0.0,"wins":0,"draws":0,"losses":0,"trades":0,"profit_factor":0.0},{"date":"31/07/2024","date_ts":1722384000000,"profit_abs":0.0,"wins":0,"draws":0,"losses":0,"trades":0,"profit_factor":0.0},{"date":"01/08/2024","date_ts":1722470400000,"profit_abs":-7873.00362722,"wins":0,"draws":0,"losses":1,"trades":1,"profit_factor":0.0},{"date":"02/08/2024","date_ts":1722556800000,"profit_abs":0.0,"wins":0,"draws":0,"losses":0,"trades":0,"profit_factor":0.0},{"date":"03/08/2024","date_ts":1722643200000,"profit_abs":0.0,"wins":0,"draws":0,"losses":0,"trades":0,"profit_factor":0.0},{"date":"04/08/2024","date_ts":1722729600000,"profit_abs":0.0,"wins":0,"draws":0,"losses":0,"trades":0,"profit_factor":0.0},{"date":"05/08/2024","date_ts":1722816000000,"profit_abs":0.0,"wins":0,"draws":0,"losses":0,"trades":0,"profit_factor":0.0},{"date":"06/08/2024","date_ts":1722902400000,"profit_abs":0.0,"wins":0,"draws":0,"losses":0,"trades":0,"profit_factor":0.0},{"date":"07/08/2024","date_ts":1722988800000,"profit_abs":0.0,"wins":0,"draws":0,"losses":0,"trades":0,"profit_factor":0.0},{"date":"08/08/2024","date_ts":1723075200000,"profit_abs":0.0,"wins":0,"draws":0,"losses":0,"trades":0,"profit_factor":0.0},{"date":"09/08/2024","date_ts":1723161600000,"profit_abs":0.0,"wins":0,"draws":0,"losses":0,"trades":0,"profit_factor":0.0},{"date":"10/08/2024","date_ts":1723248000000,"profit_abs":0.0,"wins":0,"draws":0,"losses":0,"trades":0,"profit_factor":0.0},{"date":"11/08/2024","date_ts":1723334400000,"profit_abs":0.0,"wins":0,"draws":0,"losses":0,"trades":0,"profit_factor":0.0},{"date":"12/08/2024","date_ts":1723420800000,"profit_abs":0.0,"wins":0,"draws":0,"losses":0,"trades":0,"profit_factor":0.0},{"date":"13/08/2024","date_ts":1723507200000,"profit_abs":0.0,"wins":0,"draws":0,"losses":0,"trades":0,"profit_factor":0.0},{"date":"14/08/2024","date_ts":1723593600000,"profit_abs":0.0,"wins":0,"draws":0,"losses":0,"trades":0,"profit_factor":0.0},{"date":"15/08/2024","date_ts":1723680000000,"profit_abs":0.0,"wins":0,"draws":0,"losses":0,"trades":0,"profit_factor":0.0},{"date":"16/08/2024","date_ts":1723766400000,"profit_abs":0.0,"wins":0,"draws":0,"losses":0,"trades":0,"profit_factor":0.0},{"date":"17/08/2024","date_ts":1723852800000,"profit_abs":0.0,"wins":0,"draws":0,"losses":0,"trades":0,"profit_factor":0.0},{"date":"18/08/2024","date_ts":1723939200000,"profit_abs":0.0,"wins":0,"draws":0,"losses":0,"trades":0,"profit_factor":0.0},{"date":"19/08/2024","date_ts":1724025600000,"profit_abs":0.0,"wins":0,"draws":0,"losses":0,"trades":0,"profit_factor":0.0},{"date":"20/08/2024","date_ts":1724112000000,"profit_abs":0.0,"wins":0,"draws":0,"losses":0,"trades":0,"profit_factor":0.0},{"date":"21/08/2024","date_ts":1724198400000,"profit_abs":0.0,"wins":0,"draws":0,"losses":0,"trades":0,"profit_factor":0.0},{"date":"22/08/2024","date_ts":1724284800000,"profit_abs":0.0,"wins":0,"draws":0,"losses":0,"trades":0,"profit_factor":0.0},{"date":"23/08/2024","date_ts":1724371200000,"profit_abs":623.64684557,"wins":2,"draws":0,"losses":0,"trades":2,"profit_factor":0.0},{"date":"24/08/2024","date_ts":1724457600000,"profit_abs":0.0,"wins":0,"draws":0,"losses":0,"trades":0,"profit_factor":0.0},{"date":"25/08/2024","date_ts":1724544000000,"profit_abs":523.53332493,"wins":2,"draws":0,"losses":0,"trades":2,"profit_factor":0.0},{"date":"26/08/2024","date_ts":1724630400000,"profit_abs":0.0,"wins":0,"draws":0,"losses":0,"trades":0,"profit_factor":0.0},{"date":"27/08/2024","date_ts":1724716800000,"profit_abs":-3115.61821376,"wins":0,"draws":0,"losses":1,"trades":1,"profit_factor":0.0}],"week":[{"date":"15/07/2024","date_ts":1721001600000,"profit_abs":969.6110748,"wins":4,"draws":0,"losses":0,"trades":4,"profit_factor":0.0},{"date":"22/07/2024","date_ts":1721606400000,"profit_abs":897.25682121,"wins":4,"draws":0,"losses":1,"trades":5,"profit_factor":10.38105315},{"date":"29/07/2024","date_ts":1722211200000,"profit_abs":1019.62139302,"wins":4,"draws":0,"losses":1,"trades":5,"profit_factor":7.9789399},{"date":"05/08/2024","date_ts":1722816000000,"profit_abs":-7873.00362722,"wins":0,"draws":0,"losses":1,"trades":1,"profit_factor":0.0},{"date":"12/08/2024","date_ts":1723420800000,"profit_abs":0.0,"wins":0,"draws":0,"losses":0,"trades":0,"profit_factor":0.0},{"date":"19/08/2024","date_ts":1724025600000,"profit_abs":0.0,"wins":0,"draws":0,"losses":0,"trades":0,"profit_factor":0.0},{"date":"26/08/2024","date_ts":1724630400000,"profit_abs":1147.1801705,"wins":4,"draws":0,"losses":0,"trades":4,"profit_factor":0.0},{"date":"02/09/2024","date_ts":1725235200000,"profit_abs":-3115.61821376,"wins":0,"draws":0,"losses":1,"trades":1,"profit_factor":0.0}],"month":[{"date":"31/07/2024","date_ts":1722384000000,"profit_abs":2886.48928903,"wins":12,"draws":0,"losses":2,"trades":14,"profit_factor":12.940204},{"date":"31/08/2024","date_ts":1725062400000,"profit_abs":-9841.44167048,"wins":4,"draws":0,"losses":2,"trades":6,"profit_factor":0.10439709}],"year":[{"date":"31/12/2024","date_ts":1735603200000,"profit_abs":-6954.95238145,"wins":16,"draws":0,"losses":4,"trades":20,"profit_factor":0.38070125}]},"backtest_best_day":0.011779859492873072,"backtest_worst_day":-0.07721713703895172,"backtest_best_day_abs":969.6110748,"backtest_worst_day_abs":-7873.00362722,"winning_days":10,"draw_days":32,"losing_days":2,"daily_profit":[["2024-07-15",969.6110748],["2024-07-16",0.0],["2024-07-17",203.53325913],["2024-07-18",0.0],["2024-07-19",94.50982482],["2024-07-20",0.0],["2024-07-21",299.56235697],["2024-07-22",299.65138029],["2024-07-23",0.0],["2024-07-24",0.0],["2024-07-25",0.0],["2024-07-26",152.32173945],["2024-07-27",601.49258357],["2024-07-28",0.0],["2024-07-29",265.80707],["2024-07-30",0.0],["2024-07-31",0.0],["2024-08-01",-7873.00362722],["2024-08-02",0.0],["2024-08-03",0.0],["2024-08-04",0.0],["2024-08-05",0.0],["2024-08-06",0.0],["2024-08-07",0.0],["2024-08-08",0.0],["2024-08-09",0.0],["2024-08-10",0.0],["2024-08-11",0.0],["2024-08-12",0.0],["2024-08-13",0.0],["2024-08-14",0.0],["2024-08-15",0.0],["2024-08-16",0.0],["2024-08-17",0.0],["2024-08-18",0.0],["2024-08-19",0.0],["2024-08-20",0.0],["2024-08-21",0.0],["2024-08-22",0.0],["2024-08-23",623.64684557],["2024-08-24",0.0],["2024-08-25",523.53332493],["2024-08-26",0.0],["2024-08-27",-3115.61821376]],"wins":16,"losses":4,"draws":0,"winrate":0.8,"holding_avg":"13:46:00","holding_avg_s":49560.0,"winner_holding_min":"0d 00:15","winner_holding_min_s":900.0,"winner_holding_max":"1d 11:45","winner_holding_max_s":128700.0,"winner_holding_avg":"0d 09:38","winner_holding_avg_s":34680.0,"loser_holding_min":"0d 00:00","loser_holding_min_s":0.0,"loser_holding_max":"2d 11:30","loser_holding_max_s":214200.0,"loser_holding_avg":"1d 06:15","loser_holding_avg_s":108900.0,"max_consecutive_wins":6,"max_consecutive_losses":1,"max_drawdown_account":0.0956533917960141,"max_relative_drawdown":0.0956533917960141,"max_drawdown_abs":9841.44167048,"drawdown_start":"2024-07-29 02:15:00","drawdown_start_ts":1722219300000.0,"drawdown_end":"2024-08-27 00:00:00","drawdown_end_ts":1724716800000.0,"max_drawdown_low":-6954.95238145,"max_drawdown_high":2886.4892890300002,"csum_min":93045.04761855,"csum_max":102886.48928903}},"strategy_comparison":[{"key":"VATSMStrategy","trades":20,"profit_mean":-0.0032393064533711422,"profit_mean_pct":-0.32,"profit_total_abs":-6954.952381450001,"profit_total":-0.06954952381450001,"profit_total_pct":-6.95,"duration_avg":"13:46:00","wins":16,"draws":0,"losses":4,"winrate":0.8,"cagr":-0.4286881809477501,"expectancy":-347.7476190724999,"expectancy_ratio":-0.1238597498649141,"sortino":-0.8918786955971045,"sharpe":-1.5055790237036892,"calmar":-29.555775613932568,"sqn":-0.8072,"profit_factor":0.380701250675429,"max_drawdown_account":0.0956533917960141,"max_drawdown_abs":"9841.442"}]}