{"strategy":{"SampleStrategy":{"trades":[{"pair":"ETH/USDT","stake_amount":329.752455,"max_stake_amount":329.752455,"amount":0.0879,"open_date":"2025-07-29 17:00:00+00:00","close_date":"2025-07-29 19:15:00+00:00","open_rate":3751.45,"close_rate":3796.5124624624623,"fee_open":0.001,"fee_close":0.001,"trade_duration":135,"profit_ratio":0.00999000999000999,"profit_abs":3.29752455,"exit_reason":"roi","initial_stop_loss_abs":3376.31,"initial_stop_loss_ratio":-0.1,"stop_loss_abs":3376.31,"stop_loss_ratio":-0.1,"min_rate":3744.52,"max_rate":3797.0,"is_open":false,"enter_tag":"","leverage":1.0,"is_short":false,"open_timestamp":1753808400000,"close_timestamp":1753816500000,"orders":[{"amount":0.0879,"safe_price":3751.45,"ft_order_side":"buy","order_filled_timestamp":1753808400000,"ft_is_entry":true,"ft_order_tag":"","cost":330.08220745499995},{"amount":0.0879,"safe_price":3796.5124624624623,"ft_order_side":"sell","order_filled_timestamp":1753816500000,"ft_is_entry":false,"ft_order_tag":"roi","cost":334.0471588959009}],"funding_fees":0.0},{"pair":"BTC/USDT","stake_amount":328.88632,"max_stake_amount":328.88632,"amount":0.0028,"open_date":"2025-07-29 16:45:00+00:00","close_date":"2025-07-31 07:15:00+00:00","open_rate":117459.4,"close_rate":118870.3237237237,"fee_open":0.001,"fee_close":0.001,"trade_duration":2310,"profit_ratio":0.00999000999000999,"profit_abs":3.2888632,"exit_reason":"roi","initial_stop_loss_abs":105713.46,"initial_stop_loss_ratio":-0.1,"stop_loss_abs":105713.46,"stop_loss_ratio":-0.1,"min_rate":115796.23,"max_rate":118922.45,"is_open":false,"enter_tag":"","leverage":1.0,"is_short":false,"open_timestamp":1753807500000,"close_timestamp":1753946100000,"orders":[{"amount":0.0028,"safe_price":117459.4,"ft_order_side":"buy","order_filled_timestamp":1753807500000,"ft_is_entry":true,"ft_order_tag":"","cost":329.21520631999994},{"amount":0.0028,"safe_price":118870.3237237237,"ft_order_side":"sell","order_filled_timestamp":1753946100000,"ft_is_entry":false,"ft_order_tag":"roi","cost":333.16974333285276}],"funding_fees":0.0},{"pair":"ETH/USDT","stake_amount":331.831367,"max_stake_amount":331.831367,"amount":0.0877,"open_date":"2025-07-31 15:30:00+00:00","close_date":"2025-08-02 18:15:00+00:00","open_rate":3783.71,"close_rate":3405.34,"fee_open":0.001,"fee_close":0.001,"trade_duration":3045,"profit_ratio":-0.10179793802033467,"profit_abs":-33.81352868,"exit_reason":"stop_loss","initial_stop_loss_abs":3405.34,"initial_stop_loss_ratio":-0.1,"stop_loss_abs":3405.34,"stop_loss_ratio":-0.1,"min_rate":3391.15,"max_rate":3819.0,"is_open":false,"enter_tag":"","leverage":1.0,"is_short":false,"open_timestamp":1753975800000,"close_timestamp":1754158500000,"orders":[{"amount":0.0877,"safe_price":3783.71,"ft_order_side":"buy","order_filled_timestamp":1753975800000,"ft_is_entry":true,"ft_order_tag":"","cost":332.16319836699995},{"amount":0.0877,"safe_price":3405.34,"ft_order_side":"sell","order_filled_timestamp":1754158500000,"ft_is_entry":false,"ft_order_tag":"stop_loss","cost":298.94696631799997}],"funding_fees":0.0},{"pair":"ETH/USDT","stake_amount":320.785682,"max_stake_amount":320.785682,"amount":0.0938,"open_date":"2025-08-02 19:30:00+00:00","close_date":"2025-08-03 08:00:00+00:00","open_rate":3419.89,"close_rate":3460.969759759759,"fee_open":0.001,"fee_close":0.001,"trade_duration":750,"profit_ratio":0.00999000999000999,"profit_abs":3.20785682,"exit_reason":"roi","initial_stop_loss_abs":3077.91,"initial_stop_loss_ratio":-0.1,"stop_loss_abs":3077.91,"stop_loss_ratio":-0.1,"min_rate":3354.28,"max_rate":3468.27,"is_open":false,"enter_tag":"","leverage":1.0,"is_short":false,"open_timestamp":1754163000000,"close_timestamp":1754208000000,"orders":[{"amount":0.0938,"safe_price":3419.89,"ft_order_side":"buy","order_filled_timestamp":1754163000000,"ft_is_entry":true,"ft_order_tag":"","cost":321.1064676819999},{"amount":0.0938,"safe_price":3460.969759759759,"ft_order_side":"sell","order_filled_timestamp":1754208000000,"ft_is_entry":false,"ft_order_tag":"roi","cost":324.9636024289308}],"funding_fees":0.0},{"pair":"ETH/USDT","stake_amount":321.928667,"max_stake_amount":321.928667,"amount":0.0887,"open_date":"2025-08-05 08:30:00+00:00","close_date":"2025-08-05 10:15:00+00:00","open_rate":3629.41,"close_rate":3673.006516516516,"fee_open":0.001,"fee_close":0.001,"trade_duration":105,"profit_ratio":0.009990009990009988,"profit_abs":3.21928667,"exit_reason":"roi","initial_stop_loss_abs":3266.47,"initial_stop_loss_ratio":-0.1,"stop_loss_abs":3266.47,"stop_loss_ratio":-0.1,"min_rate":3621.98,"max_rate":3679.74,"is_open":false,"enter_tag":"","leverage":1.0,"is_short":false,"open_timestamp":1754382600000,"close_timestamp":1754388900000,"orders":[{"amount":0.0887,"safe_price":3629.41,"ft_order_side":"buy","order_filled_timestamp":1754382600000,"ft_is_entry":true,"ft_order_tag":"","cost":322.25059566699997},{"amount":0.0887,"safe_price":3673.006516516516,"ft_order_side":"sell","order_filled_timestamp":1754388900000,"ft_is_entry":false,"ft_order_tag":"roi","cost":326.12147369302994}],"funding_fees":0.0},{"pair":"BTC/USDT","stake_amount":331.6639472,"max_stake_amount":331.6639472,"amount":0.00284,"open_date":"2025-07-31 21:30:00+00:00","close_date":"2025-08-10 03:15:00+00:00","open_rate":116783.08,"close_rate":118185.87975975976,"fee_open":0.001,"fee_close":0.001,"trade_duration":13305,"profit_ratio":0.009990009983985814,"profit_abs":3.31663947,"exit_reason":"roi","initial_stop_loss_abs":105104.78,"initial_stop_loss_ratio":-0.1,"stop_loss_abs":105104.78,"stop_loss_ratio":-0.1,"min_rate":111920.0,"max_rate":118500.0,"is_open":false,"enter_tag":"","leverage":1.0,"is_short":false,"open_timestamp":1753997400000,"close_timestamp":1754795700000,"orders":[{"amount":0.00284,"safe_price":116783.08,"ft_order_side":"buy","order_filled_timestamp":1753997400000,"ft_is_entry":true,"ft_order_tag":"","cost":331.99561114719995},{"amount":0.00284,"safe_price":118185.87975975976,"ft_order_side":"sell","order_filled_timestamp":1754795700000,"ft_is_entry":false,"ft_order_tag":"roi","cost":335.9835464162354}],"funding_fees":0.0},{"pair":"ETH/USDT","stake_amount":323.995626,"max_stake_amount":323.995626,"amount":0.0774,"open_date":"2025-08-11 13:30:00+00:00","close_date":"2025-08-11 14:00:00+00:00","open_rate":4185.99,"close_rate":4279.72,"fee_open":0.001,"fee_close":0.001,"trade_duration":30,"profit_ratio":0.02034861787551782,"profit_abs":6.59945605,"exit_reason":"roi","initial_stop_loss_abs":3767.4,"initial_stop_loss_ratio":-0.1,"stop_loss_abs":3767.4,"stop_loss_ratio":-0.1,"min_rate":4183.73,"max_rate":4303.34,"is_open":false,"enter_tag":"","leverage":1.0,"is_short":false,"open_timestamp":1754919000000,"close_timestamp":1754920800000,"orders":[{"amount":0.0774,"safe_price":4185.99,"ft_order_side":"buy","order_filled_timestamp":1754919000000,"ft_is_entry":true,"ft_order_tag":"","cost":324.3196216259999},{"amount":0.0774,"safe_price":4279.72,"ft_order_side":"sell","order_filled_timestamp":1754920800000,"ft_is_entry":false,"ft_order_tag":"roi","cost":331.581578328}],"funding_fees":0.0},{"pair":"BTC/USDT","stake_amount":323.316749,"max_stake_amount":323.316749,"amount":0.00269,"open_date":"2025-08-11 13:45:00+00:00","close_date":"2025-08-13 13:45:00+00:00","open_rate":120192.1,"close_rate":121635.84894894894,"fee_open":0.001,"fee_close":0.001,"trade_duration":2880,"profit_ratio":0.009990009990009992,"profit_abs":3.23316749,"exit_reason":"roi","initial_stop_loss_abs":108172.9,"initial_stop_loss_ratio":-0.1,"stop_loss_abs":108172.9,"stop_loss_ratio":-0.1,"min_rate":118050.11,"max_rate":122051.99,"is_open":false,"enter_tag":"","leverage":1.0,"is_short":false,"open_timestamp":1754919900000,"close_timestamp":1755092700000,"orders":[{"amount":0.00269,"safe_price":120192.1,"ft_order_side":"buy","order_filled_timestamp":1754919900000,"ft_is_entry":true,"ft_order_tag":"","cost":323.640065749},{"amount":0.00269,"safe_price":121635.84894894894,"ft_order_side":"sell","order_filled_timestamp":1755092700000,"ft_is_entry":false,"ft_order_tag":"roi","cost":327.5276341063453}],"funding_fees":0.0},{"pair":"ETH/USDT","stake_amount":327.422079,"max_stake_amount":327.422079,"amount":0.0739,"open_date":"2025-08-15 17:30:00+00:00","close_date":"2025-08-15 23:00:00+00:00","open_rate":4430.61,"close_rate":4483.830540540539,"fee_open":0.001,"fee_close":0.001,"trade_duration":330,"profit_ratio":0.00999000999000999,"profit_abs":3.27422079,"exit_reason":"roi","initial_stop_loss_abs":3987.55,"initial_stop_loss_ratio":-0.1,"stop_loss_abs":3987.55,"stop_loss_ratio":-0.1,"min_rate":4368.0,"max_rate":4490.73,"is_open":false,"enter_tag":"","leverage":1.0,"is_short":false,"open_timestamp":1755279000000,"close_timestamp":1755298800000,"orders":[{"amount":0.0739,"safe_price":4430.61,"ft_order_side":"buy","order_filled_timestamp":1755279000000,"ft_is_entry":true,"ft_order_tag":"","cost":327.7495010789999},{"amount":0.0739,"safe_price":4483.830540540539,"ft_order_side":"sell","order_filled_timestamp":1755298800000,"ft_is_entry":false,"ft_order_tag":"roi","cost":331.6864320228917}],"funding_fees":0.0},{"pair":"ETH/USDT","stake_amount":328.172134,"max_stake_amount":328.172134,"amount":0.0734,"open_date":"2025-08-17 20:15:00+00:00","close_date":"2025-08-17 22:15:00+00:00","open_rate":4471.01,"close_rate":4524.715825825826,"fee_open":0.001,"fee_close":0.001,"trade_duration":120,"profit_ratio":0.009990009990009988,"profit_abs":3.28172134,"exit_reason":"roi","initial_stop_loss_abs":4023.91,"initial_stop_loss_ratio":-0.1,"stop_loss_abs":4023.91,"stop_loss_ratio":-0.1,"min_rate":4462.47,"max_rate":4524.84,"is_open":false,"enter_tag":"","leverage":1.0,"is_short":false,"open_timestamp":1755461700000,"close_timestamp":1755468900000,"orders":[{"amount":0.0734,"safe_price":4471.01,"ft_order_side":"buy","order_filled_timestamp":1755461700000,"ft_is_entry":true,"ft_order_tag":"","cost":328.50030613399997},{"amount":0.0734,"safe_price":4524.715825825826,"ft_order_side":"sell","order_filled_timestamp":1755468900000,"ft_is_entry":false,"ft_order_tag":"roi","cost":332.44625575723126}],"funding_fees":0.0},{"pair":"ETH/USDT","stake_amount":329.62492,"max_stake_amount":329.62492,"amount":0.076,"open_date":"2025-08-18 05:00:00+00:00","close_date":"2025-08-22 14:00:00+00:00","open_rate":4337.17,"close_rate":4389.268138138138,"fee_open":0.001,"fee_close":0.001,"trade_duration":6300,"profit_ratio":0.00999000999000999,"profit_abs":3.2962492,"exit_reason":"roi","initial_stop_loss_abs":3903.46,"initial_stop_loss_ratio":-0.1,"stop_loss_abs":3903.46,"stop_loss_ratio":-0.1,"min_rate":4060.0,"max_rate":4600.0,"is_open":false,"enter_tag":"","leverage":1.0,"is_short":false,"open_timestamp":1755493200000,"close_timestamp":1755871200000,"orders":[{"amount":0.076,"safe_price":4337.17,"ft_order_side":"buy","order_filled_timestamp":1755493200000,"ft_is_entry":true,"ft_order_tag":"","cost":329.95454491999993},{"amount":0.076,"safe_price":4389.268138138138,"ft_order_side":"sell","order_filled_timestamp":1755871200000,"ft_is_entry":false,"ft_order_tag":"roi","cost":333.91796287699697}],"funding_fees":0.0},{"pair":"ETH/USDT","stake_amount":330.67131,"max_stake_amount":330.67131,"amount":0.0718,"open_date":"2025-08-25 09:45:00+00:00","close_date":"2025-08-25 13:15:00+00:00","open_rate":4605.45,"close_rate":4660.7707207207195,"fee_open":0.001,"fee_close":0.001,"trade_duration":210,"profit_ratio":0.00999000999000999,"profit_abs":3.3067131,"exit_reason":"roi","initial_stop_loss_abs":4144.91,"initial_stop_loss_ratio":-0.1,"stop_loss_abs":4144.91,"stop_loss_ratio":-0.1,"min_rate":4519.96,"max_rate":4663.16,"is_open":false,"enter_tag":"","leverage":1.0,"is_short":false,"open_timestamp":1756115100000,"close_timestamp":1756127700000,"orders":[{"amount":0.0718,"safe_price":4605.45,"ft_order_side":"buy","order_filled_timestamp":1756115100000,"ft_is_entry":true,"ft_order_tag":"","cost":331.00198130999996},{"amount":0.0718,"safe_price":4660.7707207207195,"ft_order_side":"sell","order_filled_timestamp":1756127700000,"ft_is_entry":false,"ft_order_tag":"roi","cost":334.9779810854954}],"funding_fees":0.0},{"pair":"BTC/USDT","stake_amount":326.7222572,"max_stake_amount":326.7222572,"amount":0.00268,"open_date":"2025-08-14 07:45:00+00:00","close_date":"2025-08-25 20:30:00+00:00","open_rate":121911.29,"close_rate":109720.17,"fee_open":0.001,"fee_close":0.001,"trade_duration":16605,"profit_ratio":-0.10179812811296958,"profit_abs":-33.29297391,"exit_reason":"stop_loss","initial_stop_loss_abs":109720.17,"initial_stop_loss_ratio":-0.1,"stop_loss_abs":109720.17,"stop_loss_ratio":-0.1,"min_rate":109390.01,"max_rate":122045.9,"is_open":false,"enter_tag":"","leverage":1.0,"is_short":false,"open_timestamp":1755157500000,"close_timestamp":1756153800000,"orders":[{"amount":0.00268,"safe_price":121911.29,"ft_order_side":"buy","order_filled_timestamp":1755157500000,"ft_is_entry":true,"ft_order_tag":"","cost":327.04897945719995},{"amount":0.00268,"safe_price":109720.17,"ft_order_side":"sell","order_filled_timestamp":1756153800000,"ft_is_entry":false,"ft_order_tag":"stop_loss","cost":294.34410565559995}],"funding_fees":0.0},{"pair":"ETH/USDT","stake_amount":320.55541,"max_stake_amount":320.55541,"amount":0.073,"open_date":"2025-08-25 22:30:00+00:00","close_date":"2025-08-26 02:00:00+00:00","open_rate":4391.17,"close_rate":4443.916786786786,"fee_open":0.001,"fee_close":0.001,"trade_duration":210,"profit_ratio":0.00999000999000999,"profit_abs":3.2055541,"exit_reason":"roi","initial_stop_loss_abs":3952.06,"initial_stop_loss_ratio":-0.1,"stop_loss_abs":3952.06,"stop_loss_ratio":-0.1,"min_rate":4311.04,"max_rate":4451.72,"is_open":false,"enter_tag":"","leverage":1.0,"is_short":false,"open_timestamp":1756161000000,"close_timestamp":1756173600000,"orders":[{"amount":0.073,"safe_price":4391.17,"ft_order_side":"buy","order_filled_timestamp":1756161000000,"ft_is_entry":true,"ft_order_tag":"","cost":320.87596540999994},{"amount":0.073,"safe_price":4443.916786786786,"ft_order_side":"sell","order_filled_timestamp":1756173600000,"ft_is_entry":false,"ft_order_tag":"roi","cost":324.73033136087076}],"funding_fees":0.0},{"pair":"BTC/USDT","stake_amount":320.2391853,"max_stake_amount":320.2391853,"amount":0.00291,"open_date":"2025-08-25 21:45:00+00:00","close_date":"2025-08-26 09:00:00+00:00","open_rate":110047.83,"close_rate":110102.02,"fee_open":0.001,"fee_close":0.001,"trade_duration":675,"profit_ratio":-0.0015065635982327715,"profit_abs":-0.48294316,"exit_reason":"force_exit","initial_stop_loss_abs":99043.05,"initial_stop_loss_ratio":-0.1,"stop_loss_abs":99043.05,"stop_loss_ratio":-0.1,"min_rate":108666.66,"max_rate":110599.07,"is_open":false,"enter_tag":"","leverage":1.0,"is_short":false,"open_timestamp":1756158300000,"close_timestamp":1756198800000,"orders":[{"amount":0.00291,"safe_price":110047.83,"ft_order_side":"buy","order_filled_timestamp":1756158300000,"ft_is_entry":true,"ft_order_tag":"","cost":320.5594244852999},{"amount":0.00291,"safe_price":110102.02,"ft_order_side":"sell","order_filled_timestamp":1756198800000,"ft_is_entry":false,"ft_order_tag":"force_exit","cost":320.7172750782}],"funding_fees":0.0}],"locks":[],"best_pair":{"key":"ETH/USDT","trades":10,"profit_mean":-0.0001529240224736935,"profit_mean_pct":-0.02,"profit_total_abs":-1.1249460599999996,"profit_total":-0.0011249460599999997,"profit_total_pct":-0.11,"duration_avg":"18:44:00","wins":9,"draws":0,"losses":1,"winrate":0.9,"cagr":-0.014565610039482757,"expectancy":-0.11249460600000027,"expectancy_ratio":-0.0033269111622336034,"sortino":-100,"sharpe":-0.06806095181108558,"calmar":-2.2775050349171186,"sqn":-0.0299,"profit_factor":0.9667308883776634,"max_drawdown_account":0.03370239420770641,"max_drawdown_abs":33.81352868},"worst_pair":{"key":"BTC/USDT","trades":5,"profit_mean":-0.014666932349439313,"profit_mean_pct":-1.47,"profit_total_abs":-23.937246910000002,"profit_total":-0.02393724691,"profit_total_pct":-2.39,"duration_avg":"4 days, 23:15:00","wins":3,"draws":0,"losses":2,"winrate":0.6,"cagr":-0.2708198656531159,"expectancy":-4.787449382,"expectancy_ratio":-0.28348301377446516,"sortino":-0.9956024545676422,"sharpe":-1.1399996259949805,"calmar":-48.83233013703953,"sqn":-0.6683,"profit_factor":0.2912924655638373,"max_drawdown_account":0.03344684459810644,"max_drawdown_abs":33.775917070000006},"results_per_pair":[{"key":"ETH/USDT","trades":10,"profit_mean":-0.0001529240224736935,"profit_mean_pct":-0.02,"profit_total_abs":-1.1249460599999996,"profit_total":-0.0011249460599999997,"profit_total_pct":-0.11,"duration_avg":"18:44:00","wins":9,"draws":0,"losses":1,"winrate":0.9,"cagr":-0.014565610039482757,"expectancy":-0.11249460600000027,"expectancy_ratio":-0.0033269111622336034,"sortino":-100,"sharpe":-0.06806095181108558,"calmar":-2.2775050349171186,"sqn":-0.0299,"profit_factor":0.9667308883776634,"max_drawdown_account":0.03370239420770641,"max_drawdown_abs":33.81352868},{"key":"BTC/USDT","trades":5,"profit_mean":-0.014666932349439313,"profit_mean_pct":-1.47,"profit_total_abs":-23.937246910000002,"profit_total":-0.02393724691,"profit_total_pct":-2.39,"duration_avg":"4 days, 23:15:00","wins":3,"draws":0,"losses":2,"winrate":0.6,"cagr":-0.2708198656531159,"expectancy":-4.787449382,"expectancy_ratio":-0.28348301377446516,"sortino":-0.9956024545676422,"sharpe":-1.1399996259949805,"calmar":-48.83233013703953,"sqn":-0.6683,"profit_factor":0.2912924655638373,"max_drawdown_account":0.03344684459810644,"max_drawdown_abs":33.775917070000006},{"key":"TOTAL","trades":15,"profit_mean":-0.0049909267981289,"profit_mean_pct":-0.5,"profit_total_abs":-25.062192969999998,"profit_total":-0.025062192969999997,"profit_total_pct":-2.51,"duration_avg":"2 days, 4:14:00","wins":12,"draws":0,"losses":3,"winrate":0.8,"cagr":-0.2816994868280379,"expectancy":-1.670812864666667,"expectancy_ratio":-0.07416007837288696,"sortino":-1.0968194341417392,"sharpe":-1.36013671377237,"calmar":-50.079955465097264,"sqn":-0.4972,"profit_factor":0.6291996081355645,"max_drawdown_account":0.034146290947594846,"max_drawdown_abs":34.37119166}],"results_per_enter_tag":[{"key":"","trades":15,"profit_mean":-0.0049909267981289,"profit_mean_pct":-0.5,"profit_total_abs":-25.062192969999998,"profit_total":-0.025062192969999997,"profit_total_pct":-2.51,"duration_avg":"2 days, 4:14:00","wins":12,"draws":0,"losses":3,"winrate":0.8,"cagr":-0.2816994868280379,"expectancy":-1.670812864666667,"expectancy_ratio":-0.07416007837288696,"sortino":-1.0968194341417392,"sharpe":-1.36013671377237,"calmar":-50.079955465097264,"sqn":-0.4972,"profit_factor":0.6291996081355645,"max_drawdown_account":0.034146290947594846,"max_drawdown_abs":34.37119166},{"key":"TOTAL","trades":15,"profit_mean":-0.0049909267981289,"profit_mean_pct":-0.5,"profit_total_abs":-25.062192969999998,"profit_total":-0.025062192969999997,"profit_total_pct":-2.51,"duration_avg":"2 days, 4:14:00","wins":12,"draws":0,"losses":3,"winrate":0.8,"cagr":-0.2816994868280379,"expectancy":-1.670812864666667,"expectancy_ratio":-0.07416007837288696,"sortino":-1.0968194341417392,"sharpe":-1.36013671377237,"calmar":-50.079955465097264,"sqn":-0.4972,"profit_factor":0.6291996081355645,"max_drawdown_account":0.034146290947594846,"max_drawdown_abs":34.37119166}],"exit_reason_summary":[{"key":"roi","trades":12,"profit_mean":0.010853227313300294,"profit_mean_pct":1.09,"profit_total_abs":42.52725278,"profit_total":0.04252725278,"profit_total_pct":4.25,"duration_avg":"1 day, 13:04:00","wins":12,"draws":0,"losses":0,"winrate":1.0,"cagr":0.721006047833797,"expectancy":3.5439377316666665,"expectancy_ratio":100.0,"sortino":-100,"sharpe":31.47019625641999,"calmar":-100,"sqn":12.7475,"profit_factor":0.0,"max_drawdown_account":0.0,"max_drawdown_abs":0.0},{"key":"force_exit","trades":1,"profit_mean":-0.0015065635982327715,"profit_mean_pct":-0.15,"profit_total_abs":-0.48294316,"profit_total":-0.00048294315999999996,"profit_total_pct":-0.05,"duration_avg":"11:15:00","wins":0,"draws":0,"losses":1,"winrate":0.0,"cagr":-0.006277244984602137,"expectancy":-0.48294316,"expectancy_ratio":-1.0,"sortino":-100,"sharpe":-100,"calmar":-100,"sqn":-100.0,"profit_factor":0.0,"max_drawdown_account":0.0,"max_drawdown_abs":0.0},{"key":"stop_loss","trades":2,"profit_mean":-0.10179803306665212,"profit_mean_pct":-10.18,"profit_total_abs":-67.10650258999999,"profit_total":-0.06710650258999999,"profit_total_pct":-6.71,"duration_avg":"6 days, 19:45:00","wins":0,"draws":0,"losses":2,"winrate":0.0,"cagr":-0.5956667743063417,"expectancy":-33.553251294999995,"expectancy_ratio":-1.0,"sortino":-175.9205488487589,"sharpe":-175.9205488487589,"calmar":-68.23204705193857,"sqn":-128.9134,"profit_factor":0.0,"max_drawdown_account":0.06710650258999999,"max_drawdown_abs":67.10650258999999},{"key":"TOTAL","trades":15,"profit_mean":-0.0049909267981289,"profit_mean_pct":-0.5,"profit_total_abs":-25.062192969999998,"profit_total":-0.025062192969999997,"profit_total_pct":-2.51,"duration_avg":"2 days, 4:14:00","wins":12,"draws":0,"losses":3,"winrate":0.8,"cagr":-0.2816994868280379,"expectancy":-1.670812864666667,"expectancy_ratio":-0.07416007837288696,"sortino":-1.0968194341417392,"sharpe":-1.36013671377237,"calmar":-50.079955465097264,"sqn":-0.4972,"profit_factor":0.6291996081355645,"max_drawdown_account":0.034146290947594846,"max_drawdown_abs":34.37119166}],"mix_tag_stats":[{"key":["","roi"],"trades":12,"profit_mean":0.010853227313300294,"profit_mean_pct":1.09,"profit_total_abs":42.52725278,"profit_total":0.04252725278,"profit_total_pct":4.25,"duration_avg":"1 day, 13:04:00","wins":12,"draws":0,"losses":0,"winrate":1.0,"cagr":0.721006047833797,"expectancy":3.5439377316666665,"expectancy_ratio":100.0,"sortino":-100,"sharpe":31.47019625641999,"calmar":-100,"sqn":12.7475,"profit_factor":0.0,"max_drawdown_account":0.0,"max_drawdown_abs":0.0},{"key":["","force_exit"],"trades":1,"profit_mean":-0.0015065635982327715,"profit_mean_pct":-0.15,"profit_total_abs":-0.48294316,"profit_total":-0.00048294315999999996,"profit_total_pct":-0.05,"duration_avg":"11:15:00","wins":0,"draws":0,"losses":1,"winrate":0.0,"cagr":-0.006277244984602137,"expectancy":-0.48294316,"expectancy_ratio":-1.0,"sortino":-100,"sharpe":-100,"calmar":-100,"sqn":-100.0,"profit_factor":0.0,"max_drawdown_account":0.0,"max_drawdown_abs":0.0},{"key":["","stop_loss"],"trades":2,"profit_mean":-0.10179803306665212,"profit_mean_pct":-10.18,"profit_total_abs":-67.10650258999999,"profit_total":-0.06710650258999999,"profit_total_pct":-6.71,"duration_avg":"6 days, 19:45:00","wins":0,"draws":0,"losses":2,"winrate":0.0,"cagr":-0.5956667743063417,"expectancy":-33.553251294999995,"expectancy_ratio":-1.0,"sortino":-175.9205488487589,"sharpe":-175.9205488487589,"calmar":-68.23204705193857,"sqn":-128.9134,"profit_factor":0.0,"max_drawdown_account":0.06710650258999999,"max_drawdown_abs":67.10650258999999},{"key":"TOTAL","trades":15,"profit_mean":-0.0049909267981289,"profit_mean_pct":-0.5,"profit_total_abs":-25.062192969999998,"profit_total":-0.025062192969999997,"profit_total_pct":-2.51,"duration_avg":"2 days, 4:14:00","wins":12,"draws":0,"losses":3,"winrate":0.8,"cagr":-0.2816994868280379,"expectancy":-1.670812864666667,"expectancy_ratio":-0.07416007837288696,"sortino":-1.0968194341417392,"sharpe":-1.36013671377237,"calmar":-50.079955465097264,"sqn":-0.4972,"profit_factor":0.6291996081355645,"max_drawdown_account":0.034146290947594846,"max_drawdown_abs":34.37119166}],"left_open_trades":[{"key":"BTC/USDT","trades":1,"profit_mean":-0.0015065635982327715,"profit_mean_pct":-0.15,"profit_total_abs":-0.48294316,"profit_total":-0.00048294315999999996,"profit_total_pct":-0.05,"duration_avg":"11:15:00","wins":0,"draws":0,"losses":1,"winrate":0.0,"cagr":-0.006277244984602137,"expectancy":-0.48294316,"expectancy_ratio":-1.0,"sortino":-100,"sharpe":-100,"calmar":-100,"sqn":-100.0,"profit_factor":0.0,"max_drawdown_account":0.0,"max_drawdown_abs":0.0},{"key":"TOTAL","trades":1,"profit_mean":-0.0015065635982327715,"profit_mean_pct":-0.15,"profit_total_abs":-0.48294316,"profit_total":-0.00048294315999999996,"profit_total_pct":-0.05,"duration_avg":"11:15:00","wins":0,"draws":0,"losses":1,"winrate":0.0,"cagr":-0.006277244984602137,"expectancy":-0.48294316,"expectancy_ratio":-1.0,"sortino":-100,"sharpe":-100,"calmar":-100,"sqn":-100.0,"profit_factor":0.0,"max_drawdown_account":0.0,"max_drawdown_abs":0.0}],"total_trades":15,"trade_count_long":15,"trade_count_short":0,"total_volume":9785.62572416528,"avg_stake_amount":326.37120724666664,"profit_mean":-0.0049909267981289,"profit_median":0.00999000999000999,"profit_total":-0.025062192969999997,"profit_total_long":-0.025062192969999997,"profit_total_short":0.0,"profit_total_abs":-25.062192969999998,"profit_total_long_abs":-25.062192969999998,"profit_total_short_abs":0.0,"cagr":-0.2816994868280379,"expectancy":-1.670812864666667,"expectancy_ratio":-0.07416007837288696,"sortino":-1.0968194341417392,"sharpe":-1.36013671377237,"calmar":-50.079955465097264,"sqn":-0.4972,"profit_factor":0.6291996081355645,"backtest_start":"2025-07-29 02:00:00","backtest_start_ts":1753754400000,"backtest_end":"2025-08-26 09:00:00","backtest_end_ts":1756198800000,"backtest_days":28,"backtest_run_start_ts":1756205851,"backtest_run_end_ts":1756205851,"trades_per_day":0.54,"market_change":0.054350352325948856,"pairlist":["BTC/USDT","ETH/USDT"],"stake_amount":"unlimited","stake_currency":"USDT","stake_currency_decimals":3,"starting_balance":1000,"dry_run_wallet":1000,"final_balance":974.93780703,"rejected_signals":0,"timedout_entry_orders":0,"timedout_exit_orders":0,"canceled_trade_entries":0,"canceled_entry_orders":0,"replaced_entry_orders":0,"max_open_trades":2,"max_open_trades_setting":3,"timeframe":"15m","timeframe_detail":"","timerange":"","enable_protections":false,"strategy_name":"SampleStrategy","stoploss":-0.1,"trailing_stop":false,"trailing_stop_positive":null,"trailing_stop_positive_offset":0.0,"trailing_only_offset_is_reached":false,"use_custom_stoploss":false,"minimal_roi":{"60":0.01,"30":0.02,"0":0.04},"use_exit_signal":true,"exit_profit_only":false,"exit_profit_offset":0.0,"ignore_roi_if_entry_signal":false,"trading_mode":"spot","margin_mode":"","periodic_breakdown":{"day":[{"date":"29/07/2025","date_ts":1753747200000,"profit_abs":3.29752455,"wins":1,"draws":0,"losses":0,"trades":1,"profit_factor":0.0},{"date":"30/07/2025","date_ts":1753833600000,"profit_abs":0.0,"wins":0,"draws":0,"losses":0,"trades":0,"profit_factor":0.0},{"date":"31/07/2025","date_ts":1753920000000,"profit_abs":3.2888632,"wins":1,"draws":0,"losses":0,"trades":1,"profit_factor":0.0},{"date":"01/08/2025","date_ts":1754006400000,"profit_abs":0.0,"wins":0,"draws":0,"losses":0,"trades":0,"profit_factor":0.0},{"date":"02/08/2025","date_ts":1754092800000,"profit_abs":-33.81352868,"wins":0,"draws":0,"losses":1,"trades":1,"profit_factor":0.0},{"date":"03/08/2025","date_ts":1754179200000,"profit_abs":3.20785682,"wins":1,"draws":0,"losses":0,"trades":1,"profit_factor":0.0},{"date":"04/08/2025","date_ts":1754265600000,"profit_abs":0.0,"wins":0,"draws":0,"losses":0,"trades":0,"profit_factor":0.0},{"date":"05/08/2025","date_ts":1754352000000,"profit_abs":3.21928667,"wins":1,"draws":0,"losses":0,"trades":1,"profit_factor":0.0},{"date":"06/08/2025","date_ts":1754438400000,"profit_abs":0.0,"wins":0,"draws":0,"losses":0,"trades":0,"profit_factor":0.0},{"date":"07/08/2025","date_ts":1754524800000,"profit_abs":0.0,"wins":0,"draws":0,"losses":0,"trades":0,"profit_factor":0.0},{"date":"08/08/2025","date_ts":1754611200000,"profit_abs":0.0,"wins":0,"draws":0,"losses":0,"trades":0,"profit_factor":0.0},{"date":"09/08/2025","date_ts":1754697600000,"profit_abs":0.0,"wins":0,"draws":0,"losses":0,"trades":0,"profit_factor":0.0},{"date":"10/08/2025","date_ts":1754784000000,"profit_abs":3.31663947,"wins":1,"draws":0,"losses":0,"trades":1,"profit_factor":0.0},{"date":"11/08/2025","date_ts":1754870400000,"profit_abs":6.59945605,"wins":1,"draws":0,"losses":0,"trades":1,"profit_factor":0.0},{"date":"12/08/2025","date_ts":1754956800000,"profit_abs":0.0,"wins":0,"draws":0,"losses":0,"trades":0,"profit_factor":0.0},{"date":"13/08/2025","date_ts":1755043200000,"profit_abs":3.23316749,"wins":1,"draws":0,"losses":0,"trades":1,"profit_factor":0.0},{"date":"14/08/2025","date_ts":1755129600000,"profit_abs":0.0,"wins":0,"draws":0,"losses":0,"trades":0,"profit_factor":0.0},{"date":"15/08/2025","date_ts":1755216000000,"profit_abs":3.27422079,"wins":1,"draws":0,"losses":0,"trades":1,"profit_factor":0.0},{"date":"16/08/2025","date_ts":1755302400000,"profit_abs":0.0,"wins":0,"draws":0,"losses":0,"trades":0,"profit_factor":0.0},{"date":"17/08/2025","date_ts":1755388800000,"profit_abs":3.28172134,"wins":1,"draws":0,"losses":0,"trades":1,"profit_factor":0.0},{"date":"18/08/2025","date_ts":1755475200000,"profit_abs":0.0,"wins":0,"draws":0,"losses":0,"trades":0,"profit_factor":0.0},{"date":"19/08/2025","date_ts":1755561600000,"profit_abs":0.0,"wins":0,"draws":0,"losses":0,"trades":0,"profit_factor":0.0},{"date":"20/08/2025","date_ts":1755648000000,"profit_abs":0.0,"wins":0,"draws":0,"losses":0,"trades":0,"profit_factor":0.0},{"date":"21/08/2025","date_ts":1755734400000,"profit_abs":0.0,"wins":0,"draws":0,"losses":0,"trades":0,"profit_factor":0.0},{"date":"22/08/2025","date_ts":1755820800000,"profit_abs":3.2962492,"wins":1,"draws":0,"losses":0,"trades":1,"profit_factor":0.0},{"date":"23/08/2025","date_ts":1755907200000,"profit_abs":0.0,"wins":0,"draws":0,"losses":0,"trades":0,"profit_factor":0.0},{"date":"24/08/2025","date_ts":1755993600000,"profit_abs":0.0,"wins":0,"draws":0,"losses":0,"trades":0,"profit_factor":0.0},{"date":"25/08/2025","date_ts":1756080000000,"profit_abs":-29.98626081,"wins":1,"draws":0,"losses":1,"trades":2,"profit_factor":0.09932165},{"date":"26/08/2025","date_ts":1756166400000,"profit_abs":2.72261094,"wins":1,"draws":0,"losses":1,"trades":2,"profit_factor":6.63753908}],"week":[{"date":"04/08/2025","date_ts":1754265600000,"profit_abs":-24.01928411,"wins":3,"draws":0,"losses":1,"trades":4,"profit_factor":0.28965461},{"date":"11/08/2025","date_ts":1754870400000,"profit_abs":13.13538219,"wins":3,"draws":0,"losses":0,"trades":3,"profit_factor":0.0},{"date":"18/08/2025","date_ts":1755475200000,"profit_abs":9.78910962,"wins":3,"draws":0,"losses":0,"trades":3,"profit_factor":0.0},{"date":"25/08/2025","date_ts":1756080000000,"profit_abs":-26.69001161,"wins":2,"draws":0,"losses":1,"trades":3,"profit_factor":0.198329},{"date":"01/09/2025","date_ts":1756684800000,"profit_abs":2.72261094,"wins":1,"draws":0,"losses":1,"trades":2,"profit_factor":6.63753908}],"month":[{"date":"31/07/2025","date_ts":1753920000000,"profit_abs":6.58638775,"wins":2,"draws":0,"losses":0,"trades":2,"profit_factor":0.0},{"date":"31/08/2025","date_ts":1756598400000,"profit_abs":-31.64858072,"wins":10,"draws":0,"losses":3,"trades":13,"profit_factor":0.53175262}],"year":[{"date":"31/12/2025","date_ts":1767139200000,"profit_abs":-25.06219297,"wins":12,"draws":0,"losses":3,"trades":15,"profit_factor":0.62919961}]},"backtest_best_day":0.02034861787551782,"backtest_worst_day":-0.10179793802033467,"backtest_best_day_abs":6.59945605,"backtest_worst_day_abs":-33.81352868,"winning_days":11,"draw_days":16,"losing_days":2,"daily_profit":[["2025-07-29",3.29752455],["2025-07-30",0.0],["2025-07-31",3.2888632],["2025-08-01",0.0],["2025-08-02",-33.81352868],["2025-08-03",3.20785682],["2025-08-04",0.0],["2025-08-05",3.21928667],["2025-08-06",0.0],["2025-08-07",0.0],["2025-08-08",0.0],["2025-08-09",0.0],["2025-08-10",3.31663947],["2025-08-11",6.59945605],["2025-08-12",0.0],["2025-08-13",3.23316749],["2025-08-14",0.0],["2025-08-15",3.27422079],["2025-08-16",0.0],["2025-08-17",3.28172134],["2025-08-18",0.0],["2025-08-19",0.0],["2025-08-20",0.0],["2025-08-21",0.0],["2025-08-22",3.2962492],["2025-08-23",0.0],["2025-08-24",0.0],["2025-08-25",-29.98626081],["2025-08-26",2.72261094]],"wins":12,"losses":3,"draws":0,"winrate":0.8,"holding_avg":"2 days, 4:14:00","holding_avg_s":188040.0,"winner_holding_min":"0d 00:30","winner_holding_min_s":1800.0,"winner_holding_max":"9d 05:45","winner_holding_max_s":798300.0,"winner_holding_avg":"1d 13:04","winner_holding_avg_s":133440.0,"loser_holding_min":"0d 11:15","loser_holding_min_s":40500.0,"loser_holding_max":"11d 12:45","loser_holding_max_s":996300.0,"loser_holding_avg":"4d 16:55","loser_holding_avg_s":406500.0,"max_consecutive_wins":9,"max_consecutive_losses":1,"max_drawdown_account":0.034146290947594846,"max_relative_drawdown":0.034146290947594846,"max_drawdown_abs":34.37119166,"drawdown_start":"2025-07-31 07:15:00","drawdown_start_ts":1753946100000.0,"drawdown_end":"2025-08-25 20:30:00","drawdown_end_ts":1756153800000.0,"max_drawdown_low":-27.78480391,"max_drawdown_high":6.58638775,"csum_min":972.21519609,"csum_max":1006.58638775}},"strategy_comparison":[{"key":"SampleStrategy","trades":15,"profit_mean":-0.0049909267981289,"profit_mean_pct":-0.5,"profit_total_abs":-25.062192969999998,"profit_total":-0.025062192969999997,"profit_total_pct":-2.51,"duration_avg":"2 days, 4:14:00","wins":12,"draws":0,"losses":3,"winrate":0.8,"cagr":-0.2816994868280379,"expectancy":-1.670812864666667,"expectancy_ratio":-0.07416007837288696,"sortino":-1.0968194341417392,"sharpe":-1.36013671377237,"calmar":-50.079955465097264,"sqn":-0.4972,"profit_factor":0.6291996081355645,"max_drawdown_account":0.034146290947594846,"max_drawdown_abs":"34.371"}]}