{"strategy":{"VATSMStrategy":{"trades":[{"pair":"BTC/USDT","stake_amount":80109.7788106,"max_stake_amount":80109.7788106,"amount":1.27402,"open_date":"2024-07-15 09:00:00+00:00","close_date":"2024-07-15 16:30:00+00:00","open_rate":62879.53,"close_rate":63477.15,"fee_open":0.001,"fee_close":0.001,"trade_duration":450,"profit_ratio":0.007487214479423594,"profit_abs":600.39889495,"exit_reason":"trailing_stop_loss","initial_stop_loss_abs":31439.77,"initial_stop_loss_ratio":-0.5,"stop_loss_abs":63477.15,"stop_loss_ratio":-0.00075333,"min_rate":62290.0,"max_rate":63525.0,"is_open":false,"enter_tag":"","leverage":1.0,"is_short":false,"open_timestamp":1721034000000,"close_timestamp":1721061000000,"orders":[{"amount":1.27402,"safe_price":62879.53,"ft_order_side":"buy","order_filled_timestamp":1721034000000,"ft_is_entry":true,"ft_order_tag":"","cost":80189.88858941059},{"amount":1.27402,"safe_price":63477.15,"ft_order_side":"sell","order_filled_timestamp":1721061000000,"ft_is_entry":false,"ft_order_tag":"trailing_stop_loss","cost":80952.02980164299}],"funding_fees":0.0},{"pair":"BTC/USDT","stake_amount":90633.88636,"max_stake_amount":90633.88636,"amount":1.42834,"open_date":"2024-07-15 16:45:00+00:00","close_date":"2024-07-15 22:00:00+00:00","open_rate":63454.0,"close_rate":64149.4,"fee_open":0.001,"fee_close":0.001,"trade_duration":315,"profit_ratio":0.008939221650748147,"profit_abs":811.00659564,"exit_reason":"trailing_stop_loss","initial_stop_loss_abs":31727.0,"initial_stop_loss_ratio":-0.5,"stop_loss_abs":64149.4,"stop_loss_ratio":-0.0045097700000000015,"min_rate":62993.33,"max_rate":64440.0,"is_open":false,"enter_tag":"","leverage":1.0,"is_short":false,"open_timestamp":1721061900000,"close_timestamp":1721080800000,"orders":[{"amount":1.42834,"safe_price":63454.0,"ft_order_side":"buy","order_filled_timestamp":1721061900000,"ft_is_entry":true,"ft_order_tag":"","cost":90724.52024635999},{"amount":1.42834,"safe_price":64149.4,"ft_order_side":"sell","order_filled_timestamp":1721080800000,"ft_is_entry":false,"ft_order_tag":"trailing_stop_loss","cost":91718.78114999598}],"funding_fees":0.0},{"pair":"BTC/USDT","stake_amount":65707.5942913,"max_stake_amount":65707.5942913,"amount":1.02451,"open_date":"2024-07-15 22:15:00+00:00","close_date":"2024-07-15 22:30:00+00:00","open_rate":64135.63,"close_rate":64721.35,"fee_open":0.001,"fee_close":0.001,"trade_duration":15,"profit_ratio":0.007116272396270503,"profit_abs":468.06073262,"exit_reason":"trailing_stop_loss","initial_stop_loss_abs":32067.82,"initial_stop_loss_ratio":-0.5,"stop_loss_abs":64721.35,"stop_loss_ratio":-0.000938099999999999,"min_rate":63915.99,"max_rate":64782.12,"is_open":false,"enter_tag":"","leverage":1.0,"is_short":false,"open_timestamp":1721081700000,"close_timestamp":1721082600000,"orders":[{"amount":1.02451,"safe_price":64135.63,"ft_order_side":"buy","order_filled_timestamp":1721081700000,"ft_is_entry":true,"ft_order_tag":"","cost":65773.3018855913},{"amount":1.02451,"safe_price":64721.35,"ft_order_side":"sell","order_filled_timestamp":1721082600000,"ft_is_entry":false,"ft_order_tag":"trailing_stop_loss","cost":66373.97795878848}],"funding_fees":0.0},{"pair":"BTC/USDT","stake_amount":90770.200525,"max_stake_amount":90770.200525,"amount":1.40125,"open_date":"2024-07-16 04:15:00+00:00","close_date":"2024-07-16 23:30:00+00:00","open_rate":64778.02,"close_rate":65285.31,"fee_open":0.001,"fee_close":0.001,"trade_duration":1155,"profit_ratio":0.00581755694572947,"profit_abs":528.58887134,"exit_reason":"trailing_stop_loss","initial_stop_loss_abs":32389.01,"initial_stop_loss_ratio":-0.5,"stop_loss_abs":65285.31,"stop_loss_ratio":-0.001585409999999999,"min_rate":62373.24,"max_rate":65388.97,"is_open":false,"enter_tag":"","leverage":1.0,"is_short":false,"open_timestamp":1721103300000,"close_timestamp":1721172600000,"orders":[{"amount":1.40125,"safe_price":64778.02,"ft_order_side":"buy","order_filled_timestamp":1721103300000,"ft_is_entry":true,"ft_order_tag":"","cost":90860.970725525},{"amount":1.40125,"safe_price":65285.31,"ft_order_side":"sell","order_filled_timestamp":1721172600000,"ft_is_entry":false,"ft_order_tag":"trailing_stop_loss","cost":91572.52167813749}],"funding_fees":0.0},{"pair":"BTC/USDT","stake_amount":70262.21312,"max_stake_amount":70262.21312,"amount":1.0778,"open_date":"2024-07-16 23:45:00+00:00","close_date":"2024-07-17 01:00:00+00:00","open_rate":65190.4,"close_rate":65871.34,"fee_open":0.001,"fee_close":0.001,"trade_duration":75,"profit_ratio":0.00842653107007757,"profit_abs":592.65878863,"exit_reason":"trailing_stop_loss","initial_stop_loss_abs":32595.2,"initial_stop_loss_ratio":-0.5,"stop_loss_abs":65871.34,"stop_loss_ratio":-0.00028550999999999924,"min_rate":64932.31,"max_rate":65890.15,"is_open":false,"enter_tag":"","leverage":1.0,"is_short":false,"open_timestamp":1721173500000,"close_timestamp":1721178000000,"orders":[{"amount":1.0778,"safe_price":65190.4,"ft_order_side":"buy","order_filled_timestamp":1721173500000,"ft_is_entry":true,"ft_order_tag":"","cost":70332.47533311999},{"amount":1.0778,"safe_price":65871.34,"ft_order_side":"sell","order_filled_timestamp":1721178000000,"ft_is_entry":false,"ft_order_tag":"trailing_stop_loss","cost":71067.126382252}],"funding_fees":0.0},{"pair":"BTC/USDT","stake_amount":59496.2768868,"max_stake_amount":59496.2768868,"amount":0.92797,"open_date":"2024-07-18 22:45:00+00:00","close_date":"2024-07-19 13:30:00+00:00","open_rate":64114.44,"close_rate":64820.2,"fee_open":0.001,"fee_close":0.001,"trade_duration":885,"profit_ratio":0.008987821010211929,"profit_abs":535.27662932,"exit_reason":"trailing_stop_loss","initial_stop_loss_abs":32057.22,"initial_stop_loss_ratio":-0.5,"stop_loss_abs":64820.2,"stop_loss_ratio":-0.0011988500000000013,"min_rate":63300.67,"max_rate":64898.0,"is_open":false,"enter_tag":"","leverage":1.0,"is_short":false,"open_timestamp":1721342700000,"close_timestamp":1721395800000,"orders":[{"amount":0.92797,"safe_price":64114.44,"ft_order_side":"buy","order_filled_timestamp":1721342700000,"ft_is_entry":true,"ft_order_tag":"","cost":59555.77316368679},{"amount":0.92797,"safe_price":64820.2,"ft_order_side":"sell","order_filled_timestamp":1721395800000,"ft_is_entry":false,"ft_order_tag":"trailing_stop_loss","cost":60211.35219499398}],"funding_fees":0.0},{"pair":"BTC/USDT","stake_amount":48123.0110115,"max_stake_amount":48123.0110115,"amount":0.74457,"open_date":"2024-07-19 13:45:00+00:00","close_date":"2024-07-19 13:45:00+00:00","open_rate":64631.95,"close_rate":64630.0,"fee_open":0.001,"fee_close":0.001,"trade_duration":0,"profit_ratio":-0.002028112553139068,"profit_abs":-97.69648161,"exit_reason":"trailing_stop_loss","initial_stop_loss_abs":32315.98,"initial_stop_loss_ratio":-0.5,"stop_loss_abs":65316.17,"stop_loss_ratio":-0.00021548999999999874,"min_rate":64630.0,"max_rate":65330.24,"is_open":false,"enter_tag":"","leverage":1.0,"is_short":false,"open_timestamp":1721396700000,"close_timestamp":1721396700000,"orders":[{"amount":0.74457,"safe_price":64631.95,"ft_order_side":"buy","order_filled_timestamp":1721396700000,"ft_is_entry":true,"ft_order_tag":"","cost":48171.13402251148},{"amount":0.74457,"safe_price":64630.0,"ft_order_side":"sell","order_filled_timestamp":1721396700000,"ft_is_entry":false,"ft_order_tag":"trailing_stop_loss","cost":48169.68065909999}],"funding_fees":0.0},{"pair":"BTC/USDT","stake_amount":102403.74045,"max_stake_amount":102403.74045,"amount":1.5333,"open_date":"2024-07-20 16:45:00+00:00","close_date":"2024-07-20 17:15:00+00:00","open_rate":66786.5,"close_rate":67521.73,"fee_open":0.001,"fee_close":0.001,"trade_duration":30,"profit_ratio":0.008988664603636919,"profit_abs":921.39334994,"exit_reason":"trailing_stop_loss","initial_stop_loss_abs":33393.25,"initial_stop_loss_ratio":-0.5,"stop_loss_abs":67521.73,"stop_loss_ratio":-0.00112838,"min_rate":66679.01,"max_rate":67598.0,"is_open":false,"enter_tag":"","leverage":1.0,"is_short":false,"open_timestamp":1721493900000,"close_timestamp":1721495700000,"orders":[{"amount":1.5333,"safe_price":66786.5,"ft_order_side":"buy","order_filled_timestamp":1721493900000,"ft_is_entry":true,"ft_order_tag":"","cost":102506.14419045},{"amount":1.5333,"safe_price":67521.73,"ft_order_side":"sell","order_filled_timestamp":1721495700000,"ft_is_entry":false,"ft_order_tag":"trailing_stop_loss","cost":103634.59967760899}],"funding_fees":0.0},{"pair":"BTC/USDT","stake_amount":103315.58104,"max_stake_amount":103315.58104,"amount":1.53748,"open_date":"2024-07-20 22:15:00+00:00","close_date":"2024-07-21 20:15:00+00:00","open_rate":67198.0,"close_rate":67935.39,"fee_open":0.001,"fee_close":0.001,"trade_duration":1320,"profit_ratio":0.008953465207939756,"profit_abs":925.95749274,"exit_reason":"trailing_stop_loss","initial_stop_loss_abs":33599.0,"initial_stop_loss_ratio":-0.5,"stop_loss_abs":67935.39,"stop_loss_ratio":-0.0036754400000000003,"min_rate":65777.0,"max_rate":68186.0,"is_open":false,"enter_tag":"","leverage":1.0,"is_short":false,"open_timestamp":1721513700000,"close_timestamp":1721592900000,"orders":[{"amount":1.53748,"safe_price":67198.0,"ft_order_side":"buy","order_filled_timestamp":1721513700000,"ft_is_entry":true,"ft_order_tag":"","cost":103418.89662103998},{"amount":1.53748,"safe_price":67935.39,"ft_order_side":"sell","order_filled_timestamp":1721592900000,"ft_is_entry":false,"ft_order_tag":"trailing_stop_loss","cost":104553.75272061718}],"funding_fees":0.0},{"pair":"BTC/USDT","stake_amount":54306.12642,"max_stake_amount":54306.12642,"amount":0.79716,"open_date":"2024-07-21 20:30:00+00:00","close_date":"2024-07-27 08:15:00+00:00","open_rate":68124.5,"close_rate":67988.44,"fee_open":0.001,"fee_close":0.001,"trade_duration":7905,"profit_ratio":-0.003991237204831414,"profit_abs":-216.96538085,"exit_reason":"trailing_stop_loss","initial_stop_loss_abs":34062.25,"initial_stop_loss_ratio":-0.5,"stop_loss_abs":67988.44,"stop_loss_ratio":-0.00449452,"min_rate":63456.7,"max_rate":68474.55,"is_open":false,"enter_tag":"","leverage":1.0,"is_short":false,"open_timestamp":1721593800000,"close_timestamp":1722068100000,"orders":[{"amount":0.79716,"safe_price":68124.5,"ft_order_side":"buy","order_filled_timestamp":1721593800000,"ft_is_entry":true,"ft_order_tag":"","cost":54360.432546419994},{"amount":0.79716,"safe_price":67988.44,"ft_order_side":"sell","order_filled_timestamp":1722068100000,"ft_is_entry":false,"ft_order_tag":"trailing_stop_loss","cost":54251.862495230394}],"funding_fees":0.0},{"pair":"BTC/USDT","stake_amount":104017.9062978,"max_stake_amount":104017.9062978,"amount":1.52154,"open_date":"2024-07-27 12:15:00+00:00","close_date":"2024-07-27 13:30:00+00:00","open_rate":68363.57,"close_rate":69082.92,"fee_open":0.001,"fee_close":0.001,"trade_duration":75,"profit_ratio":0.008503391321067756,"profit_abs":885.38946661,"exit_reason":"trailing_stop_loss","initial_stop_loss_abs":34181.79,"initial_stop_loss_ratio":-0.5,"stop_loss_abs":69082.92,"stop_loss_ratio":-0.0002472699999999991,"min_rate":68286.54,"max_rate":69100.0,"is_open":false,"enter_tag":"","leverage":1.0,"is_short":false,"open_timestamp":1722082500000,"close_timestamp":1722087000000,"orders":[{"amount":1.52154,"safe_price":68363.57,"ft_order_side":"buy","order_filled_timestamp":1722082500000,"ft_is_entry":true,"ft_order_tag":"","cost":104121.92420409778},{"amount":1.52154,"safe_price":69082.92,"ft_order_side":"sell","order_filled_timestamp":1722087000000,"ft_is_entry":false,"ft_order_tag":"trailing_stop_loss","cost":105217.53852289678}],"funding_fees":0.0},{"pair":"BTC/USDT","stake_amount":104894.014621,"max_stake_amount":104894.014621,"amount":1.5221,"open_date":"2024-07-27 14:30:00+00:00","close_date":"2024-07-29 02:30:00+00:00","open_rate":68914.01,"close_rate":69596.52,"fee_open":0.001,"fee_close":0.001,"trade_duration":2160,"profit_ratio":0.007886001902776852,"profit_abs":828.02159329,"exit_reason":"trailing_stop_loss","initial_stop_loss_abs":34457.01,"initial_stop_loss_ratio":-0.5,"stop_loss_abs":69596.52,"stop_loss_ratio":-0.0005547099999999999,"min_rate":66650.0,"max_rate":69635.14,"is_open":false,"enter_tag":"","leverage":1.0,"is_short":false,"open_timestamp":1722090600000,"close_timestamp":1722220200000,"orders":[{"amount":1.5221,"safe_price":68914.01,"ft_order_side":"buy","order_filled_timestamp":1722090600000,"ft_is_entry":true,"ft_order_tag":"","cost":104998.90863562099},{"amount":1.5221,"safe_price":69596.52,"ft_order_side":"sell","order_filled_timestamp":1722220200000,"ft_is_entry":false,"ft_order_tag":"trailing_stop_loss","cost":106038.79595509199}],"funding_fees":0.0},{"pair":"BTC/USDT","stake_amount":105714.014403,"max_stake_amount":105714.014403,"amount":1.51433,"open_date":"2024-07-29 11:30:00+00:00","close_date":"2024-08-27 00:00:00+00:00","open_rate":69809.1,"close_rate":62834.0,"fee_open":0.001,"fee_close":0.001,"trade_duration":41070,"profit_ratio":-0.10171514111398769,"profit_abs":-10763.46860862,"exit_reason":"force_exit","initial_stop_loss_abs":34904.55,"initial_stop_loss_ratio":-0.5,"stop_loss_abs":35040.0,"stop_loss_ratio":-0.5,"min_rate":49000.0,"max_rate":70079.99,"is_open":false,"enter_tag":"","leverage":1.0,"is_short":false,"open_timestamp":1722252600000,"close_timestamp":1724716800000,"orders":[{"amount":1.51433,"safe_price":69809.1,"ft_order_side":"buy","order_filled_timestamp":1722252600000,"ft_is_entry":true,"ft_order_tag":"","cost":105819.72841740299},{"amount":1.51433,"safe_price":62834.0,"ft_order_side":"sell","order_filled_timestamp":1724716800000,"ft_is_entry":false,"ft_order_tag":"force_exit","cost":95246.56263121999}],"funding_fees":0.0}],"locks":[],"best_pair":{"key":"BTC/USDT","trades":13,"profit_mean":-0.0020483346372365905,"profit_mean_pct":-0.2,"profit_total_abs":-3981.3780559999987,"profit_total":-0.039813780559999984,"profit_total_pct":-3.98,"duration_avg":"2 days, 23:06:00","wins":10,"draws":0,"losses":3,"winrate":0.7692307692307693,"cagr":-0.2705872998650891,"expectancy":-306.25985046153835,"expectancy_ratio":-0.08293633603459827,"sortino":-0.32367592331096545,"sharpe":-0.5326317366324789,"calmar":-16.055660017923934,"sqn":-0.3492,"profit_factor":0.6406092105167401,"max_drawdown_account":0.10079844431698948,"max_drawdown_abs":10763.46860862},"worst_pair":{"key":"BTC/USDT","trades":13,"profit_mean":-0.0020483346372365905,"profit_mean_pct":-0.2,"profit_total_abs":-3981.3780559999987,"profit_total":-0.039813780559999984,"profit_total_pct":-3.98,"duration_avg":"2 days, 23:06:00","wins":10,"draws":0,"losses":3,"winrate":0.7692307692307693,"cagr":-0.2705872998650891,"expectancy":-306.25985046153835,"expectancy_ratio":-0.08293633603459827,"sortino":-0.32367592331096545,"sharpe":-0.5326317366324789,"calmar":-16.055660017923934,"sqn":-0.3492,"profit_factor":0.6406092105167401,"max_drawdown_account":0.10079844431698948,"max_drawdown_abs":10763.46860862},"results_per_pair":[{"key":"BTC/USDT","trades":13,"profit_mean":-0.0020483346372365905,"profit_mean_pct":-0.2,"profit_total_abs":-3981.3780559999987,"profit_total":-0.039813780559999984,"profit_total_pct":-3.98,"duration_avg":"2 days, 23:06:00","wins":10,"draws":0,"losses":3,"winrate":0.7692307692307693,"cagr":-0.2705872998650891,"expectancy":-306.25985046153835,"expectancy_ratio":-0.08293633603459827,"sortino":-0.32367592331096545,"sharpe":-0.5326317366324789,"calmar":-16.055660017923934,"sqn":-0.3492,"profit_factor":0.6406092105167401,"max_drawdown_account":0.10079844431698948,"max_drawdown_abs":10763.46860862},{"key":"TOTAL","trades":13,"profit_mean":-0.0020483346372365905,"profit_mean_pct":-0.2,"profit_total_abs":-3981.3780559999987,"profit_total":-0.039813780559999984,"profit_total_pct":-3.98,"duration_avg":"2 days, 23:06:00","wins":10,"draws":0,"losses":3,"winrate":0.7692307692307693,"cagr":-0.2705872998650891,"expectancy":-306.25985046153835,"expectancy_ratio":-0.08293633603459827,"sortino":-0.32367592331096545,"sharpe":-0.5326317366324789,"calmar":-16.055660017923934,"sqn":-0.3492,"profit_factor":0.6406092105167401,"max_drawdown_account":0.10079844431698948,"max_drawdown_abs":10763.46860862}],"results_per_enter_tag":[{"key":"","trades":13,"profit_mean":-0.0020483346372365905,"profit_mean_pct":-0.2,"profit_total_abs":-3981.3780559999987,"profit_total":-0.039813780559999984,"profit_total_pct":-3.98,"duration_avg":"2 days, 23:06:00","wins":10,"draws":0,"losses":3,"winrate":0.7692307692307693,"cagr":-0.2705872998650891,"expectancy":-306.25985046153835,"expectancy_ratio":-0.08293633603459827,"sortino":-0.32367592331096545,"sharpe":-0.5326317366324789,"calmar":-16.055660017923934,"sqn":-0.3492,"profit_factor":0.6406092105167401,"max_drawdown_account":0.10079844431698948,"max_drawdown_abs":10763.46860862},{"key":"TOTAL","trades":13,"profit_mean":-0.0020483346372365905,"profit_mean_pct":-0.2,"profit_total_abs":-3981.3780559999987,"profit_total":-0.039813780559999984,"profit_total_pct":-3.98,"duration_avg":"2 days, 23:06:00","wins":10,"draws":0,"losses":3,"winrate":0.7692307692307693,"cagr":-0.2705872998650891,"expectancy":-306.25985046153835,"expectancy_ratio":-0.08293633603459827,"sortino":-0.32367592331096545,"sharpe":-0.5326317366324789,"calmar":-16.055660017923934,"sqn":-0.3492,"profit_factor":0.6406092105167401,"max_drawdown_account":0.10079844431698948,"max_drawdown_abs":10763.46860862}],"exit_reason_summary":[{"key":"trailing_stop_loss","trades":12,"profit_mean":0.006257232569159335,"profit_mean_pct":0.63,"profit_total_abs":6782.090552620001,"profit_total":0.06782090552620001,"profit_total_pct":6.78,"duration_avg":"19:59:00","wins":10,"draws":0,"losses":2,"winrate":0.8333333333333334,"cagr":0.6646292061693058,"expectancy":565.1742127183335,"expectancy_ratio":3.5922638244104252,"sortino":46.22904724365682,"sharpe":7.661062062823885,"calmar":1337.7990303604693,"sqn":5.209,"profit_factor":22.55358294646255,"max_drawdown_account":0.0020607308917615394,"max_drawdown_abs":216.96538084999975},{"key":"force_exit","trades":1,"profit_mean":-0.10171514111398769,"profit_mean_pct":-10.17,"profit_total_abs":-10763.46860862,"profit_total":-0.1076346860862,"profit_total_pct":-10.76,"duration_avg":"28 days, 12:30:00","wins":0,"draws":0,"losses":1,"winrate":0.0,"cagr":-0.5870318433846784,"expectancy":-10763.46860862,"expectancy_ratio":-1.0,"sortino":-100,"sharpe":-100,"calmar":-100,"sqn":-100.0,"profit_factor":0.0,"max_drawdown_account":0.0,"max_drawdown_abs":0.0},{"key":"TOTAL","trades":13,"profit_mean":-0.0020483346372365905,"profit_mean_pct":-0.2,"profit_total_abs":-3981.3780559999987,"profit_total":-0.039813780559999984,"profit_total_pct":-3.98,"duration_avg":"2 days, 23:06:00","wins":10,"draws":0,"losses":3,"winrate":0.7692307692307693,"cagr":-0.2705872998650891,"expectancy":-306.25985046153835,"expectancy_ratio":-0.08293633603459827,"sortino":-0.32367592331096545,"sharpe":-0.5326317366324789,"calmar":-16.055660017923934,"sqn":-0.3492,"profit_factor":0.6406092105167401,"max_drawdown_account":0.10079844431698948,"max_drawdown_abs":10763.46860862}],"mix_tag_stats":[{"key":["","trailing_stop_loss"],"trades":12,"profit_mean":0.006257232569159335,"profit_mean_pct":0.63,"profit_total_abs":6782.090552620001,"profit_total":0.06782090552620001,"profit_total_pct":6.78,"duration_avg":"19:59:00","wins":10,"draws":0,"losses":2,"winrate":0.8333333333333334,"cagr":0.6646292061693058,"expectancy":565.1742127183335,"expectancy_ratio":3.5922638244104252,"sortino":46.22904724365682,"sharpe":7.661062062823885,"calmar":1337.7990303604693,"sqn":5.209,"profit_factor":22.55358294646255,"max_drawdown_account":0.0020607308917615394,"max_drawdown_abs":216.96538084999975},{"key":["","force_exit"],"trades":1,"profit_mean":-0.10171514111398769,"profit_mean_pct":-10.17,"profit_total_abs":-10763.46860862,"profit_total":-0.1076346860862,"profit_total_pct":-10.76,"duration_avg":"28 days, 12:30:00","wins":0,"draws":0,"losses":1,"winrate":0.0,"cagr":-0.5870318433846784,"expectancy":-10763.46860862,"expectancy_ratio":-1.0,"sortino":-100,"sharpe":-100,"calmar":-100,"sqn":-100.0,"profit_factor":0.0,"max_drawdown_account":0.0,"max_drawdown_abs":0.0},{"key":"TOTAL","trades":13,"profit_mean":-0.0020483346372365905,"profit_mean_pct":-0.2,"profit_total_abs":-3981.3780559999987,"profit_total":-0.039813780559999984,"profit_total_pct":-3.98,"duration_avg":"2 days, 23:06:00","wins":10,"draws":0,"losses":3,"winrate":0.7692307692307693,"cagr":-0.2705872998650891,"expectancy":-306.25985046153835,"expectancy_ratio":-0.08293633603459827,"sortino":-0.32367592331096545,"sharpe":-0.5326317366324789,"calmar":-16.055660017923934,"sqn":-0.3492,"profit_factor":0.6406092105167401,"max_drawdown_account":0.10079844431698948,"max_drawdown_abs":10763.46860862}],"left_open_trades":[{"key":"BTC/USDT","trades":1,"profit_mean":-0.10171514111398769,"profit_mean_pct":-10.17,"profit_total_abs":-10763.46860862,"profit_total":-0.1076346860862,"profit_total_pct":-10.76,"duration_avg":"28 days, 12:30:00","wins":0,"draws":0,"losses":1,"winrate":0.0,"cagr":-0.5870318433846784,"expectancy":-10763.46860862,"expectancy_ratio":-1.0,"sortino":-100,"sharpe":-100,"calmar":-100,"sqn":-100.0,"profit_factor":0.0,"max_drawdown_account":0.0,"max_drawdown_abs":0.0},{"key":"TOTAL","trades":1,"profit_mean":-0.10171514111398769,"profit_mean_pct":-10.17,"profit_total_abs":-10763.46860862,"profit_total":-0.1076346860862,"profit_total_pct":-10.76,"duration_avg":"28 days, 12:30:00","wins":0,"draws":0,"losses":1,"winrate":0.0,"cagr":-0.5870318433846784,"expectancy":-10763.46860862,"expectancy_ratio":-1.0,"sortino":-100,"sharpe":-100,"calmar":-100,"sqn":-100.0,"profit_factor":0.0,"max_drawdown_account":0.0,"max_drawdown_abs":0.0}],"total_trades":13,"trade_count_long":13,"trade_count_short":0,"total_volume":2159842.680408813,"avg_stake_amount":83058.02647976924,"profit_mean":-0.0020483346372365905,"profit_median":0.007886001902776852,"profit_total":-0.039813780559999984,"profit_total_long":-0.039813780559999984,"profit_total_short":0.0,"profit_total_abs":-3981.3780559999987,"profit_total_long_abs":-3981.3780559999987,"profit_total_short_abs":0.0,"cagr":-0.2705872998650891,"expectancy":-306.25985046153835,"expectancy_ratio":-0.08293633603459827,"sortino":-0.32367592331096545,"sharpe":-0.5326317366324789,"calmar":-16.055660017923934,"sqn":-0.3492,"profit_factor":0.6406092105167401,"backtest_start":"2024-07-10 16:00:00","backtest_start_ts":1720627200000,"backtest_end":"2024-08-27 00:00:00","backtest_end_ts":1724716800000,"backtest_days":47,"backtest_run_start_ts":1756271750,"backtest_run_end_ts":1756271757,"trades_per_day":0.28,"market_change":0.08565939681521022,"pairlist":["BTC/USDT"],"stake_amount":1000.0,"stake_currency":"USDT","stake_currency_decimals":3,"starting_balance":100000,"dry_run_wallet":100000,"final_balance":96018.621944,"rejected_signals":0,"timedout_entry_orders":0,"timedout_exit_orders":0,"canceled_trade_entries":0,"canceled_entry_orders":0,"replaced_entry_orders":0,"max_open_trades":1,"max_open_trades_setting":1,"timeframe":"15m","timeframe_detail":"","timerange":"20240701-20240827","enable_protections":false,"strategy_name":"VATSMStrategy","stoploss":-0.5,"trailing_stop":true,"trailing_stop_positive":0.005,"trailing_stop_positive_offset":0.015,"trailing_only_offset_is_reached":false,"use_custom_stoploss":true,"minimal_roi":{"0":10},"use_exit_signal":true,"exit_profit_only":false,"exit_profit_offset":0.0,"ignore_roi_if_entry_signal":false,"trading_mode":"spot","margin_mode":"","periodic_breakdown":{"day":[{"date":"15/07/2024","date_ts":1721001600000,"profit_abs":1879.46622321,"wins":3,"draws":0,"losses":0,"trades":3,"profit_factor":0.0},{"date":"16/07/2024","date_ts":1721088000000,"profit_abs":528.58887134,"wins":1,"draws":0,"losses":0,"trades":1,"profit_factor":0.0},{"date":"17/07/2024","date_ts":1721174400000,"profit_abs":592.65878863,"wins":1,"draws":0,"losses":0,"trades":1,"profit_factor":0.0},{"date":"18/07/2024","date_ts":1721260800000,"profit_abs":0.0,"wins":0,"draws":0,"losses":0,"trades":0,"profit_factor":0.0},{"date":"19/07/2024","date_ts":1721347200000,"profit_abs":437.58014771,"wins":1,"draws":0,"losses":1,"trades":2,"profit_factor":5.4789755},{"date":"20/07/2024","date_ts":1721433600000,"profit_abs":921.39334994,"wins":1,"draws":0,"losses":0,"trades":1,"profit_factor":0.0},{"date":"21/07/2024","date_ts":1721520000000,"profit_abs":925.95749274,"wins":1,"draws":0,"losses":0,"trades":1,"profit_factor":0.0},{"date":"22/07/2024","date_ts":1721606400000,"profit_abs":0.0,"wins":0,"draws":0,"losses":0,"trades":0,"profit_factor":0.0},{"date":"23/07/2024","date_ts":1721692800000,"profit_abs":0.0,"wins":0,"draws":0,"losses":0,"trades":0,"profit_factor":0.0},{"date":"24/07/2024","date_ts":1721779200000,"profit_abs":0.0,"wins":0,"draws":0,"losses":0,"trades":0,"profit_factor":0.0},{"date":"25/07/2024","date_ts":1721865600000,"profit_abs":0.0,"wins":0,"draws":0,"losses":0,"trades":0,"profit_factor":0.0},{"date":"26/07/2024","date_ts":1721952000000,"profit_abs":0.0,"wins":0,"draws":0,"losses":0,"trades":0,"profit_factor":0.0},{"date":"27/07/2024","date_ts":1722038400000,"profit_abs":668.42408576,"wins":1,"draws":0,"losses":1,"trades":2,"profit_factor":4.08078682},{"date":"28/07/2024","date_ts":1722124800000,"profit_abs":0.0,"wins":0,"draws":0,"losses":0,"trades":0,"profit_factor":0.0},{"date":"29/07/2024","date_ts":1722211200000,"profit_abs":828.02159329,"wins":1,"draws":0,"losses":0,"trades":1,"profit_factor":0.0},{"date":"30/07/2024","date_ts":1722297600000,"profit_abs":0.0,"wins":0,"draws":0,"losses":0,"trades":0,"profit_factor":0.0},{"date":"31/07/2024","date_ts":1722384000000,"profit_abs":0.0,"wins":0,"draws":0,"losses":0,"trades":0,"profit_factor":0.0},{"date":"01/08/2024","date_ts":1722470400000,"profit_abs":0.0,"wins":0,"draws":0,"losses":0,"trades":0,"profit_factor":0.0},{"date":"02/08/2024","date_ts":1722556800000,"profit_abs":0.0,"wins":0,"draws":0,"losses":0,"trades":0,"profit_factor":0.0},{"date":"03/08/2024","date_ts":1722643200000,"profit_abs":0.0,"wins":0,"draws":0,"losses":0,"trades":0,"profit_factor":0.0},{"date":"04/08/2024","date_ts":1722729600000,"profit_abs":0.0,"wins":0,"draws":0,"losses":0,"trades":0,"profit_factor":0.0},{"date":"05/08/2024","date_ts":1722816000000,"profit_abs":0.0,"wins":0,"draws":0,"losses":0,"trades":0,"profit_factor":0.0},{"date":"06/08/2024","date_ts":1722902400000,"profit_abs":0.0,"wins":0,"draws":0,"losses":0,"trades":0,"profit_factor":0.0},{"date":"07/08/2024","date_ts":1722988800000,"profit_abs":0.0,"wins":0,"draws":0,"losses":0,"trades":0,"profit_factor":0.0},{"date":"08/08/2024","date_ts":1723075200000,"profit_abs":0.0,"wins":0,"draws":0,"losses":0,"trades":0,"profit_factor":0.0},{"date":"09/08/2024","date_ts":1723161600000,"profit_abs":0.0,"wins":0,"draws":0,"losses":0,"trades":0,"profit_factor":0.0},{"date":"10/08/2024","date_ts":1723248000000,"profit_abs":0.0,"wins":0,"draws":0,"losses":0,"trades":0,"profit_factor":0.0},{"date":"11/08/2024","date_ts":1723334400000,"profit_abs":0.0,"wins":0,"draws":0,"losses":0,"trades":0,"profit_factor":0.0},{"date":"12/08/2024","date_ts":1723420800000,"profit_abs":0.0,"wins":0,"draws":0,"losses":0,"trades":0,"profit_factor":0.0},{"date":"13/08/2024","date_ts":1723507200000,"profit_abs":0.0,"wins":0,"draws":0,"losses":0,"trades":0,"profit_factor":0.0},{"date":"14/08/2024","date_ts":1723593600000,"profit_abs":0.0,"wins":0,"draws":0,"losses":0,"trades":0,"profit_factor":0.0},{"date":"15/08/2024","date_ts":1723680000000,"profit_abs":0.0,"wins":0,"draws":0,"losses":0,"trades":0,"profit_factor":0.0},{"date":"16/08/2024","date_ts":1723766400000,"profit_abs":0.0,"wins":0,"draws":0,"losses":0,"trades":0,"profit_factor":0.0},{"date":"17/08/2024","date_ts":1723852800000,"profit_abs":0.0,"wins":0,"draws":0,"losses":0,"trades":0,"profit_factor":0.0},{"date":"18/08/2024","date_ts":1723939200000,"profit_abs":0.0,"wins":0,"draws":0,"losses":0,"trades":0,"profit_factor":0.0},{"date":"19/08/2024","date_ts":1724025600000,"profit_abs":0.0,"wins":0,"draws":0,"losses":0,"trades":0,"profit_factor":0.0},{"date":"20/08/2024","date_ts":1724112000000,"profit_abs":0.0,"wins":0,"draws":0,"losses":0,"trades":0,"profit_factor":0.0},{"date":"21/08/2024","date_ts":1724198400000,"profit_abs":0.0,"wins":0,"draws":0,"losses":0,"trades":0,"profit_factor":0.0},{"date":"22/08/2024","date_ts":1724284800000,"profit_abs":0.0,"wins":0,"draws":0,"losses":0,"trades":0,"profit_factor":0.0},{"date":"23/08/2024","date_ts":1724371200000,"profit_abs":0.0,"wins":0,"draws":0,"losses":0,"trades":0,"profit_factor":0.0},{"date":"24/08/2024","date_ts":1724457600000,"profit_abs":0.0,"wins":0,"draws":0,"losses":0,"trades":0,"profit_factor":0.0},{"date":"25/08/2024","date_ts":1724544000000,"profit_abs":0.0,"wins":0,"draws":0,"losses":0,"trades":0,"profit_factor":0.0},{"date":"26/08/2024","date_ts":1724630400000,"profit_abs":0.0,"wins":0,"draws":0,"losses":0,"trades":0,"profit_factor":0.0},{"date":"27/08/2024","date_ts":1724716800000,"profit_abs":-10763.46860862,"wins":0,"draws":0,"losses":1,"trades":1,"profit_factor":0.0}],"week":[{"date":"15/07/2024","date_ts":1721001600000,"profit_abs":1879.46622321,"wins":3,"draws":0,"losses":0,"trades":3,"profit_factor":0.0},{"date":"22/07/2024","date_ts":1721606400000,"profit_abs":3406.17865036,"wins":5,"draws":0,"losses":1,"trades":6,"profit_factor":35.86490603},{"date":"29/07/2024","date_ts":1722211200000,"profit_abs":1496.44567905,"wins":2,"draws":0,"losses":1,"trades":3,"profit_factor":7.89716338},{"date":"05/08/2024","date_ts":1722816000000,"profit_abs":0.0,"wins":0,"draws":0,"losses":0,"trades":0,"profit_factor":0.0},{"date":"12/08/2024","date_ts":1723420800000,"profit_abs":0.0,"wins":0,"draws":0,"losses":0,"trades":0,"profit_factor":0.0},{"date":"19/08/2024","date_ts":1724025600000,"profit_abs":0.0,"wins":0,"draws":0,"losses":0,"trades":0,"profit_factor":0.0},{"date":"26/08/2024","date_ts":1724630400000,"profit_abs":0.0,"wins":0,"draws":0,"losses":0,"trades":0,"profit_factor":0.0},{"date":"02/09/2024","date_ts":1725235200000,"profit_abs":-10763.46860862,"wins":0,"draws":0,"losses":1,"trades":1,"profit_factor":0.0}],"month":[{"date":"31/07/2024","date_ts":1722384000000,"profit_abs":6782.09055262,"wins":10,"draws":0,"losses":2,"trades":12,"profit_factor":22.55358295},{"date":"31/08/2024","date_ts":1725062400000,"profit_abs":-10763.46860862,"wins":0,"draws":0,"losses":1,"trades":1,"profit_factor":0.0}],"year":[{"date":"31/12/2024","date_ts":1735603200000,"profit_abs":-3981.378056,"wins":10,"draws":0,"losses":3,"trades":13,"profit_factor":0.64060921}]},"backtest_best_day":0.023542708526442243,"backtest_worst_day":-0.10171514111398769,"backtest_best_day_abs":1879.46622321,"backtest_worst_day_abs":-10763.46860862,"winning_days":8,"draw_days":35,"losing_days":1,"daily_profit":[["2024-07-15",1879.46622321],["2024-07-16",528.58887134],["2024-07-17",592.65878863],["2024-07-18",0.0],["2024-07-19",437.58014771],["2024-07-20",921.39334994],["2024-07-21",925.95749274],["2024-07-22",0.0],["2024-07-23",0.0],["2024-07-24",0.0],["2024-07-25",0.0],["2024-07-26",0.0],["2024-07-27",668.42408576],["2024-07-28",0.0],["2024-07-29",828.02159329],["2024-07-30",0.0],["2024-07-31",0.0],["2024-08-01",0.0],["2024-08-02",0.0],["2024-08-03",0.0],["2024-08-04",0.0],["2024-08-05",0.0],["2024-08-06",0.0],["2024-08-07",0.0],["2024-08-08",0.0],["2024-08-09",0.0],["2024-08-10",0.0],["2024-08-11",0.0],["2024-08-12",0.0],["2024-08-13",0.0],["2024-08-14",0.0],["2024-08-15",0.0],["2024-08-16",0.0],["2024-08-17",0.0],["2024-08-18",0.0],["2024-08-19",0.0],["2024-08-20",0.0],["2024-08-21",0.0],["2024-08-22",0.0],["2024-08-23",0.0],["2024-08-24",0.0],["2024-08-25",0.0],["2024-08-26",0.0],["2024-08-27",-10763.46860862]],"wins":10,"losses":3,"draws":0,"winrate":0.7692307692307693,"holding_avg":"2 days, 23:06:00","holding_avg_s":255960.0,"winner_holding_min":"0d 00:15","winner_holding_min_s":900.0,"winner_holding_max":"1d 12:00","winner_holding_max_s":129600.0,"winner_holding_avg":"0d 10:48","winner_holding_avg_s":38880.0,"loser_holding_min":"0d 00:00","loser_holding_min_s":0.0,"loser_holding_max":"28d 12:30","loser_holding_max_s":2464200.0,"loser_holding_avg":"11d 08:05","loser_holding_avg_s":979500.0,"max_consecutive_wins":6,"max_consecutive_losses":1,"max_drawdown_account":0.10079844431698948,"max_relative_drawdown":0.10079844431698948,"max_drawdown_abs":10763.46860862,"drawdown_start":"2024-07-29 02:30:00","drawdown_start_ts":1722220200000.0,"drawdown_end":"2024-08-27 00:00:00","drawdown_end_ts":1724716800000.0,"max_drawdown_low":-3981.3780560000005,"max_drawdown_high":6782.0905526199995,"csum_min":96018.621944,"csum_max":106782.09055262}},"strategy_comparison":[{"key":"VATSMStrategy","trades":13,"profit_mean":-0.0020483346372365905,"profit_mean_pct":-0.2,"profit_total_abs":-3981.3780559999987,"profit_total":-0.039813780559999984,"profit_total_pct":-3.98,"duration_avg":"2 days, 23:06:00","wins":10,"draws":0,"losses":3,"winrate":0.7692307692307693,"cagr":-0.2705872998650891,"expectancy":-306.25985046153835,"expectancy_ratio":-0.08293633603459827,"sortino":-0.32367592331096545,"sharpe":-0.5326317366324789,"calmar":-16.055660017923934,"sqn":-0.3492,"profit_factor":0.6406092105167401,"max_drawdown_account":0.10079844431698948,"max_drawdown_abs":"10763.469"}]}