{"strategy":{"VATSMStrategy":{"trades":[{"pair":"ETH/USDT","stake_amount":27011.395,"max_stake_amount":27011.395,"amount":7.675,"open_date":"2024-07-01 02:00:00+00:00","close_date":"2024-07-19 19:00:00+00:00","open_rate":3519.4,"close_rate":3511.9,"fee_open":0.001,"fee_close":0.001,"trade_duration":26940,"profit_ratio":-0.004124789230204926,"profit_abs":-111.5277275,"exit_reason":"trailing_stop_loss","initial_stop_loss_abs":1759.7,"initial_stop_loss_ratio":-0.5,"stop_loss_abs":3511.9,"stop_loss_ratio":-0.00456212,"min_rate":2810.0,"max_rate":3527.99,"is_open":false,"enter_tag":"","leverage":1.0,"is_short":false,"open_timestamp":1719799200000,"close_timestamp":1721415600000,"orders":[{"amount":7.675,"safe_price":3519.4,"ft_order_side":"buy","order_filled_timestamp":1719799200000,"ft_is_entry":true,"ft_order_tag":"","cost":27038.406394999998},{"amount":7.675,"safe_price":3511.9,"ft_order_side":"sell","order_filled_timestamp":1721415600000,"ft_is_entry":false,"ft_order_tag":"trailing_stop_loss","cost":26980.786332499996}],"funding_fees":0.0},{"pair":"ETH/USDT","stake_amount":35817.3312,"max_stake_amount":35817.3312,"amount":10.1696,"open_date":"2024-07-19 19:15:00+00:00","close_date":"2024-07-21 22:00:00+00:00","open_rate":3522.0,"close_rate":3546.7,"fee_open":0.001,"fee_close":0.001,"trade_duration":3045,"profit_ratio":0.005001046653516842,"profit_abs":179.30326848,"exit_reason":"trailing_stop_loss","initial_stop_loss_abs":1761.0,"initial_stop_loss_ratio":-0.5,"stop_loss_abs":3546.7,"stop_loss_ratio":-8.605999999999978e-05,"min_rate":3411.4,"max_rate":3547.0,"is_open":false,"enter_tag":"","leverage":1.0,"is_short":false,"open_timestamp":1721416500000,"close_timestamp":1721599200000,"orders":[{"amount":10.1696,"safe_price":3522.0,"ft_order_side":"buy","order_filled_timestamp":1721416500000,"ft_is_entry":true,"ft_order_tag":"","cost":35853.14853119999},{"amount":10.1696,"safe_price":3546.7,"ft_order_side":"sell","order_filled_timestamp":1721599200000,"ft_is_entry":false,"ft_order_tag":"trailing_stop_loss","cost":36104.58884032}],"funding_fees":0.0},{"pair":"ETH/USDT","stake_amount":31389.479457,"max_stake_amount":31389.479457,"amount":8.8949,"open_date":"2024-07-21 23:30:00+00:00","close_date":"2024-08-27 00:00:00+00:00","open_rate":3528.93,"close_rate":2680.49,"fee_open":0.001,"fee_close":0.001,"trade_duration":51870,"profit_ratio":-0.24194178529351645,"profit_abs":-7602.02112596,"exit_reason":"force_exit","initial_stop_loss_abs":1764.47,"initial_stop_loss_ratio":-0.5,"stop_loss_abs":1781.41,"stop_loss_ratio":-0.5,"min_rate":2111.0,"max_rate":3562.82,"is_open":false,"enter_tag":"","leverage":1.0,"is_short":false,"open_timestamp":1721604600000,"close_timestamp":1724716800000,"orders":[{"amount":8.8949,"safe_price":3528.93,"ft_order_side":"buy","order_filled_timestamp":1721604600000,"ft_is_entry":true,"ft_order_tag":"","cost":31420.868936456995},{"amount":8.8949,"safe_price":2680.49,"ft_order_side":"sell","order_filled_timestamp":1724716800000,"ft_is_entry":false,"ft_order_tag":"force_exit","cost":23866.533191500996}],"funding_fees":0.0}],"locks":[],"best_pair":{"key":"ETH/USDT","trades":3,"profit_mean":-0.08035517595673485,"profit_mean_pct":-8.04,"profit_total_abs":-7534.24558498,"profit_total":-0.0753424558498,"profit_total_pct":-7.53,"duration_avg":"18 days, 22:45:00","wins":1,"draws":0,"losses":2,"winrate":0.3333333333333333,"cagr":-0.3944381516321529,"expectancy":-2511.4151949933334,"expectancy_ratio":-0.6511698422359274,"sortino":-0.6742654691282111,"sharpe":-0.7011658308675186,"calmar":-33.24118691726381,"sqn":-0.9861,"profit_factor":0.023245236646108943,"max_drawdown_account":0.07596872304657962,"max_drawdown_abs":7602.02112596},"worst_pair":{"key":"ETH/USDT","trades":3,"profit_mean":-0.08035517595673485,"profit_mean_pct":-8.04,"profit_total_abs":-7534.24558498,"profit_total":-0.0753424558498,"profit_total_pct":-7.53,"duration_avg":"18 days, 22:45:00","wins":1,"draws":0,"losses":2,"winrate":0.3333333333333333,"cagr":-0.3944381516321529,"expectancy":-2511.4151949933334,"expectancy_ratio":-0.6511698422359274,"sortino":-0.6742654691282111,"sharpe":-0.7011658308675186,"calmar":-33.24118691726381,"sqn":-0.9861,"profit_factor":0.023245236646108943,"max_drawdown_account":0.07596872304657962,"max_drawdown_abs":7602.02112596},"results_per_pair":[{"key":"ETH/USDT","trades":3,"profit_mean":-0.08035517595673485,"profit_mean_pct":-8.04,"profit_total_abs":-7534.24558498,"profit_total":-0.0753424558498,"profit_total_pct":-7.53,"duration_avg":"18 days, 22:45:00","wins":1,"draws":0,"losses":2,"winrate":0.3333333333333333,"cagr":-0.3944381516321529,"expectancy":-2511.4151949933334,"expectancy_ratio":-0.6511698422359274,"sortino":-0.6742654691282111,"sharpe":-0.7011658308675186,"calmar":-33.24118691726381,"sqn":-0.9861,"profit_factor":0.023245236646108943,"max_drawdown_account":0.07596872304657962,"max_drawdown_abs":7602.02112596},{"key":"TOTAL","trades":3,"profit_mean":-0.08035517595673485,"profit_mean_pct":-8.04,"profit_total_abs":-7534.24558498,"profit_total":-0.0753424558498,"profit_total_pct":-7.53,"duration_avg":"18 days, 22:45:00","wins":1,"draws":0,"losses":2,"winrate":0.3333333333333333,"cagr":-0.3944381516321529,"expectancy":-2511.4151949933334,"expectancy_ratio":-0.6511698422359274,"sortino":-0.6742654691282111,"sharpe":-0.7011658308675186,"calmar":-33.24118691726381,"sqn":-0.9861,"profit_factor":0.023245236646108943,"max_drawdown_account":0.07596872304657962,"max_drawdown_abs":7602.02112596}],"results_per_enter_tag":[{"key":"","trades":3,"profit_mean":-0.08035517595673485,"profit_mean_pct":-8.04,"profit_total_abs":-7534.24558498,"profit_total":-0.0753424558498,"profit_total_pct":-7.53,"duration_avg":"18 days, 22:45:00","wins":1,"draws":0,"losses":2,"winrate":0.3333333333333333,"cagr":-0.3944381516321529,"expectancy":-2511.4151949933334,"expectancy_ratio":-0.6511698422359274,"sortino":-0.6742654691282111,"sharpe":-0.7011658308675186,"calmar":-33.24118691726381,"sqn":-0.9861,"profit_factor":0.023245236646108943,"max_drawdown_account":0.07596872304657962,"max_drawdown_abs":7602.02112596},{"key":"TOTAL","trades":3,"profit_mean":-0.08035517595673485,"profit_mean_pct":-8.04,"profit_total_abs":-7534.24558498,"profit_total":-0.0753424558498,"profit_total_pct":-7.53,"duration_avg":"18 days, 22:45:00","wins":1,"draws":0,"losses":2,"winrate":0.3333333333333333,"cagr":-0.3944381516321529,"expectancy":-2511.4151949933334,"expectancy_ratio":-0.6511698422359274,"sortino":-0.6742654691282111,"sharpe":-0.7011658308675186,"calmar":-33.24118691726381,"sqn":-0.9861,"profit_factor":0.023245236646108943,"max_drawdown_account":0.07596872304657962,"max_drawdown_abs":7602.02112596}],"exit_reason_summary":[{"key":"trailing_stop_loss","trades":2,"profit_mean":0.000438128711655958,"profit_mean_pct":0.04,"profit_total_abs":67.77554098000002,"profit_total":0.0006777554098000002,"profit_total_pct":0.07,"duration_avg":"10 days, 9:52:00","wins":1,"draws":0,"losses":1,"winrate":0.5,"cagr":0.004347967744127601,"expectancy":33.88777049000001,"expectancy_ratio":0.30385063203229,"sortino":-100,"sharpe":0.15621900754336174,"calmar":20.368625172087462,"sqn":0.233,"profit_factor":1.60770126406458,"max_drawdown_account":0.0011152772749999712,"max_drawdown_abs":111.5277275},{"key":"force_exit","trades":1,"profit_mean":-0.24194178529351645,"profit_mean_pct":-24.19,"profit_total_abs":-7602.02112596,"profit_total":-0.0760202112596,"profit_total_pct":-7.6,"duration_avg":"36 days, 0:30:00","wins":0,"draws":0,"losses":1,"winrate":0.0,"cagr":-0.39727482033329764,"expectancy":-7602.02112596,"expectancy_ratio":-1.0,"sortino":-100,"sharpe":-100,"calmar":-100,"sqn":-100.0,"profit_factor":0.0,"max_drawdown_account":0.0,"max_drawdown_abs":0.0},{"key":"TOTAL","trades":3,"profit_mean":-0.08035517595673485,"profit_mean_pct":-8.04,"profit_total_abs":-7534.24558498,"profit_total":-0.0753424558498,"profit_total_pct":-7.53,"duration_avg":"18 days, 22:45:00","wins":1,"draws":0,"losses":2,"winrate":0.3333333333333333,"cagr":-0.3944381516321529,"expectancy":-2511.4151949933334,"expectancy_ratio":-0.6511698422359274,"sortino":-0.6742654691282111,"sharpe":-0.7011658308675186,"calmar":-33.24118691726381,"sqn":-0.9861,"profit_factor":0.023245236646108943,"max_drawdown_account":0.07596872304657962,"max_drawdown_abs":7602.02112596}],"mix_tag_stats":[{"key":["","trailing_stop_loss"],"trades":2,"profit_mean":0.000438128711655958,"profit_mean_pct":0.04,"profit_total_abs":67.77554098000002,"profit_total":0.0006777554098000002,"profit_total_pct":0.07,"duration_avg":"10 days, 9:52:00","wins":1,"draws":0,"losses":1,"winrate":0.5,"cagr":0.004347967744127601,"expectancy":33.88777049000001,"expectancy_ratio":0.30385063203229,"sortino":-100,"sharpe":0.15621900754336174,"calmar":20.368625172087462,"sqn":0.233,"profit_factor":1.60770126406458,"max_drawdown_account":0.0011152772749999712,"max_drawdown_abs":111.5277275},{"key":["","force_exit"],"trades":1,"profit_mean":-0.24194178529351645,"profit_mean_pct":-24.19,"profit_total_abs":-7602.02112596,"profit_total":-0.0760202112596,"profit_total_pct":-7.6,"duration_avg":"36 days, 0:30:00","wins":0,"draws":0,"losses":1,"winrate":0.0,"cagr":-0.39727482033329764,"expectancy":-7602.02112596,"expectancy_ratio":-1.0,"sortino":-100,"sharpe":-100,"calmar":-100,"sqn":-100.0,"profit_factor":0.0,"max_drawdown_account":0.0,"max_drawdown_abs":0.0},{"key":"TOTAL","trades":3,"profit_mean":-0.08035517595673485,"profit_mean_pct":-8.04,"profit_total_abs":-7534.24558498,"profit_total":-0.0753424558498,"profit_total_pct":-7.53,"duration_avg":"18 days, 22:45:00","wins":1,"draws":0,"losses":2,"winrate":0.3333333333333333,"cagr":-0.3944381516321529,"expectancy":-2511.4151949933334,"expectancy_ratio":-0.6511698422359274,"sortino":-0.6742654691282111,"sharpe":-0.7011658308675186,"calmar":-33.24118691726381,"sqn":-0.9861,"profit_factor":0.023245236646108943,"max_drawdown_account":0.07596872304657962,"max_drawdown_abs":7602.02112596}],"left_open_trades":[{"key":"ETH/USDT","trades":1,"profit_mean":-0.24194178529351645,"profit_mean_pct":-24.19,"profit_total_abs":-7602.02112596,"profit_total":-0.0760202112596,"profit_total_pct":-7.6,"duration_avg":"36 days, 0:30:00","wins":0,"draws":0,"losses":1,"winrate":0.0,"cagr":-0.39727482033329764,"expectancy":-7602.02112596,"expectancy_ratio":-1.0,"sortino":-100,"sharpe":-100,"calmar":-100,"sqn":-100.0,"profit_factor":0.0,"max_drawdown_account":0.0,"max_drawdown_abs":0.0},{"key":"TOTAL","trades":1,"profit_mean":-0.24194178529351645,"profit_mean_pct":-24.19,"profit_total_abs":-7602.02112596,"profit_total":-0.0760202112596,"profit_total_pct":-7.6,"duration_avg":"36 days, 0:30:00","wins":0,"draws":0,"losses":1,"winrate":0.0,"cagr":-0.39727482033329764,"expectancy":-7602.02112596,"expectancy_ratio":-1.0,"sortino":-100,"sharpe":-100,"calmar":-100,"sqn":-100.0,"profit_factor":0.0,"max_drawdown_account":0.0,"max_drawdown_abs":0.0}],"total_trades":3,"trade_count_long":3,"trade_count_short":0,"total_volume":181264.33222697797,"avg_stake_amount":31406.068552333338,"profit_mean":-0.08035517595673485,"profit_median":-0.004124789230204926,"profit_total":-0.0753424558498,"profit_total_long":-0.0753424558498,"profit_total_short":0.0,"profit_total_abs":-7534.24558498,"profit_total_long_abs":-7534.24558498,"profit_total_short_abs":0.0,"cagr":-0.3944381516321529,"expectancy":-2511.4151949933334,"expectancy_ratio":-0.6511698422359274,"sortino":-0.6742654691282111,"sharpe":-0.7011658308675186,"calmar":-33.24118691726381,"sqn":-0.9861,"profit_factor":0.023245236646108943,"backtest_start":"2024-06-30 06:00:00","backtest_start_ts":1719727200000,"backtest_end":"2024-08-27 00:00:00","backtest_end_ts":1724716800000,"backtest_days":57,"backtest_run_start_ts":1756261318,"backtest_run_end_ts":1756261322,"trades_per_day":0.05,"market_change":-0.202285133858829,"pairlist":["ETH/USDT"],"stake_amount":1000.0,"stake_currency":"USDT","stake_currency_decimals":3,"starting_balance":100000,"dry_run_wallet":100000,"final_balance":92465.75441502,"rejected_signals":0,"timedout_entry_orders":0,"timedout_exit_orders":0,"canceled_trade_entries":0,"canceled_entry_orders":0,"replaced_entry_orders":0,"max_open_trades":1,"max_open_trades_setting":1,"timeframe":"15m","timeframe_detail":"","timerange":"20240601-20240827","enable_protections":false,"strategy_name":"VATSMStrategy","stoploss":-0.5,"trailing_stop":true,"trailing_stop_positive":0.005,"trailing_stop_positive_offset":0.015,"trailing_only_offset_is_reached":false,"use_custom_stoploss":true,"minimal_roi":{"0":10},"use_exit_signal":true,"exit_profit_only":false,"exit_profit_offset":0.0,"ignore_roi_if_entry_signal":false,"trading_mode":"spot","margin_mode":"","periodic_breakdown":{"day":[{"date":"19/07/2024","date_ts":1721347200000,"profit_abs":-111.5277275,"wins":0,"draws":0,"losses":1,"trades":1,"profit_factor":0.0},{"date":"20/07/2024","date_ts":1721433600000,"profit_abs":0.0,"wins":0,"draws":0,"losses":0,"trades":0,"profit_factor":0.0},{"date":"21/07/2024","date_ts":1721520000000,"profit_abs":179.30326848,"wins":1,"draws":0,"losses":0,"trades":1,"profit_factor":0.0},{"date":"22/07/2024","date_ts":1721606400000,"profit_abs":0.0,"wins":0,"draws":0,"losses":0,"trades":0,"profit_factor":0.0},{"date":"23/07/2024","date_ts":1721692800000,"profit_abs":0.0,"wins":0,"draws":0,"losses":0,"trades":0,"profit_factor":0.0},{"date":"24/07/2024","date_ts":1721779200000,"profit_abs":0.0,"wins":0,"draws":0,"losses":0,"trades":0,"profit_factor":0.0},{"date":"25/07/2024","date_ts":1721865600000,"profit_abs":0.0,"wins":0,"draws":0,"losses":0,"trades":0,"profit_factor":0.0},{"date":"26/07/2024","date_ts":1721952000000,"profit_abs":0.0,"wins":0,"draws":0,"losses":0,"trades":0,"profit_factor":0.0},{"date":"27/07/2024","date_ts":1722038400000,"profit_abs":0.0,"wins":0,"draws":0,"losses":0,"trades":0,"profit_factor":0.0},{"date":"28/07/2024","date_ts":1722124800000,"profit_abs":0.0,"wins":0,"draws":0,"losses":0,"trades":0,"profit_factor":0.0},{"date":"29/07/2024","date_ts":1722211200000,"profit_abs":0.0,"wins":0,"draws":0,"losses":0,"trades":0,"profit_factor":0.0},{"date":"30/07/2024","date_ts":1722297600000,"profit_abs":0.0,"wins":0,"draws":0,"losses":0,"trades":0,"profit_factor":0.0},{"date":"31/07/2024","date_ts":1722384000000,"profit_abs":0.0,"wins":0,"draws":0,"losses":0,"trades":0,"profit_factor":0.0},{"date":"01/08/2024","date_ts":1722470400000,"profit_abs":0.0,"wins":0,"draws":0,"losses":0,"trades":0,"profit_factor":0.0},{"date":"02/08/2024","date_ts":1722556800000,"profit_abs":0.0,"wins":0,"draws":0,"losses":0,"trades":0,"profit_factor":0.0},{"date":"03/08/2024","date_ts":1722643200000,"profit_abs":0.0,"wins":0,"draws":0,"losses":0,"trades":0,"profit_factor":0.0},{"date":"04/08/2024","date_ts":1722729600000,"profit_abs":0.0,"wins":0,"draws":0,"losses":0,"trades":0,"profit_factor":0.0},{"date":"05/08/2024","date_ts":1722816000000,"profit_abs":0.0,"wins":0,"draws":0,"losses":0,"trades":0,"profit_factor":0.0},{"date":"06/08/2024","date_ts":1722902400000,"profit_abs":0.0,"wins":0,"draws":0,"losses":0,"trades":0,"profit_factor":0.0},{"date":"07/08/2024","date_ts":1722988800000,"profit_abs":0.0,"wins":0,"draws":0,"losses":0,"trades":0,"profit_factor":0.0},{"date":"08/08/2024","date_ts":1723075200000,"profit_abs":0.0,"wins":0,"draws":0,"losses":0,"trades":0,"profit_factor":0.0},{"date":"09/08/2024","date_ts":1723161600000,"profit_abs":0.0,"wins":0,"draws":0,"losses":0,"trades":0,"profit_factor":0.0},{"date":"10/08/2024","date_ts":1723248000000,"profit_abs":0.0,"wins":0,"draws":0,"losses":0,"trades":0,"profit_factor":0.0},{"date":"11/08/2024","date_ts":1723334400000,"profit_abs":0.0,"wins":0,"draws":0,"losses":0,"trades":0,"profit_factor":0.0},{"date":"12/08/2024","date_ts":1723420800000,"profit_abs":0.0,"wins":0,"draws":0,"losses":0,"trades":0,"profit_factor":0.0},{"date":"13/08/2024","date_ts":1723507200000,"profit_abs":0.0,"wins":0,"draws":0,"losses":0,"trades":0,"profit_factor":0.0},{"date":"14/08/2024","date_ts":1723593600000,"profit_abs":0.0,"wins":0,"draws":0,"losses":0,"trades":0,"profit_factor":0.0},{"date":"15/08/2024","date_ts":1723680000000,"profit_abs":0.0,"wins":0,"draws":0,"losses":0,"trades":0,"profit_factor":0.0},{"date":"16/08/2024","date_ts":1723766400000,"profit_abs":0.0,"wins":0,"draws":0,"losses":0,"trades":0,"profit_factor":0.0},{"date":"17/08/2024","date_ts":1723852800000,"profit_abs":0.0,"wins":0,"draws":0,"losses":0,"trades":0,"profit_factor":0.0},{"date":"18/08/2024","date_ts":1723939200000,"profit_abs":0.0,"wins":0,"draws":0,"losses":0,"trades":0,"profit_factor":0.0},{"date":"19/08/2024","date_ts":1724025600000,"profit_abs":0.0,"wins":0,"draws":0,"losses":0,"trades":0,"profit_factor":0.0},{"date":"20/08/2024","date_ts":1724112000000,"profit_abs":0.0,"wins":0,"draws":0,"losses":0,"trades":0,"profit_factor":0.0},{"date":"21/08/2024","date_ts":1724198400000,"profit_abs":0.0,"wins":0,"draws":0,"losses":0,"trades":0,"profit_factor":0.0},{"date":"22/08/2024","date_ts":1724284800000,"profit_abs":0.0,"wins":0,"draws":0,"losses":0,"trades":0,"profit_factor":0.0},{"date":"23/08/2024","date_ts":1724371200000,"profit_abs":0.0,"wins":0,"draws":0,"losses":0,"trades":0,"profit_factor":0.0},{"date":"24/08/2024","date_ts":1724457600000,"profit_abs":0.0,"wins":0,"draws":0,"losses":0,"trades":0,"profit_factor":0.0},{"date":"25/08/2024","date_ts":1724544000000,"profit_abs":0.0,"wins":0,"draws":0,"losses":0,"trades":0,"profit_factor":0.0},{"date":"26/08/2024","date_ts":1724630400000,"profit_abs":0.0,"wins":0,"draws":0,"losses":0,"trades":0,"profit_factor":0.0},{"date":"27/08/2024","date_ts":1724716800000,"profit_abs":-7602.02112596,"wins":0,"draws":0,"losses":1,"trades":1,"profit_factor":0.0}],"week":[{"date":"22/07/2024","date_ts":1721606400000,"profit_abs":67.77554098,"wins":1,"draws":0,"losses":1,"trades":2,"profit_factor":1.60770126},{"date":"29/07/2024","date_ts":1722211200000,"profit_abs":0.0,"wins":0,"draws":0,"losses":0,"trades":0,"profit_factor":0.0},{"date":"05/08/2024","date_ts":1722816000000,"profit_abs":0.0,"wins":0,"draws":0,"losses":0,"trades":0,"profit_factor":0.0},{"date":"12/08/2024","date_ts":1723420800000,"profit_abs":0.0,"wins":0,"draws":0,"losses":0,"trades":0,"profit_factor":0.0},{"date":"19/08/2024","date_ts":1724025600000,"profit_abs":0.0,"wins":0,"draws":0,"losses":0,"trades":0,"profit_factor":0.0},{"date":"26/08/2024","date_ts":1724630400000,"profit_abs":0.0,"wins":0,"draws":0,"losses":0,"trades":0,"profit_factor":0.0},{"date":"02/09/2024","date_ts":1725235200000,"profit_abs":-7602.02112596,"wins":0,"draws":0,"losses":1,"trades":1,"profit_factor":0.0}],"month":[{"date":"31/07/2024","date_ts":1722384000000,"profit_abs":67.77554098,"wins":1,"draws":0,"losses":1,"trades":2,"profit_factor":1.60770126},{"date":"31/08/2024","date_ts":1725062400000,"profit_abs":-7602.02112596,"wins":0,"draws":0,"losses":1,"trades":1,"profit_factor":0.0}],"year":[{"date":"31/12/2024","date_ts":1735603200000,"profit_abs":-7534.24558498,"wins":1,"draws":0,"losses":2,"trades":3,"profit_factor":0.02324524}]},"backtest_best_day":0.005001046653516842,"backtest_worst_day":-0.24194178529351645,"backtest_best_day_abs":179.30326848,"backtest_worst_day_abs":-7602.02112596,"winning_days":1,"draw_days":37,"losing_days":2,"daily_profit":[["2024-07-19",-111.5277275],["2024-07-20",0.0],["2024-07-21",179.30326848],["2024-07-22",0.0],["2024-07-23",0.0],["2024-07-24",0.0],["2024-07-25",0.0],["2024-07-26",0.0],["2024-07-27",0.0],["2024-07-28",0.0],["2024-07-29",0.0],["2024-07-30",0.0],["2024-07-31",0.0],["2024-08-01",0.0],["2024-08-02",0.0],["2024-08-03",0.0],["2024-08-04",0.0],["2024-08-05",0.0],["2024-08-06",0.0],["2024-08-07",0.0],["2024-08-08",0.0],["2024-08-09",0.0],["2024-08-10",0.0],["2024-08-11",0.0],["2024-08-12",0.0],["2024-08-13",0.0],["2024-08-14",0.0],["2024-08-15",0.0],["2024-08-16",0.0],["2024-08-17",0.0],["2024-08-18",0.0],["2024-08-19",0.0],["2024-08-20",0.0],["2024-08-21",0.0],["2024-08-22",0.0],["2024-08-23",0.0],["2024-08-24",0.0],["2024-08-25",0.0],["2024-08-26",0.0],["2024-08-27",-7602.02112596]],"wins":1,"losses":2,"draws":0,"winrate":0.3333333333333333,"holding_avg":"18 days, 22:45:00","holding_avg_s":1637100.0,"winner_holding_min":"2d 02:45","winner_holding_min_s":182700.0,"winner_holding_max":"2d 02:45","winner_holding_max_s":182700.0,"winner_holding_avg":"2d 02:45","winner_holding_avg_s":182700.0,"loser_holding_min":"18d 17:00","loser_holding_min_s":1616400.0,"loser_holding_max":"36d 00:30","loser_holding_max_s":3112200.0,"loser_holding_avg":"27d 08:45","loser_holding_avg_s":2364300.0,"max_consecutive_wins":1,"max_consecutive_losses":1,"max_drawdown_account":0.07596872304657962,"max_relative_drawdown":0.07596872304657962,"max_drawdown_abs":7602.02112596,"drawdown_start":"2024-07-21 22:00:00","drawdown_start_ts":1721599200000.0,"drawdown_end":"2024-08-27 00:00:00","drawdown_end_ts":1724716800000.0,"max_drawdown_low":-7534.24558498,"max_drawdown_high":67.77554098000002,"csum_min":92465.75441502,"csum_max":100067.77554098}},"strategy_comparison":[{"key":"VATSMStrategy","trades":3,"profit_mean":-0.08035517595673485,"profit_mean_pct":-8.04,"profit_total_abs":-7534.24558498,"profit_total":-0.0753424558498,"profit_total_pct":-7.53,"duration_avg":"18 days, 22:45:00","wins":1,"draws":0,"losses":2,"winrate":0.3333333333333333,"cagr":-0.3944381516321529,"expectancy":-2511.4151949933334,"expectancy_ratio":-0.6511698422359274,"sortino":-0.6742654691282111,"sharpe":-0.7011658308675186,"calmar":-33.24118691726381,"sqn":-0.9861,"profit_factor":0.023245236646108943,"max_drawdown_account":0.07596872304657962,"max_drawdown_abs":"7602.021"}]}