{"strategy":{"VATSMStrategy":{"trades":[{"pair":"ETH/USDT","stake_amount":27011.395,"max_stake_amount":27011.395,"amount":7.675,"open_date":"2024-07-01 02:00:00+00:00","close_date":"2024-07-03 02:30:00+00:00","open_rate":3519.4,"close_rate":3391.75,"fee_open":0.001,"fee_close":0.001,"trade_duration":2910,"profit_ratio":-0.03819592069009583,"profit_abs":-1032.75682625,"exit_reason":"exit_signal","initial_stop_loss_abs":1759.7,"initial_stop_loss_ratio":-0.5,"stop_loss_abs":1762.47,"stop_loss_ratio":-0.5,"min_rate":3371.7,"max_rate":3524.94,"is_open":false,"enter_tag":"","leverage":1.0,"is_short":false,"open_timestamp":1719799200000,"close_timestamp":1719973800000,"orders":[{"amount":7.675,"safe_price":3519.4,"ft_order_side":"buy","order_filled_timestamp":1719799200000,"ft_is_entry":true,"ft_order_tag":"","cost":27038.406394999998},{"amount":7.675,"safe_price":3391.75,"ft_order_side":"sell","order_filled_timestamp":1719973800000,"ft_is_entry":false,"ft_order_tag":"exit_signal","cost":26057.712931249996}],"funding_fees":0.0},{"pair":"ETH/USDT","stake_amount":34856.613,"max_stake_amount":34856.613,"amount":11.175,"open_date":"2024-07-12 14:00:00+00:00","close_date":"2024-07-12 17:15:00+00:00","open_rate":3119.16,"close_rate":3140.86,"fee_open":0.001,"fee_close":0.001,"trade_duration":195,"profit_ratio":0.004945099143537184,"profit_abs":172.5417765,"exit_reason":"trailing_stop_loss","initial_stop_loss_abs":1559.58,"initial_stop_loss_ratio":-0.5,"stop_loss_abs":3140.86,"stop_loss_ratio":-0.00539399,"min_rate":3110.3,"max_rate":3157.89,"is_open":false,"enter_tag":"","leverage":1.0,"is_short":false,"open_timestamp":1720792800000,"close_timestamp":1720804500000,"orders":[{"amount":11.175,"safe_price":3119.16,"ft_order_side":"buy","order_filled_timestamp":1720792800000,"ft_is_entry":true,"ft_order_tag":"","cost":34891.469612999994},{"amount":11.175,"safe_price":3140.86,"ft_order_side":"sell","order_filled_timestamp":1720804500000,"ft_is_entry":false,"ft_order_tag":"trailing_stop_loss","cost":35134.2096105}],"funding_fees":0.0},{"pair":"ETH/USDT","stake_amount":38513.226921,"max_stake_amount":38513.226921,"amount":12.2291,"open_date":"2024-07-12 17:30:00+00:00","close_date":"2024-07-13 22:30:00+00:00","open_rate":3149.31,"close_rate":3171.23,"fee_open":0.001,"fee_close":0.001,"trade_duration":1740,"profit_ratio":0.0049483461851017796,"profit_abs":190.76735629,"exit_reason":"trailing_stop_loss","initial_stop_loss_abs":1574.66,"initial_stop_loss_ratio":-0.5,"stop_loss_abs":3171.23,"stop_loss_ratio":-0.0051359199999999995,"min_rate":3090.0,"max_rate":3187.6,"is_open":false,"enter_tag":"","leverage":1.0,"is_short":false,"open_timestamp":1720805400000,"close_timestamp":1720909800000,"orders":[{"amount":12.2291,"safe_price":3149.31,"ft_order_side":"buy","order_filled_timestamp":1720805400000,"ft_is_entry":true,"ft_order_tag":"","cost":38551.740147920995},{"amount":12.2291,"safe_price":3171.23,"ft_order_side":"sell","order_filled_timestamp":1720909800000,"ft_is_entry":false,"ft_order_tag":"trailing_stop_loss","cost":38820.070081793}],"funding_fees":0.0},{"pair":"ETH/USDT","stake_amount":37163.946015,"max_stake_amount":37163.946015,"amount":11.6991,"open_date":"2024-07-14 01:15:00+00:00","close_date":"2024-07-14 08:15:00+00:00","open_rate":3176.65,"close_rate":3198.75,"fee_open":0.001,"fee_close":0.001,"trade_duration":420,"profit_ratio":0.004945112338120696,"profit_abs":183.96366786,"exit_reason":"trailing_stop_loss","initial_stop_loss_abs":1588.33,"initial_stop_loss_ratio":-0.5,"stop_loss_abs":3198.75,"stop_loss_ratio":-0.0053330899999999995,"min_rate":3163.67,"max_rate":3215.9,"is_open":false,"enter_tag":"","leverage":1.0,"is_short":false,"open_timestamp":1720919700000,"close_timestamp":1720944900000,"orders":[{"amount":11.6991,"safe_price":3176.65,"ft_order_side":"buy","order_filled_timestamp":1720919700000,"ft_is_entry":true,"ft_order_tag":"","cost":37201.109961015},{"amount":11.6991,"safe_price":3198.75,"ft_order_side":"sell","order_filled_timestamp":1720944900000,"ft_is_entry":false,"ft_order_tag":"trailing_stop_loss","cost":37459.91862112499}],"funding_fees":0.0},{"pair":"ETH/USDT","stake_amount":49748.976624,"max_stake_amount":49748.976624,"amount":15.4824,"open_date":"2024-07-14 08:30:00+00:00","close_date":"2024-07-14 23:45:00+00:00","open_rate":3213.26,"close_rate":3252.38,"fee_open":0.001,"fee_close":0.001,"trade_duration":915,"profit_ratio":0.010152224924680904,"profit_abs":505.56786326,"exit_reason":"trailing_stop_loss","initial_stop_loss_abs":1606.63,"initial_stop_loss_ratio":-0.5,"stop_loss_abs":3252.38,"stop_loss_ratio":-0.005,"min_rate":3173.68,"max_rate":3268.72,"is_open":false,"enter_tag":"","leverage":1.0,"is_short":false,"open_timestamp":1720945800000,"close_timestamp":1721000700000,"orders":[{"amount":15.4824,"safe_price":3213.26,"ft_order_side":"buy","order_filled_timestamp":1720945800000,"ft_is_entry":true,"ft_order_tag":"","cost":49798.725600624},{"amount":15.4824,"safe_price":3252.38,"ft_order_side":"sell","order_filled_timestamp":1721000700000,"ft_is_entry":false,"ft_order_tag":"trailing_stop_loss","cost":50405.002760111995}],"funding_fees":0.0},{"pair":"ETH/USDT","stake_amount":44078.25352,"max_stake_amount":44078.25352,"amount":13.5826,"open_date":"2024-07-15 00:00:00+00:00","close_date":"2024-07-15 00:45:00+00:00","open_rate":3245.2,"close_rate":3267.74,"fee_open":0.001,"fee_close":0.001,"trade_duration":45,"profit_ratio":0.004933763389419189,"profit_abs":217.68914516,"exit_reason":"trailing_stop_loss","initial_stop_loss_abs":1622.6,"initial_stop_loss_ratio":-0.5,"stop_loss_abs":3267.74,"stop_loss_ratio":-0.00604134,"min_rate":3233.22,"max_rate":3287.6,"is_open":false,"enter_tag":"","leverage":1.0,"is_short":false,"open_timestamp":1721001600000,"close_timestamp":1721004300000,"orders":[{"amount":13.5826,"safe_price":3245.2,"ft_order_side":"buy","order_filled_timestamp":1721001600000,"ft_is_entry":true,"ft_order_tag":"","cost":44122.331773519996},{"amount":13.5826,"safe_price":3267.74,"ft_order_side":"sell","order_filled_timestamp":1721004300000,"ft_is_entry":false,"ft_order_tag":"trailing_stop_loss","cost":44428.78972932399}],"funding_fees":0.0},{"pair":"ETH/USDT","stake_amount":36027.850048,"max_stake_amount":36027.850048,"amount":10.9904,"open_date":"2024-07-15 01:00:00+00:00","close_date":"2024-07-15 02:30:00+00:00","open_rate":3278.12,"close_rate":3321.51,"fee_open":0.001,"fee_close":0.001,"trade_duration":90,"profit_ratio":0.011211797122679517,"profit_abs":404.34088245,"exit_reason":"trailing_stop_loss","initial_stop_loss_abs":1639.06,"initial_stop_loss_ratio":-0.5,"stop_loss_abs":3321.51,"stop_loss_ratio":-0.005,"min_rate":3268.01,"max_rate":3338.2,"is_open":false,"enter_tag":"","leverage":1.0,"is_short":false,"open_timestamp":1721005200000,"close_timestamp":1721010600000,"orders":[{"amount":10.9904,"safe_price":3278.12,"ft_order_side":"buy","order_filled_timestamp":1721005200000,"ft_is_entry":true,"ft_order_tag":"","cost":36063.87789804799},{"amount":10.9904,"safe_price":3321.51,"ft_order_side":"sell","order_filled_timestamp":1721010600000,"ft_is_entry":false,"ft_order_tag":"trailing_stop_loss","cost":36541.228227504}],"funding_fees":0.0},{"pair":"ETH/USDT","stake_amount":33151.168458,"max_stake_amount":33151.168458,"amount":9.9846,"open_date":"2024-07-15 02:45:00+00:00","close_date":"2024-07-15 07:00:00+00:00","open_rate":3320.23,"close_rate":3343.36,"fee_open":0.001,"fee_close":0.001,"trade_duration":255,"profit_ratio":0.004954464010131906,"profit_abs":164.41051729,"exit_reason":"trailing_stop_loss","initial_stop_loss_abs":1660.12,"initial_stop_loss_ratio":-0.5,"stop_loss_abs":3343.36,"stop_loss_ratio":-0.0047728,"min_rate":3316.99,"max_rate":3363.96,"is_open":false,"enter_tag":"","leverage":1.0,"is_short":false,"open_timestamp":1721011500000,"close_timestamp":1721026800000,"orders":[{"amount":9.9846,"safe_price":3320.23,"ft_order_side":"buy","order_filled_timestamp":1721011500000,"ft_is_entry":true,"ft_order_tag":"","cost":33184.319626458},{"amount":9.9846,"safe_price":3343.36,"ft_order_side":"sell","order_filled_timestamp":1721026800000,"ft_is_entry":false,"ft_order_tag":"trailing_stop_loss","cost":33415.494368256}],"funding_fees":0.0},{"pair":"ETH/USDT","stake_amount":46038.238103,"max_stake_amount":46038.238103,"amount":13.7269,"open_date":"2024-07-15 07:15:00+00:00","close_date":"2024-07-15 15:00:00+00:00","open_rate":3353.87,"close_rate":3377.23,"fee_open":0.001,"fee_close":0.001,"trade_duration":465,"profit_ratio":0.0049531698343369636,"profit_abs":228.26324741,"exit_reason":"trailing_stop_loss","initial_stop_loss_abs":1676.94,"initial_stop_loss_ratio":-0.5,"stop_loss_abs":3377.23,"stop_loss_ratio":-0.0048511299999999995,"min_rate":3328.0,"max_rate":3393.69,"is_open":false,"enter_tag":"","leverage":1.0,"is_short":false,"open_timestamp":1721027700000,"close_timestamp":1721055600000,"orders":[{"amount":13.7269,"safe_price":3353.87,"ft_order_side":"buy","order_filled_timestamp":1721027700000,"ft_is_entry":true,"ft_order_tag":"","cost":46084.276341102996},{"amount":13.7269,"safe_price":3377.23,"ft_order_side":"sell","order_filled_timestamp":1721055600000,"ft_is_entry":false,"ft_order_tag":"trailing_stop_loss","cost":46405.25738548699}],"funding_fees":0.0},{"pair":"ETH/USDT","stake_amount":54351.19689,"max_stake_amount":54351.19689,"amount":16.1405,"open_date":"2024-07-15 15:15:00+00:00","close_date":"2024-07-15 16:45:00+00:00","open_rate":3367.38,"close_rate":3390.87,"fee_open":0.001,"fee_close":0.001,"trade_duration":90,"profit_ratio":0.004963810132905831,"profit_abs":270.05881088,"exit_reason":"trailing_stop_loss","initial_stop_loss_abs":1683.69,"initial_stop_loss_ratio":-0.5,"stop_loss_abs":3390.87,"stop_loss_ratio":-0.004050799999999999,"min_rate":3358.21,"max_rate":3404.66,"is_open":false,"enter_tag":"","leverage":1.0,"is_short":false,"open_timestamp":1721056500000,"close_timestamp":1721061900000,"orders":[{"amount":16.1405,"safe_price":3367.38,"ft_order_side":"buy","order_filled_timestamp":1721056500000,"ft_is_entry":true,"ft_order_tag":"","cost":54405.54808688999},{"amount":16.1405,"safe_price":3390.87,"ft_order_side":"sell","order_filled_timestamp":1721061900000,"ft_is_entry":false,"ft_order_tag":"trailing_stop_loss","cost":54785.06757223499}],"funding_fees":0.0},{"pair":"ETH/USDT","stake_amount":52808.434198,"max_stake_amount":52808.434198,"amount":15.5818,"open_date":"2024-07-15 17:00:00+00:00","close_date":"2024-07-15 19:15:00+00:00","open_rate":3389.11,"close_rate":3412.68,"fee_open":0.001,"fee_close":0.001,"trade_duration":135,"profit_ratio":0.004942730847209671,"profit_abs":261.27889458,"exit_reason":"trailing_stop_loss","initial_stop_loss_abs":1694.56,"initial_stop_loss_ratio":-0.5,"stop_loss_abs":3412.68,"stop_loss_ratio":-0.00560839,"min_rate":3375.11,"max_rate":3431.92,"is_open":false,"enter_tag":"","leverage":1.0,"is_short":false,"open_timestamp":1721062800000,"close_timestamp":1721070900000,"orders":[{"amount":15.5818,"safe_price":3389.11,"ft_order_side":"buy","order_filled_timestamp":1721062800000,"ft_is_entry":true,"ft_order_tag":"","cost":52861.242632197995},{"amount":15.5818,"safe_price":3412.68,"ft_order_side":"sell","order_filled_timestamp":1721070900000,"ft_is_entry":false,"ft_order_tag":"trailing_stop_loss","cost":53228.87292122399}],"funding_fees":0.0},{"pair":"ETH/USDT","stake_amount":56120.245392,"max_stake_amount":56120.245392,"amount":16.5608,"open_date":"2024-07-15 19:30:00+00:00","close_date":"2024-07-15 22:00:00+00:00","open_rate":3388.74,"close_rate":3438.69,"fee_open":0.001,"fee_close":0.001,"trade_duration":150,"profit_ratio":0.0127125393242715,"profit_abs":714.14425726,"exit_reason":"trailing_stop_loss","initial_stop_loss_abs":1694.37,"initial_stop_loss_ratio":-0.5,"stop_loss_abs":3438.69,"stop_loss_ratio":-0.005,"min_rate":3379.0,"max_rate":3455.96,"is_open":false,"enter_tag":"","leverage":1.0,"is_short":false,"open_timestamp":1721071800000,"close_timestamp":1721080800000,"orders":[{"amount":16.5608,"safe_price":3388.74,"ft_order_side":"buy","order_filled_timestamp":1721071800000,"ft_is_entry":true,"ft_order_tag":"","cost":56176.36563739199},{"amount":16.5608,"safe_price":3438.69,"ft_order_side":"sell","order_filled_timestamp":1721080800000,"ft_is_entry":false,"ft_order_tag":"trailing_stop_loss","cost":57004.404809351996}],"funding_fees":0.0},{"pair":"ETH/USDT","stake_amount":33869.036677,"max_stake_amount":33869.036677,"amount":9.8081,"open_date":"2024-07-15 22:15:00+00:00","close_date":"2024-07-15 22:30:00+00:00","open_rate":3453.17,"close_rate":3477.23,"fee_open":0.001,"fee_close":0.001,"trade_duration":15,"profit_ratio":0.004955587912696888,"profit_abs":168.00882976,"exit_reason":"trailing_stop_loss","initial_stop_loss_abs":1726.59,"initial_stop_loss_ratio":-0.5,"stop_loss_abs":3477.23,"stop_loss_ratio":-0.00469536,"min_rate":3442.2,"max_rate":3493.63,"is_open":false,"enter_tag":"","leverage":1.0,"is_short":false,"open_timestamp":1721081700000,"close_timestamp":1721082600000,"orders":[{"amount":9.8081,"safe_price":3453.17,"ft_order_side":"buy","order_filled_timestamp":1721081700000,"ft_is_entry":true,"ft_order_tag":"","cost":33902.90571367699},{"amount":9.8081,"safe_price":3477.23,"ft_order_side":"sell","order_filled_timestamp":1721082600000,"ft_is_entry":false,"ft_order_tag":"trailing_stop_loss","cost":34139.124582562996}],"funding_fees":0.0},{"pair":"ETH/USDT","stake_amount":29152.763936,"max_stake_amount":29152.763936,"amount":8.3704,"open_date":"2024-07-15 22:45:00+00:00","close_date":"2024-07-16 07:45:00+00:00","open_rate":3482.84,"close_rate":3382.03,"fee_open":0.001,"fee_close":0.001,"trade_duration":540,"profit_ratio":-0.030884939502687864,"profit_abs":-901.28173185,"exit_reason":"exit_signal","initial_stop_loss_abs":1741.42,"initial_stop_loss_ratio":-0.5,"stop_loss_abs":1749.3,"stop_loss_ratio":-0.5,"min_rate":3372.2,"max_rate":3498.59,"is_open":false,"enter_tag":"","leverage":1.0,"is_short":false,"open_timestamp":1721083500000,"close_timestamp":1721115900000,"orders":[{"amount":8.3704,"safe_price":3482.84,"ft_order_side":"buy","order_filled_timestamp":1721083500000,"ft_is_entry":true,"ft_order_tag":"","cost":29181.916699936},{"amount":8.3704,"safe_price":3382.03,"ft_order_side":"sell","order_filled_timestamp":1721115900000,"ft_is_entry":false,"ft_order_tag":"exit_signal","cost":28337.252855912}],"funding_fees":0.0},{"pair":"ETH/USDT","stake_amount":32048.935534,"max_stake_amount":32048.935534,"amount":9.2246,"open_date":"2024-07-16 16:15:00+00:00","close_date":"2024-07-17 01:15:00+00:00","open_rate":3474.29,"close_rate":3498.47,"fee_open":0.001,"fee_close":0.001,"trade_duration":540,"profit_ratio":0.004947787878852012,"profit_abs":158.7299061,"exit_reason":"trailing_stop_loss","initial_stop_loss_abs":1737.15,"initial_stop_loss_ratio":-0.5,"stop_loss_abs":3498.47,"stop_loss_ratio":-0.005270599999999999,"min_rate":3414.31,"max_rate":3517.0,"is_open":false,"enter_tag":"","leverage":1.0,"is_short":false,"open_timestamp":1721146500000,"close_timestamp":1721178900000,"orders":[{"amount":9.2246,"safe_price":3474.29,"ft_order_side":"buy","order_filled_timestamp":1721146500000,"ft_is_entry":true,"ft_order_tag":"","cost":32080.984469533996},{"amount":9.2246,"safe_price":3498.47,"ft_order_side":"sell","order_filled_timestamp":1721178900000,"ft_is_entry":false,"ft_order_tag":"trailing_stop_loss","cost":32304.258348361996}],"funding_fees":0.0},{"pair":"ETH/USDT","stake_amount":35090.314941,"max_stake_amount":35090.314941,"amount":10.0419,"open_date":"2024-07-17 01:30:00+00:00","close_date":"2024-07-17 16:30:00+00:00","open_rate":3494.39,"close_rate":3403.9,"fee_open":0.001,"fee_close":0.001,"trade_duration":900,"profit_ratio":-0.02784205512289685,"profit_abs":-977.96346935,"exit_reason":"exit_signal","initial_stop_loss_abs":1747.2,"initial_stop_loss_ratio":-0.5,"stop_loss_abs":1757.27,"stop_loss_ratio":-0.5,"min_rate":3376.0,"max_rate":3514.54,"is_open":false,"enter_tag":"","leverage":1.0,"is_short":false,"open_timestamp":1721179800000,"close_timestamp":1721233800000,"orders":[{"amount":10.0419,"safe_price":3494.39,"ft_order_side":"buy","order_filled_timestamp":1721179800000,"ft_is_entry":true,"ft_order_tag":"","cost":35125.40525594099},{"amount":10.0419,"safe_price":3403.9,"ft_order_side":"sell","order_filled_timestamp":1721233800000,"ft_is_entry":false,"ft_order_tag":"exit_signal","cost":34215.80503341}],"funding_fees":0.0},{"pair":"ETH/USDT","stake_amount":59086.11656,"max_stake_amount":59086.11656,"amount":17.174,"open_date":"2024-07-18 07:45:00+00:00","close_date":"2024-07-18 13:30:00+00:00","open_rate":3440.44,"close_rate":3464.49,"fee_open":0.001,"fee_close":0.001,"trade_duration":345,"profit_ratio":0.004978416149661688,"profit_abs":294.44943218,"exit_reason":"trailing_stop_loss","initial_stop_loss_abs":1720.22,"initial_stop_loss_ratio":-0.5,"stop_loss_abs":3464.49,"stop_loss_ratio":-0.00302715,"min_rate":3431.34,"max_rate":3489.98,"is_open":false,"enter_tag":"","leverage":1.0,"is_short":false,"open_timestamp":1721288700000,"close_timestamp":1721309400000,"orders":[{"amount":17.174,"safe_price":3440.44,"ft_order_side":"buy","order_filled_timestamp":1721288700000,"ft_is_entry":true,"ft_order_tag":"","cost":59145.202676559995},{"amount":17.174,"safe_price":3464.49,"ft_order_side":"sell","order_filled_timestamp":1721309400000,"ft_is_entry":false,"ft_order_tag":"trailing_stop_loss","cost":59558.65041125999}],"funding_fees":0.0},{"pair":"ETH/USDT","stake_amount":47023.072764,"max_stake_amount":47023.072764,"amount":13.5724,"open_date":"2024-07-18 13:45:00+00:00","close_date":"2024-07-19 16:45:00+00:00","open_rate":3464.61,"close_rate":3488.82,"fee_open":0.001,"fee_close":0.001,"trade_duration":1620,"profit_ratio":0.004975835857276254,"profit_abs":234.21307067,"exit_reason":"trailing_stop_loss","initial_stop_loss_abs":1732.31,"initial_stop_loss_ratio":-0.5,"stop_loss_abs":3488.82,"stop_loss_ratio":-0.0031963,"min_rate":3367.2,"max_rate":3500.0,"is_open":false,"enter_tag":"","leverage":1.0,"is_short":false,"open_timestamp":1721310300000,"close_timestamp":1721407500000,"orders":[{"amount":13.5724,"safe_price":3464.61,"ft_order_side":"buy","order_filled_timestamp":1721310300000,"ft_is_entry":true,"ft_order_tag":"","cost":47070.095836764},{"amount":13.5724,"safe_price":3488.82,"ft_order_side":"sell","order_filled_timestamp":1721407500000,"ft_is_entry":false,"ft_order_tag":"trailing_stop_loss","cost":47399.012228568}],"funding_fees":0.0},{"pair":"ETH/USDT","stake_amount":35857.539304,"max_stake_amount":35857.539304,"amount":10.2716,"open_date":"2024-07-19 17:00:00+00:00","close_date":"2024-07-19 19:00:00+00:00","open_rate":3490.94,"close_rate":3515.32,"fee_open":0.001,"fee_close":0.001,"trade_duration":120,"profit_ratio":0.004971836701860984,"profit_abs":178.45610778,"exit_reason":"trailing_stop_loss","initial_stop_loss_abs":1745.47,"initial_stop_loss_ratio":-0.5,"stop_loss_abs":3515.32,"stop_loss_ratio":-0.0035939799999999992,"min_rate":3484.21,"max_rate":3527.99,"is_open":false,"enter_tag":"","leverage":1.0,"is_short":false,"open_timestamp":1721408400000,"close_timestamp":1721415600000,"orders":[{"amount":10.2716,"safe_price":3490.94,"ft_order_side":"buy","order_filled_timestamp":1721408400000,"ft_is_entry":true,"ft_order_tag":"","cost":35893.39684330399},{"amount":10.2716,"safe_price":3515.32,"ft_order_side":"sell","order_filled_timestamp":1721415600000,"ft_is_entry":false,"ft_order_tag":"trailing_stop_loss","cost":36144.068872912}],"funding_fees":0.0},{"pair":"ETH/USDT","stake_amount":36372.0462,"max_stake_amount":36372.0462,"amount":10.3271,"open_date":"2024-07-19 19:15:00+00:00","close_date":"2024-07-21 18:15:00+00:00","open_rate":3522.0,"close_rate":3434.4,"fee_open":0.001,"fee_close":0.001,"trade_duration":2820,"profit_ratio":-0.026820538915939253,"profit_abs":-976.49339844,"exit_reason":"exit_signal","initial_stop_loss_abs":1761.0,"initial_stop_loss_ratio":-0.5,"stop_loss_abs":1770.14,"stop_loss_ratio":-0.5,"min_rate":3411.4,"max_rate":3540.27,"is_open":false,"enter_tag":"","leverage":1.0,"is_short":false,"open_timestamp":1721416500000,"close_timestamp":1721585700000,"orders":[{"amount":10.3271,"safe_price":3522.0,"ft_order_side":"buy","order_filled_timestamp":1721416500000,"ft_is_entry":true,"ft_order_tag":"","cost":36408.418246199995},{"amount":10.3271,"safe_price":3434.4,"ft_order_side":"sell","order_filled_timestamp":1721585700000,"ft_is_entry":false,"ft_order_tag":"exit_signal","cost":35502.85963224}],"funding_fees":0.0},{"pair":"ETH/USDT","stake_amount":31511.933328,"max_stake_amount":31511.933328,"amount":8.9296,"open_date":"2024-07-21 23:30:00+00:00","close_date":"2024-07-23 17:00:00+00:00","open_rate":3528.93,"close_rate":3403.49,"fee_open":0.001,"fee_close":0.001,"trade_duration":2490,"profit_ratio":-0.03747316603615149,"profit_abs":-1182.03276163,"exit_reason":"exit_signal","initial_stop_loss_abs":1764.47,"initial_stop_loss_ratio":-0.5,"stop_loss_abs":1781.41,"stop_loss_ratio":-0.5,"min_rate":3389.0,"max_rate":3562.82,"is_open":false,"enter_tag":"","leverage":1.0,"is_short":false,"open_timestamp":1721604600000,"close_timestamp":1721754000000,"orders":[{"amount":8.9296,"safe_price":3528.93,"ft_order_side":"buy","order_filled_timestamp":1721604600000,"ft_is_entry":true,"ft_order_tag":"","cost":31543.445261327997},{"amount":8.9296,"safe_price":3403.49,"ft_order_side":"sell","order_filled_timestamp":1721754000000,"ft_is_entry":false,"ft_order_tag":"exit_signal","cost":30422.196108303997}],"funding_fees":0.0},{"pair":"ETH/USDT","stake_amount":60950.88405,"max_stake_amount":60950.88405,"amount":17.577,"open_date":"2024-07-24 10:45:00+00:00","close_date":"2024-07-24 15:30:00+00:00","open_rate":3467.65,"close_rate":3420.2,"fee_open":0.001,"fee_close":0.001,"trade_duration":285,"profit_ratio":-0.015654280689679303,"profit_abs":-955.09638945,"exit_reason":"exit_signal","initial_stop_loss_abs":1733.83,"initial_stop_loss_ratio":-0.5,"stop_loss_abs":1736.17,"stop_loss_ratio":-0.5,"min_rate":3409.01,"max_rate":3472.33,"is_open":false,"enter_tag":"","leverage":1.0,"is_short":false,"open_timestamp":1721817900000,"close_timestamp":1721835000000,"orders":[{"amount":17.577,"safe_price":3467.65,"ft_order_side":"buy","order_filled_timestamp":1721817900000,"ft_is_entry":true,"ft_order_tag":"","cost":61011.83493405},{"amount":17.577,"safe_price":3420.2,"ft_order_side":"sell","order_filled_timestamp":1721835000000,"ft_is_entry":false,"ft_order_tag":"exit_signal","cost":60176.972255399996}],"funding_fees":0.0},{"pair":"ETH/USDT","stake_amount":25176.583908,"max_stake_amount":25176.583908,"amount":7.8834,"open_date":"2024-08-01 22:15:00+00:00","close_date":"2024-08-02 05:45:00+00:00","open_rate":3193.62,"close_rate":3152.65,"fee_open":0.001,"fee_close":0.001,"trade_duration":450,"profit_ratio":-0.014801072450465127,"profit_abs":-373.01308292,"exit_reason":"exit_signal","initial_stop_loss_abs":1596.81,"initial_stop_loss_ratio":-0.5,"stop_loss_abs":1609.67,"stop_loss_ratio":-0.5,"min_rate":3136.41,"max_rate":3219.34,"is_open":false,"enter_tag":"","leverage":1.0,"is_short":false,"open_timestamp":1722550500000,"close_timestamp":1722577500000,"orders":[{"amount":7.8834,"safe_price":3193.62,"ft_order_side":"buy","order_filled_timestamp":1722550500000,"ft_is_entry":true,"ft_order_tag":"","cost":25201.760491907997},{"amount":7.8834,"safe_price":3152.65,"ft_order_side":"sell","order_filled_timestamp":1722577500000,"ft_is_entry":false,"ft_order_tag":"exit_signal","cost":24878.45461101}],"funding_fees":0.0},{"pair":"ETH/USDT","stake_amount":21167.779584,"max_stake_amount":21167.779584,"amount":7.9232,"open_date":"2024-08-12 12:15:00+00:00","close_date":"2024-08-12 12:30:00+00:00","open_rate":2671.62,"close_rate":2690.28,"fee_open":0.001,"fee_close":0.001,"trade_duration":15,"profit_ratio":0.004972569147114928,"profit_abs":105.36350592,"exit_reason":"trailing_stop_loss","initial_stop_loss_abs":1335.81,"initial_stop_loss_ratio":-0.5,"stop_loss_abs":2690.28,"stop_loss_ratio":-0.0033084300000000002,"min_rate":2665.45,"max_rate":2699.21,"is_open":false,"enter_tag":"","leverage":1.0,"is_short":false,"open_timestamp":1723464900000,"close_timestamp":1723465800000,"orders":[{"amount":7.9232,"safe_price":2671.62,"ft_order_side":"buy","order_filled_timestamp":1723464900000,"ft_is_entry":true,"ft_order_tag":"","cost":21188.947363583993},{"amount":7.9232,"safe_price":2690.28,"ft_order_side":"sell","order_filled_timestamp":1723465800000,"ft_is_entry":false,"ft_order_tag":"trailing_stop_loss","cost":21336.942122496}],"funding_fees":0.0},{"pair":"ETH/USDT","stake_amount":20091.533152,"max_stake_amount":20091.533152,"amount":7.5232,"open_date":"2024-08-12 12:45:00+00:00","close_date":"2024-08-12 13:30:00+00:00","open_rate":2670.61,"close_rate":2689.19,"fee_open":0.001,"fee_close":0.001,"trade_duration":45,"profit_ratio":0.004945309501197481,"profit_abs":99.45820864,"exit_reason":"trailing_stop_loss","initial_stop_loss_abs":1335.31,"initial_stop_loss_ratio":-0.5,"stop_loss_abs":2689.19,"stop_loss_ratio":-0.005479779999999999,"min_rate":2651.04,"max_rate":2704.0,"is_open":false,"enter_tag":"","leverage":1.0,"is_short":false,"open_timestamp":1723466700000,"close_timestamp":1723469400000,"orders":[{"amount":7.5232,"safe_price":2670.61,"ft_order_side":"buy","order_filled_timestamp":1723466700000,"ft_is_entry":true,"ft_order_tag":"","cost":20111.624685151997},{"amount":7.5232,"safe_price":2689.19,"ft_order_side":"sell","order_filled_timestamp":1723469400000,"ft_is_entry":false,"ft_order_tag":"trailing_stop_loss","cost":20251.545522207998}],"funding_fees":0.0},{"pair":"ETH/USDT","stake_amount":21184.12191,"max_stake_amount":21184.12191,"amount":7.7817,"open_date":"2024-08-13 00:00:00+00:00","close_date":"2024-08-13 04:15:00+00:00","open_rate":2722.3,"close_rate":2644.01,"fee_open":0.001,"fee_close":0.001,"trade_duration":255,"profit_ratio":-0.03069931207549587,"profit_abs":-650.98830753,"exit_reason":"exit_signal","initial_stop_loss_abs":1361.15,"initial_stop_loss_ratio":-0.5,"stop_loss_abs":1369.2,"stop_loss_ratio":-0.5,"min_rate":2641.46,"max_rate":2738.4,"is_open":false,"enter_tag":"","leverage":1.0,"is_short":false,"open_timestamp":1723507200000,"close_timestamp":1723522500000,"orders":[{"amount":7.7817,"safe_price":2722.3,"ft_order_side":"buy","order_filled_timestamp":1723507200000,"ft_is_entry":true,"ft_order_tag":"","cost":21205.30603191},{"amount":7.7817,"safe_price":2644.01,"ft_order_side":"sell","order_filled_timestamp":1723522500000,"ft_is_entry":false,"ft_order_tag":"exit_signal","cost":20595.467509617}],"funding_fees":0.0},{"pair":"ETH/USDT","stake_amount":30644.71344,"max_stake_amount":30644.71344,"amount":11.5104,"open_date":"2024-08-13 15:00:00+00:00","close_date":"2024-08-13 16:30:00+00:00","open_rate":2662.35,"close_rate":2680.8,"fee_open":0.001,"fee_close":0.001,"trade_duration":90,"profit_ratio":0.004918119797831331,"profit_abs":150.86508624,"exit_reason":"trailing_stop_loss","initial_stop_loss_abs":1331.18,"initial_stop_loss_ratio":-0.5,"stop_loss_abs":2680.8,"stop_loss_ratio":-0.006920460000000001,"min_rate":2643.77,"max_rate":2699.48,"is_open":false,"enter_tag":"","leverage":1.0,"is_short":false,"open_timestamp":1723561200000,"close_timestamp":1723566600000,"orders":[{"amount":11.5104,"safe_price":2662.35,"ft_order_side":"buy","order_filled_timestamp":1723561200000,"ft_is_entry":true,"ft_order_tag":"","cost":30675.358153439996},{"amount":11.5104,"safe_price":2680.8,"ft_order_side":"sell","order_filled_timestamp":1723566600000,"ft_is_entry":false,"ft_order_tag":"trailing_stop_loss","cost":30887.937400320003}],"funding_fees":0.0},{"pair":"ETH/USDT","stake_amount":24621.35293,"max_stake_amount":24621.35293,"amount":9.0658,"open_date":"2024-08-13 17:00:00+00:00","close_date":"2024-08-14 05:00:00+00:00","open_rate":2715.85,"close_rate":2734.82,"fee_open":0.001,"fee_close":0.001,"trade_duration":720,"profit_ratio":0.004972963961700166,"profit_abs":122.56354191,"exit_reason":"trailing_stop_loss","initial_stop_loss_abs":1357.93,"initial_stop_loss_ratio":-0.5,"stop_loss_abs":2734.82,"stop_loss_ratio":-0.0033463700000000004,"min_rate":2675.1,"max_rate":2744.0,"is_open":false,"enter_tag":"","leverage":1.0,"is_short":false,"open_timestamp":1723568400000,"close_timestamp":1723611600000,"orders":[{"amount":9.0658,"safe_price":2715.85,"ft_order_side":"buy","order_filled_timestamp":1723568400000,"ft_is_entry":true,"ft_order_tag":"","cost":24645.974282929994},{"amount":9.0658,"safe_price":2734.82,"ft_order_side":"sell","order_filled_timestamp":1723611600000,"ft_is_entry":false,"ft_order_tag":"trailing_stop_loss","cost":24818.124487155997}],"funding_fees":0.0},{"pair":"ETH/USDT","stake_amount":30571.8954,"max_stake_amount":30571.8954,"amount":11.2026,"open_date":"2024-08-14 05:45:00+00:00","close_date":"2024-08-14 10:30:00+00:00","open_rate":2729.0,"close_rate":2747.97,"fee_open":0.001,"fee_close":0.001,"trade_duration":285,"profit_ratio":0.0049393735616448525,"profit_abs":151.15701788,"exit_reason":"trailing_stop_loss","initial_stop_loss_abs":1364.5,"initial_stop_loss_ratio":-0.5,"stop_loss_abs":2747.97,"stop_loss_ratio":-0.00581987,"min_rate":2715.0,"max_rate":2764.05,"is_open":false,"enter_tag":"","leverage":1.0,"is_short":false,"open_timestamp":1723614300000,"close_timestamp":1723631400000,"orders":[{"amount":11.2026,"safe_price":2729.0,"ft_order_side":"buy","order_filled_timestamp":1723614300000,"ft_is_entry":true,"ft_order_tag":"","cost":30602.467295399998},{"amount":11.2026,"safe_price":2747.97,"ft_order_side":"sell","order_filled_timestamp":1723631400000,"ft_is_entry":false,"ft_order_tag":"trailing_stop_loss","cost":30815.193130721997}],"funding_fees":0.0},{"pair":"ETH/USDT","stake_amount":33276.68834,"max_stake_amount":33276.68834,"amount":12.0545,"open_date":"2024-08-14 10:45:00+00:00","close_date":"2024-08-14 14:00:00+00:00","open_rate":2760.52,"close_rate":2659.19,"fee_open":0.001,"fee_close":0.001,"trade_duration":195,"profit_ratio":-0.038631513965721155,"profit_abs":-1286.81437919,"exit_reason":"exit_signal","initial_stop_loss_abs":1380.26,"initial_stop_loss_ratio":-0.5,"stop_loss_abs":1390.0,"stop_loss_ratio":-0.5,"min_rate":2632.2,"max_rate":2780.0,"is_open":false,"enter_tag":"","leverage":1.0,"is_short":false,"open_timestamp":1723632300000,"close_timestamp":1723644000000,"orders":[{"amount":12.0545,"safe_price":2760.52,"ft_order_side":"buy","order_filled_timestamp":1723632300000,"ft_is_entry":true,"ft_order_tag":"","cost":33309.96502834},{"amount":12.0545,"safe_price":2659.19,"ft_order_side":"sell","order_filled_timestamp":1723644000000,"ft_is_entry":false,"ft_order_tag":"exit_signal","cost":32087.261060855}],"funding_fees":0.0},{"pair":"ETH/USDT","stake_amount":28450.070559,"max_stake_amount":28450.070559,"amount":10.7703,"open_date":"2024-08-15 13:00:00+00:00","close_date":"2024-08-15 13:30:00+00:00","open_rate":2641.53,"close_rate":2659.98,"fee_open":0.001,"fee_close":0.001,"trade_duration":30,"profit_ratio":0.004972631257503382,"profit_abs":141.61318185,"exit_reason":"trailing_stop_loss","initial_stop_loss_abs":1320.77,"initial_stop_loss_ratio":-0.5,"stop_loss_abs":2659.98,"stop_loss_ratio":-0.00330493,"min_rate":2633.33,"max_rate":2668.8,"is_open":false,"enter_tag":"","leverage":1.0,"is_short":false,"open_timestamp":1723726800000,"close_timestamp":1723728600000,"orders":[{"amount":10.7703,"safe_price":2641.53,"ft_order_side":"buy","order_filled_timestamp":1723726800000,"ft_is_entry":true,"ft_order_tag":"","cost":28478.520629559},{"amount":10.7703,"safe_price":2659.98,"ft_order_side":"sell","order_filled_timestamp":1723728600000,"ft_is_entry":false,"ft_order_tag":"trailing_stop_loss","cost":28677.431376594}],"funding_fees":0.0},{"pair":"ETH/USDT","stake_amount":29933.539776,"max_stake_amount":29933.539776,"amount":11.2832,"open_date":"2024-08-15 13:45:00+00:00","close_date":"2024-08-15 18:15:00+00:00","open_rate":2652.93,"close_rate":2558.77,"fee_open":0.001,"fee_close":0.001,"trade_duration":270,"profit_ratio":-0.03741991970102022,"profit_abs":-1121.23076544,"exit_reason":"exit_signal","initial_stop_loss_abs":1326.47,"initial_stop_loss_ratio":-0.5,"stop_loss_abs":1337.8,"stop_loss_ratio":-0.5,"min_rate":2545.21,"max_rate":2675.6,"is_open":false,"enter_tag":"","leverage":1.0,"is_short":false,"open_timestamp":1723729500000,"close_timestamp":1723745700000,"orders":[{"amount":11.2832,"safe_price":2652.93,"ft_order_side":"buy","order_filled_timestamp":1723729500000,"ft_is_entry":true,"ft_order_tag":"","cost":29963.473315776},{"amount":11.2832,"safe_price":2558.77,"ft_order_side":"sell","order_filled_timestamp":1723745700000,"ft_is_entry":false,"ft_order_tag":"exit_signal","cost":28899.984777663998}],"funding_fees":0.0},{"pair":"ETH/USDT","stake_amount":34820.34276,"max_stake_amount":34820.34276,"amount":13.3805,"open_date":"2024-08-16 05:45:00+00:00","close_date":"2024-08-16 07:00:00+00:00","open_rate":2602.32,"close_rate":2620.51,"fee_open":0.001,"fee_close":0.001,"trade_duration":75,"profit_ratio":0.004977948824065633,"profit_abs":173.50721818,"exit_reason":"trailing_stop_loss","initial_stop_loss_abs":1301.16,"initial_stop_loss_ratio":-0.5,"stop_loss_abs":2620.51,"stop_loss_ratio":-0.003168709999999999,"min_rate":2593.59,"max_rate":2628.83,"is_open":false,"enter_tag":"","leverage":1.0,"is_short":false,"open_timestamp":1723787100000,"close_timestamp":1723791600000,"orders":[{"amount":13.3805,"safe_price":2602.32,"ft_order_side":"buy","order_filled_timestamp":1723787100000,"ft_is_entry":true,"ft_order_tag":"","cost":34855.163102759994},{"amount":13.3805,"safe_price":2620.51,"ft_order_side":"sell","order_filled_timestamp":1723791600000,"ft_is_entry":false,"ft_order_tag":"trailing_stop_loss","cost":35098.797789054996}],"funding_fees":0.0},{"pair":"ETH/USDT","stake_amount":34762.607702,"max_stake_amount":34762.607702,"amount":13.2742,"open_date":"2024-08-16 07:15:00+00:00","close_date":"2024-08-16 13:00:00+00:00","open_rate":2618.81,"close_rate":2575.12,"fee_open":0.001,"fee_close":0.001,"trade_duration":345,"profit_ratio":-0.018647819011457855,"profit_abs":-648.89506361,"exit_reason":"exit_signal","initial_stop_loss_abs":1309.41,"initial_stop_loss_ratio":-0.5,"stop_loss_abs":1313.21,"stop_loss_ratio":-0.5,"min_rate":2560.71,"max_rate":2626.41,"is_open":false,"enter_tag":"","leverage":1.0,"is_short":false,"open_timestamp":1723792500000,"close_timestamp":1723813200000,"orders":[{"amount":13.2742,"safe_price":2618.81,"ft_order_side":"buy","order_filled_timestamp":1723792500000,"ft_is_entry":true,"ft_order_tag":"","cost":34797.370309702},{"amount":13.2742,"safe_price":2575.12,"ft_order_side":"sell","order_filled_timestamp":1723813200000,"ft_is_entry":false,"ft_order_tag":"exit_signal","cost":34216.840561904}],"funding_fees":0.0},{"pair":"ETH/USDT","stake_amount":35433.52722,"max_stake_amount":35433.52722,"amount":13.2894,"open_date":"2024-08-18 14:30:00+00:00","close_date":"2024-08-19 10:00:00+00:00","open_rate":2666.3,"close_rate":2579.91,"fee_open":0.001,"fee_close":0.001,"trade_duration":1170,"profit_ratio":-0.03433397042131967,"profit_abs":-1217.79024917,"exit_reason":"exit_signal","initial_stop_loss_abs":1333.15,"initial_stop_loss_ratio":-0.5,"stop_loss_abs":1339.19,"stop_loss_ratio":-0.5,"min_rate":2565.84,"max_rate":2678.38,"is_open":false,"enter_tag":"","leverage":1.0,"is_short":false,"open_timestamp":1723991400000,"close_timestamp":1724061600000,"orders":[{"amount":13.2894,"safe_price":2666.3,"ft_order_side":"buy","order_filled_timestamp":1723991400000,"ft_is_entry":true,"ft_order_tag":"","cost":35468.96074722},{"amount":13.2894,"safe_price":2579.91,"ft_order_side":"sell","order_filled_timestamp":1724061600000,"ft_is_entry":false,"ft_order_tag":"exit_signal","cost":34319.741409954}],"funding_fees":0.0},{"pair":"ETH/USDT","stake_amount":29968.5294,"max_stake_amount":29968.5294,"amount":11.4756,"open_date":"2024-08-19 18:45:00+00:00","close_date":"2024-08-19 23:15:00+00:00","open_rate":2611.5,"close_rate":2629.72,"fee_open":0.001,"fee_close":0.001,"trade_duration":270,"profit_ratio":0.004964891512919125,"profit_abs":148.93928777,"exit_reason":"trailing_stop_loss","initial_stop_loss_abs":1305.75,"initial_stop_loss_ratio":-0.5,"stop_loss_abs":2629.72,"stop_loss_ratio":-0.00413804,"min_rate":2601.66,"max_rate":2640.64,"is_open":false,"enter_tag":"","leverage":1.0,"is_short":false,"open_timestamp":1724093100000,"close_timestamp":1724109300000,"orders":[{"amount":11.4756,"safe_price":2611.5,"ft_order_side":"buy","order_filled_timestamp":1724093100000,"ft_is_entry":true,"ft_order_tag":"","cost":29998.497929399997},{"amount":11.4756,"safe_price":2629.72,"ft_order_side":"sell","order_filled_timestamp":1724109300000,"ft_is_entry":false,"ft_order_tag":"trailing_stop_loss","cost":30207.792446831994}],"funding_fees":0.0},{"pair":"ETH/USDT","stake_amount":36917.098952,"max_stake_amount":36917.098952,"amount":14.0429,"open_date":"2024-08-19 23:30:00+00:00","close_date":"2024-08-20 00:15:00+00:00","open_rate":2628.88,"close_rate":2647.24,"fee_open":0.001,"fee_close":0.001,"trade_duration":45,"profit_ratio":0.004972006782609672,"profit_abs":183.73561845,"exit_reason":"trailing_stop_loss","initial_stop_loss_abs":1314.44,"initial_stop_loss_ratio":-0.5,"stop_loss_abs":2647.24,"stop_loss_ratio":-0.0035670999999999993,"min_rate":2619.06,"max_rate":2656.71,"is_open":false,"enter_tag":"","leverage":1.0,"is_short":false,"open_timestamp":1724110200000,"close_timestamp":1724112900000,"orders":[{"amount":14.0429,"safe_price":2628.88,"ft_order_side":"buy","order_filled_timestamp":1724110200000,"ft_is_entry":true,"ft_order_tag":"","cost":36954.016050952},{"amount":14.0429,"safe_price":2647.24,"ft_order_side":"sell","order_filled_timestamp":1724112900000,"ft_is_entry":false,"ft_order_tag":"trailing_stop_loss","cost":37212.10152259599}],"funding_fees":0.0},{"pair":"ETH/USDT","stake_amount":29157.7141,"max_stake_amount":29157.7141,"amount":10.9855,"open_date":"2024-08-20 00:30:00+00:00","close_date":"2024-08-20 07:00:00+00:00","open_rate":2654.2,"close_rate":2672.52,"fee_open":0.001,"fee_close":0.001,"trade_duration":390,"profit_ratio":0.004890475359920014,"profit_abs":142.73767744,"exit_reason":"trailing_stop_loss","initial_stop_loss_abs":1327.1,"initial_stop_loss_ratio":-0.5,"stop_loss_abs":2672.52,"stop_loss_ratio":-0.00834315,"min_rate":2644.68,"max_rate":2695.0,"is_open":false,"enter_tag":"","leverage":1.0,"is_short":false,"open_timestamp":1724113800000,"close_timestamp":1724137200000,"orders":[{"amount":10.9855,"safe_price":2654.2,"ft_order_side":"buy","order_filled_timestamp":1724113800000,"ft_is_entry":true,"ft_order_tag":"","cost":29186.871814099995},{"amount":10.9855,"safe_price":2672.52,"ft_order_side":"sell","order_filled_timestamp":1724137200000,"ft_is_entry":false,"ft_order_tag":"trailing_stop_loss","cost":29388.327428459997}],"funding_fees":0.0},{"pair":"ETH/USDT","stake_amount":45335.934138,"max_stake_amount":45335.934138,"amount":16.9586,"open_date":"2024-08-20 07:30:00+00:00","close_date":"2024-08-20 14:45:00+00:00","open_rate":2673.33,"close_rate":2600.13,"fee_open":0.001,"fee_close":0.001,"trade_duration":435,"profit_ratio":-0.029324873822274306,"profit_abs":-1330.80001876,"exit_reason":"exit_signal","initial_stop_loss_abs":1336.67,"initial_stop_loss_ratio":-0.5,"stop_loss_abs":1339.08,"stop_loss_ratio":-0.5,"min_rate":2582.78,"max_rate":2678.16,"is_open":false,"enter_tag":"","leverage":1.0,"is_short":false,"open_timestamp":1724139000000,"close_timestamp":1724165100000,"orders":[{"amount":16.9586,"safe_price":2673.33,"ft_order_side":"buy","order_filled_timestamp":1724139000000,"ft_is_entry":true,"ft_order_tag":"","cost":45381.270072137995},{"amount":16.9586,"safe_price":2600.13,"ft_order_side":"sell","order_filled_timestamp":1724165100000,"ft_is_entry":false,"ft_order_tag":"exit_signal","cost":44138.659182618}],"funding_fees":0.0},{"pair":"ETH/USDT","stake_amount":20239.05615,"max_stake_amount":20239.05615,"amount":7.7522,"open_date":"2024-08-21 14:45:00+00:00","close_date":"2024-08-21 18:15:00+00:00","open_rate":2610.75,"close_rate":2628.95,"fee_open":0.001,"fee_close":0.001,"trade_duration":210,"profit_ratio":0.0049592464415791045,"profit_abs":100.47083766,"exit_reason":"trailing_stop_loss","initial_stop_loss_abs":1305.38,"initial_stop_loss_ratio":-0.5,"stop_loss_abs":2628.95,"stop_loss_ratio":-0.00444323,"min_rate":2582.6,"max_rate":2640.68,"is_open":false,"enter_tag":"","leverage":1.0,"is_short":false,"open_timestamp":1724251500000,"close_timestamp":1724264100000,"orders":[{"amount":7.7522,"safe_price":2610.75,"ft_order_side":"buy","order_filled_timestamp":1724251500000,"ft_is_entry":true,"ft_order_tag":"","cost":20259.295206149996},{"amount":7.7522,"safe_price":2628.95,"ft_order_side":"sell","order_filled_timestamp":1724264100000,"ft_is_entry":false,"ft_order_tag":"trailing_stop_loss","cost":20400.526336189996}],"funding_fees":0.0},{"pair":"ETH/USDT","stake_amount":25965.243351,"max_stake_amount":25965.243351,"amount":9.8207,"open_date":"2024-08-21 19:15:00+00:00","close_date":"2024-08-22 14:30:00+00:00","open_rate":2643.93,"close_rate":2615.35,"fee_open":0.001,"fee_close":0.001,"trade_duration":1155,"profit_ratio":-0.012786070178061227,"profit_abs":-332.3254171,"exit_reason":"exit_signal","initial_stop_loss_abs":1321.97,"initial_stop_loss_ratio":-0.5,"stop_loss_abs":1331.87,"stop_loss_ratio":-0.5,"min_rate":2584.2,"max_rate":2663.74,"is_open":false,"enter_tag":"","leverage":1.0,"is_short":false,"open_timestamp":1724267700000,"close_timestamp":1724337000000,"orders":[{"amount":9.8207,"safe_price":2643.93,"ft_order_side":"buy","order_filled_timestamp":1724267700000,"ft_is_entry":true,"ft_order_tag":"","cost":25991.208594351},{"amount":9.8207,"safe_price":2615.35,"ft_order_side":"sell","order_filled_timestamp":1724337000000,"ft_is_entry":false,"ft_order_tag":"exit_signal","cost":25710.252312744997}],"funding_fees":0.0},{"pair":"ETH/USDT","stake_amount":57792.484292,"max_stake_amount":57792.484292,"amount":21.9047,"open_date":"2024-08-23 03:15:00+00:00","close_date":"2024-08-23 05:15:00+00:00","open_rate":2638.36,"close_rate":2656.61,"fee_open":0.001,"fee_close":0.001,"trade_duration":120,"profit_ratio":0.004905353292212702,"profit_abs":283.77604564,"exit_reason":"trailing_stop_loss","initial_stop_loss_abs":1319.18,"initial_stop_loss_ratio":-0.5,"stop_loss_abs":2656.61,"stop_loss_ratio":-0.007591720000000001,"min_rate":2633.9,"max_rate":2676.93,"is_open":false,"enter_tag":"","leverage":1.0,"is_short":false,"open_timestamp":1724382900000,"close_timestamp":1724390100000,"orders":[{"amount":21.9047,"safe_price":2638.36,"ft_order_side":"buy","order_filled_timestamp":1724382900000,"ft_is_entry":true,"ft_order_tag":"","cost":57850.276776292},{"amount":21.9047,"safe_price":2656.61,"ft_order_side":"sell","order_filled_timestamp":1724390100000,"ft_is_entry":false,"ft_order_tag":"trailing_stop_loss","cost":58250.43731206699}],"funding_fees":0.0},{"pair":"ETH/USDT","stake_amount":37808.768417,"max_stake_amount":37808.768417,"amount":14.1457,"open_date":"2024-08-23 05:30:00+00:00","close_date":"2024-08-23 17:45:00+00:00","open_rate":2672.81,"close_rate":2717.7,"fee_open":0.001,"fee_close":0.001,"trade_duration":735,"profit_ratio":0.014763499825957737,"profit_abs":558.74793569,"exit_reason":"trailing_stop_loss","initial_stop_loss_abs":1336.41,"initial_stop_loss_ratio":-0.5,"stop_loss_abs":2717.7,"stop_loss_ratio":-0.005,"min_rate":2632.83,"max_rate":2731.35,"is_open":false,"enter_tag":"","leverage":1.0,"is_short":false,"open_timestamp":1724391000000,"close_timestamp":1724435100000,"orders":[{"amount":14.1457,"safe_price":2672.81,"ft_order_side":"buy","order_filled_timestamp":1724391000000,"ft_is_entry":true,"ft_order_tag":"","cost":37846.577185416994},{"amount":14.1457,"safe_price":2717.7,"ft_order_side":"sell","order_filled_timestamp":1724435100000,"ft_is_entry":false,"ft_order_tag":"trailing_stop_loss","cost":38482.21265888999}],"funding_fees":0.0},{"pair":"ETH/USDT","stake_amount":22184.818272,"max_stake_amount":22184.818272,"amount":8.1504,"open_date":"2024-08-23 18:30:00+00:00","close_date":"2024-08-23 19:45:00+00:00","open_rate":2721.93,"close_rate":2740.95,"fee_open":0.001,"fee_close":0.001,"trade_duration":75,"profit_ratio":0.0049757254682602295,"profit_abs":110.49595085,"exit_reason":"trailing_stop_loss","initial_stop_loss_abs":1360.97,"initial_stop_loss_ratio":-0.5,"stop_loss_abs":2740.95,"stop_loss_ratio":-0.0032939299999999996,"min_rate":2717.37,"max_rate":2750.0,"is_open":false,"enter_tag":"","leverage":1.0,"is_short":false,"open_timestamp":1724437800000,"close_timestamp":1724442300000,"orders":[{"amount":8.1504,"safe_price":2721.93,"ft_order_side":"buy","order_filled_timestamp":1724437800000,"ft_is_entry":true,"ft_order_tag":"","cost":22207.003090271995},{"amount":8.1504,"safe_price":2740.95,"ft_order_side":"sell","order_filled_timestamp":1724442300000,"ft_is_entry":false,"ft_order_tag":"trailing_stop_loss","cost":22362.178718879994}],"funding_fees":0.0},{"pair":"ETH/USDT","stake_amount":24884.566965,"max_stake_amount":24884.566965,"amount":9.0603,"open_date":"2024-08-23 20:00:00+00:00","close_date":"2024-08-23 21:15:00+00:00","open_rate":2746.55,"close_rate":2765.64,"fee_open":0.001,"fee_close":0.001,"trade_duration":75,"profit_ratio":0.004938648760778056,"profit_abs":123.01903194,"exit_reason":"trailing_stop_loss","initial_stop_loss_abs":1373.28,"initial_stop_loss_ratio":-0.5,"stop_loss_abs":2765.64,"stop_loss_ratio":-0.00588331,"min_rate":2745.55,"max_rate":2782.0,"is_open":false,"enter_tag":"","leverage":1.0,"is_short":false,"open_timestamp":1724443200000,"close_timestamp":1724447700000,"orders":[{"amount":9.0603,"safe_price":2746.55,"ft_order_side":"buy","order_filled_timestamp":1724443200000,"ft_is_entry":true,"ft_order_tag":"","cost":24909.451531964998},{"amount":9.0603,"safe_price":2765.64,"ft_order_side":"sell","order_filled_timestamp":1724447700000,"ft_is_entry":false,"ft_order_tag":"trailing_stop_loss","cost":25082.585620091995}],"funding_fees":0.0},{"pair":"ETH/USDT","stake_amount":28445.006096,"max_stake_amount":28445.006096,"amount":10.2908,"open_date":"2024-08-23 21:30:00+00:00","close_date":"2024-08-23 22:15:00+00:00","open_rate":2764.12,"close_rate":2783.38,"fee_open":0.001,"fee_close":0.001,"trade_duration":45,"profit_ratio":0.004955935776594793,"profit_abs":141.112595,"exit_reason":"trailing_stop_loss","initial_stop_loss_abs":1382.06,"initial_stop_loss_ratio":-0.5,"stop_loss_abs":2783.38,"stop_loss_ratio":-0.004797699999999999,"min_rate":2763.16,"max_rate":2796.79,"is_open":false,"enter_tag":"","leverage":1.0,"is_short":false,"open_timestamp":1724448600000,"close_timestamp":1724451300000,"orders":[{"amount":10.2908,"safe_price":2764.12,"ft_order_side":"buy","order_filled_timestamp":1724448600000,"ft_is_entry":true,"ft_order_tag":"","cost":28473.451102095998},{"amount":10.2908,"safe_price":2783.38,"ft_order_side":"sell","order_filled_timestamp":1724451300000,"ft_is_entry":false,"ft_order_tag":"trailing_stop_loss","cost":28671.850110904}],"funding_fees":0.0},{"pair":"ETH/USDT","stake_amount":30411.308809,"max_stake_amount":30411.308809,"amount":10.9111,"open_date":"2024-08-23 22:30:00+00:00","close_date":"2024-08-24 16:30:00+00:00","open_rate":2787.19,"close_rate":2806.61,"fee_open":0.001,"fee_close":0.001,"trade_duration":1080,"profit_ratio":0.004955667755835667,"profit_abs":150.85905082,"exit_reason":"trailing_stop_loss","initial_stop_loss_abs":1393.6,"initial_stop_loss_ratio":-0.5,"stop_loss_abs":2806.61,"stop_loss_ratio":-0.0047501900000000005,"min_rate":2723.55,"max_rate":2820.0,"is_open":false,"enter_tag":"","leverage":1.0,"is_short":false,"open_timestamp":1724452200000,"close_timestamp":1724517000000,"orders":[{"amount":10.9111,"safe_price":2787.19,"ft_order_side":"buy","order_filled_timestamp":1724452200000,"ft_is_entry":true,"ft_order_tag":"","cost":30441.720117808996},{"amount":10.9111,"safe_price":2806.61,"ft_order_side":"sell","order_filled_timestamp":1724517000000,"ft_is_entry":false,"ft_order_tag":"trailing_stop_loss","cost":30653.825573370996}],"funding_fees":0.0},{"pair":"ETH/USDT","stake_amount":23772.230542,"max_stake_amount":23772.230542,"amount":8.4859,"open_date":"2024-08-24 16:45:00+00:00","close_date":"2024-08-27 00:00:00+00:00","open_rate":2801.38,"close_rate":2680.49,"fee_open":0.001,"fee_close":0.001,"trade_duration":3315,"profit_ratio":-0.045065512131617705,"profit_abs":-1072.37905163,"exit_reason":"force_exit","initial_stop_loss_abs":1400.69,"initial_stop_loss_ratio":-0.5,"stop_loss_abs":1407.66,"stop_loss_ratio":-0.5,"min_rate":2666.66,"max_rate":2815.32,"is_open":false,"enter_tag":"","leverage":1.0,"is_short":false,"open_timestamp":1724517900000,"close_timestamp":1724716800000,"orders":[{"amount":8.4859,"safe_price":2801.38,"ft_order_side":"buy","order_filled_timestamp":1724517900000,"ft_is_entry":true,"ft_order_tag":"","cost":23796.002772542},{"amount":8.4859,"safe_price":2680.49,"ft_order_side":"sell","order_filled_timestamp":1724716800000,"ft_is_entry":false,"ft_order_tag":"force_exit","cost":22769.116461091}],"funding_fees":0.0}],"locks":[],"best_pair":{"key":"ETH/USDT","trades":48,"profit_mean":-0.005127251581966997,"profit_mean_pct":-0.51,"profit_total_abs":-6824.55535501,"profit_total":-0.06824555355010001,"profit_total_pct":-6.82,"duration_avg":"10:04:00","wins":33,"draws":0,"losses":15,"winrate":0.6875,"cagr":-0.3640518341801353,"expectancy":-142.17823656270835,"expectancy_ratio":-0.15168525220415685,"sortino":-7.678588036161154,"sharpe":-3.9940020954779603,"calmar":-24.49110127499829,"sqn":-1.7019,"profit_factor":0.5146071929466982,"max_drawdown_account":0.09339801003111063,"max_drawdown_abs":9568.46533577},"worst_pair":{"key":"ETH/USDT","trades":48,"profit_mean":-0.005127251581966997,"profit_mean_pct":-0.51,"profit_total_abs":-6824.55535501,"profit_total":-0.06824555355010001,"profit_total_pct":-6.82,"duration_avg":"10:04:00","wins":33,"draws":0,"losses":15,"winrate":0.6875,"cagr":-0.3640518341801353,"expectancy":-142.17823656270835,"expectancy_ratio":-0.15168525220415685,"sortino":-7.678588036161154,"sharpe":-3.9940020954779603,"calmar":-24.49110127499829,"sqn":-1.7019,"profit_factor":0.5146071929466982,"max_drawdown_account":0.09339801003111063,"max_drawdown_abs":9568.46533577},"results_per_pair":[{"key":"ETH/USDT","trades":48,"profit_mean":-0.005127251581966997,"profit_mean_pct":-0.51,"profit_total_abs":-6824.55535501,"profit_total":-0.06824555355010001,"profit_total_pct":-6.82,"duration_avg":"10:04:00","wins":33,"draws":0,"losses":15,"winrate":0.6875,"cagr":-0.3640518341801353,"expectancy":-142.17823656270835,"expectancy_ratio":-0.15168525220415685,"sortino":-7.678588036161154,"sharpe":-3.9940020954779603,"calmar":-24.49110127499829,"sqn":-1.7019,"profit_factor":0.5146071929466982,"max_drawdown_account":0.09339801003111063,"max_drawdown_abs":9568.46533577},{"key":"TOTAL","trades":48,"profit_mean":-0.005127251581966997,"profit_mean_pct":-0.51,"profit_total_abs":-6824.55535501,"profit_total":-0.06824555355010001,"profit_total_pct":-6.82,"duration_avg":"10:04:00","wins":33,"draws":0,"losses":15,"winrate":0.6875,"cagr":-0.3640518341801353,"expectancy":-142.17823656270835,"expectancy_ratio":-0.15168525220415685,"sortino":-7.678588036161154,"sharpe":-3.9940020954779603,"calmar":-24.49110127499829,"sqn":-1.7019,"profit_factor":0.5146071929466982,"max_drawdown_account":0.09339801003111063,"max_drawdown_abs":9568.46533577}],"results_per_enter_tag":[{"key":"","trades":48,"profit_mean":-0.005127251581966997,"profit_mean_pct":-0.51,"profit_total_abs":-6824.55535501,"profit_total":-0.06824555355010001,"profit_total_pct":-6.82,"duration_avg":"10:04:00","wins":33,"draws":0,"losses":15,"winrate":0.6875,"cagr":-0.3640518341801353,"expectancy":-142.17823656270835,"expectancy_ratio":-0.15168525220415685,"sortino":-7.678588036161154,"sharpe":-3.9940020954779603,"calmar":-24.49110127499829,"sqn":-1.7019,"profit_factor":0.5146071929466982,"max_drawdown_account":0.09339801003111063,"max_drawdown_abs":9568.46533577},{"key":"TOTAL","trades":48,"profit_mean":-0.005127251581966997,"profit_mean_pct":-0.51,"profit_total_abs":-6824.55535501,"profit_total":-0.06824555355010001,"profit_total_pct":-6.82,"duration_avg":"10:04:00","wins":33,"draws":0,"losses":15,"winrate":0.6875,"cagr":-0.3640518341801353,"expectancy":-142.17823656270835,"expectancy_ratio":-0.15168525220415685,"sortino":-7.678588036161154,"sharpe":-3.9940020954779603,"calmar":-24.49110127499829,"sqn":-1.7019,"profit_factor":0.5146071929466982,"max_drawdown_account":0.09339801003111063,"max_drawdown_abs":9568.46533577}],"exit_reason_summary":[{"key":"trailing_stop_loss","trades":33,"profit_mean":0.005832511781226299,"profit_mean_pct":0.58,"profit_total_abs":7235.305557309999,"profit_total":0.0723530555731,"profit_total_pct":7.24,"duration_avg":"5:47:00","wins":33,"draws":0,"losses":0,"winrate":1.0,"cagr":0.5641137269111871,"expectancy":219.25168355484846,"expectancy_ratio":100.0,"sortino":-100,"sharpe":17.71786226187805,"calmar":-100,"sqn":9.0615,"profit_factor":0.0,"max_drawdown_account":0.0,"max_drawdown_abs":0.0},{"key":"force_exit","trades":1,"profit_mean":-0.045065512131617705,"profit_mean_pct":-4.51,"profit_total_abs":-1072.37905163,"profit_total":-0.0107237905163,"profit_total_pct":-1.07,"duration_avg":"2 days, 7:15:00","wins":0,"draws":0,"losses":1,"winrate":0.0,"cagr":-0.06671134387685318,"expectancy":-1072.37905163,"expectancy_ratio":-1.0,"sortino":-100,"sharpe":-100,"calmar":-100,"sqn":-100.0,"profit_factor":0.0,"max_drawdown_account":0.0,"max_drawdown_abs":0.0},{"key":"exit_signal","trades":14,"profit_mean":-0.028108246613090433,"profit_mean_pct":-2.81,"profit_total_abs":-12987.48186069,"profit_total":-0.1298748186069,"profit_total_pct":-12.99,"duration_avg":"16:56:00","wins":0,"draws":0,"losses":14,"winrate":0.0,"cagr":-0.5896909228460585,"expectancy":-927.6772757635715,"expectancy_ratio":-1.0,"sortino":-14.222042882136515,"sharpe":-14.222042882136515,"calmar":-33.51749679744353,"sqn":-10.9278,"profit_factor":0.0,"max_drawdown_account":0.12987481860689992,"max_drawdown_abs":12987.48186069},{"key":"TOTAL","trades":48,"profit_mean":-0.005127251581966997,"profit_mean_pct":-0.51,"profit_total_abs":-6824.55535501,"profit_total":-0.06824555355010001,"profit_total_pct":-6.82,"duration_avg":"10:04:00","wins":33,"draws":0,"losses":15,"winrate":0.6875,"cagr":-0.3640518341801353,"expectancy":-142.17823656270835,"expectancy_ratio":-0.15168525220415685,"sortino":-7.678588036161154,"sharpe":-3.9940020954779603,"calmar":-24.49110127499829,"sqn":-1.7019,"profit_factor":0.5146071929466982,"max_drawdown_account":0.09339801003111063,"max_drawdown_abs":9568.46533577}],"mix_tag_stats":[{"key":["","trailing_stop_loss"],"trades":33,"profit_mean":0.005832511781226299,"profit_mean_pct":0.58,"profit_total_abs":7235.305557309999,"profit_total":0.0723530555731,"profit_total_pct":7.24,"duration_avg":"5:47:00","wins":33,"draws":0,"losses":0,"winrate":1.0,"cagr":0.5641137269111871,"expectancy":219.25168355484846,"expectancy_ratio":100.0,"sortino":-100,"sharpe":17.71786226187805,"calmar":-100,"sqn":9.0615,"profit_factor":0.0,"max_drawdown_account":0.0,"max_drawdown_abs":0.0},{"key":["","force_exit"],"trades":1,"profit_mean":-0.045065512131617705,"profit_mean_pct":-4.51,"profit_total_abs":-1072.37905163,"profit_total":-0.0107237905163,"profit_total_pct":-1.07,"duration_avg":"2 days, 7:15:00","wins":0,"draws":0,"losses":1,"winrate":0.0,"cagr":-0.06671134387685318,"expectancy":-1072.37905163,"expectancy_ratio":-1.0,"sortino":-100,"sharpe":-100,"calmar":-100,"sqn":-100.0,"profit_factor":0.0,"max_drawdown_account":0.0,"max_drawdown_abs":0.0},{"key":["","exit_signal"],"trades":14,"profit_mean":-0.028108246613090433,"profit_mean_pct":-2.81,"profit_total_abs":-12987.48186069,"profit_total":-0.1298748186069,"profit_total_pct":-12.99,"duration_avg":"16:56:00","wins":0,"draws":0,"losses":14,"winrate":0.0,"cagr":-0.5896909228460585,"expectancy":-927.6772757635715,"expectancy_ratio":-1.0,"sortino":-14.222042882136515,"sharpe":-14.222042882136515,"calmar":-33.51749679744353,"sqn":-10.9278,"profit_factor":0.0,"max_drawdown_account":0.12987481860689992,"max_drawdown_abs":12987.48186069},{"key":"TOTAL","trades":48,"profit_mean":-0.005127251581966997,"profit_mean_pct":-0.51,"profit_total_abs":-6824.55535501,"profit_total":-0.06824555355010001,"profit_total_pct":-6.82,"duration_avg":"10:04:00","wins":33,"draws":0,"losses":15,"winrate":0.6875,"cagr":-0.3640518341801353,"expectancy":-142.17823656270835,"expectancy_ratio":-0.15168525220415685,"sortino":-7.678588036161154,"sharpe":-3.9940020954779603,"calmar":-24.49110127499829,"sqn":-1.7019,"profit_factor":0.5146071929466982,"max_drawdown_account":0.09339801003111063,"max_drawdown_abs":9568.46533577}],"left_open_trades":[{"key":"ETH/USDT","trades":1,"profit_mean":-0.045065512131617705,"profit_mean_pct":-4.51,"profit_total_abs":-1072.37905163,"profit_total":-0.0107237905163,"profit_total_pct":-1.07,"duration_avg":"2 days, 7:15:00","wins":0,"draws":0,"losses":1,"winrate":0.0,"cagr":-0.06671134387685318,"expectancy":-1072.37905163,"expectancy_ratio":-1.0,"sortino":-100,"sharpe":-100,"calmar":-100,"sqn":-100.0,"profit_factor":0.0,"max_drawdown_account":0.0,"max_drawdown_abs":0.0},{"key":"TOTAL","trades":1,"profit_mean":-0.045065512131617705,"profit_mean_pct":-4.51,"profit_total_abs":-1072.37905163,"profit_total":-0.0107237905163,"profit_total_pct":-1.07,"duration_avg":"2 days, 7:15:00","wins":0,"draws":0,"losses":1,"winrate":0.0,"cagr":-0.06671134387685318,"expectancy":-1072.37905163,"expectancy_ratio":-1.0,"sortino":-100,"sharpe":-100,"calmar":-100,"sqn":-100.0,"profit_factor":0.0,"max_drawdown_account":0.0,"max_drawdown_abs":0.0}],"total_trades":48,"trade_count_long":48,"trade_count_short":0,"total_volume":3387643.3701230115,"avg_stake_amount":35288.535492250005,"profit_mean":-0.005127251581966997,"profit_median":0.004945210919659089,"profit_total":-0.06824555355010001,"profit_total_long":-0.06824555355010001,"profit_total_short":0.0,"profit_total_abs":-6824.55535501,"profit_total_long_abs":-6824.55535501,"profit_total_short_abs":0.0,"cagr":-0.3640518341801353,"expectancy":-142.17823656270835,"expectancy_ratio":-0.15168525220415685,"sortino":-7.678588036161154,"sharpe":-3.9940020954779603,"calmar":-24.49110127499829,"sqn":-1.7019,"profit_factor":0.5146071929466982,"backtest_start":"2024-06-30 06:00:00","backtest_start_ts":1719727200000,"backtest_end":"2024-08-27 00:00:00","backtest_end_ts":1724716800000,"backtest_days":57,"backtest_run_start_ts":1756259095,"backtest_run_end_ts":1756259099,"trades_per_day":0.84,"market_change":-0.202285133858829,"pairlist":["ETH/USDT"],"stake_amount":1000.0,"stake_currency":"USDT","stake_currency_decimals":3,"starting_balance":100000,"dry_run_wallet":100000,"final_balance":93175.44464499,"rejected_signals":0,"timedout_entry_orders":0,"timedout_exit_orders":0,"canceled_trade_entries":0,"canceled_entry_orders":0,"replaced_entry_orders":0,"max_open_trades":1,"max_open_trades_setting":1,"timeframe":"15m","timeframe_detail":"","timerange":"20240530-20240827","enable_protections":false,"strategy_name":"VATSMStrategy","stoploss":-0.5,"trailing_stop":true,"trailing_stop_positive":0.005,"trailing_stop_positive_offset":0.015,"trailing_only_offset_is_reached":false,"use_custom_stoploss":true,"minimal_roi":{"0":10},"use_exit_signal":true,"exit_profit_only":false,"exit_profit_offset":0.0,"ignore_roi_if_entry_signal":false,"trading_mode":"spot","margin_mode":"","periodic_breakdown":{"day":[{"date":"03/07/2024","date_ts":1719964800000,"profit_abs":-1032.75682625,"wins":0,"draws":0,"losses":1,"trades":1,"profit_factor":0.0},{"date":"04/07/2024","date_ts":1720051200000,"profit_abs":0.0,"wins":0,"draws":0,"losses":0,"trades":0,"profit_factor":0.0},{"date":"05/07/2024","date_ts":1720137600000,"profit_abs":0.0,"wins":0,"draws":0,"losses":0,"trades":0,"profit_factor":0.0},{"date":"06/07/2024","date_ts":1720224000000,"profit_abs":0.0,"wins":0,"draws":0,"losses":0,"trades":0,"profit_factor":0.0},{"date":"07/07/2024","date_ts":1720310400000,"profit_abs":0.0,"wins":0,"draws":0,"losses":0,"trades":0,"profit_factor":0.0},{"date":"08/07/2024","date_ts":1720396800000,"profit_abs":0.0,"wins":0,"draws":0,"losses":0,"trades":0,"profit_factor":0.0},{"date":"09/07/2024","date_ts":1720483200000,"profit_abs":0.0,"wins":0,"draws":0,"losses":0,"trades":0,"profit_factor":0.0},{"date":"10/07/2024","date_ts":1720569600000,"profit_abs":0.0,"wins":0,"draws":0,"losses":0,"trades":0,"profit_factor":0.0},{"date":"11/07/2024","date_ts":1720656000000,"profit_abs":0.0,"wins":0,"draws":0,"losses":0,"trades":0,"profit_factor":0.0},{"date":"12/07/2024","date_ts":1720742400000,"profit_abs":172.5417765,"wins":1,"draws":0,"losses":0,"trades":1,"profit_factor":0.0},{"date":"13/07/2024","date_ts":1720828800000,"profit_abs":190.76735629,"wins":1,"draws":0,"losses":0,"trades":1,"profit_factor":0.0},{"date":"14/07/2024","date_ts":1720915200000,"profit_abs":689.53153112,"wins":2,"draws":0,"losses":0,"trades":2,"profit_factor":0.0},{"date":"15/07/2024","date_ts":1721001600000,"profit_abs":2428.19458479,"wins":8,"draws":0,"losses":0,"trades":8,"profit_factor":0.0},{"date":"16/07/2024","date_ts":1721088000000,"profit_abs":-901.28173185,"wins":0,"draws":0,"losses":1,"trades":1,"profit_factor":0.0},{"date":"17/07/2024","date_ts":1721174400000,"profit_abs":-819.23356325,"wins":1,"draws":0,"losses":1,"trades":2,"profit_factor":0.16230658},{"date":"18/07/2024","date_ts":1721260800000,"profit_abs":294.44943218,"wins":1,"draws":0,"losses":0,"trades":1,"profit_factor":0.0},{"date":"19/07/2024","date_ts":1721347200000,"profit_abs":412.66917845,"wins":2,"draws":0,"losses":0,"trades":2,"profit_factor":0.0},{"date":"20/07/2024","date_ts":1721433600000,"profit_abs":0.0,"wins":0,"draws":0,"losses":0,"trades":0,"profit_factor":0.0},{"date":"21/07/2024","date_ts":1721520000000,"profit_abs":-976.49339844,"wins":0,"draws":0,"losses":1,"trades":1,"profit_factor":0.0},{"date":"22/07/2024","date_ts":1721606400000,"profit_abs":0.0,"wins":0,"draws":0,"losses":0,"trades":0,"profit_factor":0.0},{"date":"23/07/2024","date_ts":1721692800000,"profit_abs":-1182.03276163,"wins":0,"draws":0,"losses":1,"trades":1,"profit_factor":0.0},{"date":"24/07/2024","date_ts":1721779200000,"profit_abs":-955.09638945,"wins":0,"draws":0,"losses":1,"trades":1,"profit_factor":0.0},{"date":"25/07/2024","date_ts":1721865600000,"profit_abs":0.0,"wins":0,"draws":0,"losses":0,"trades":0,"profit_factor":0.0},{"date":"26/07/2024","date_ts":1721952000000,"profit_abs":0.0,"wins":0,"draws":0,"losses":0,"trades":0,"profit_factor":0.0},{"date":"27/07/2024","date_ts":1722038400000,"profit_abs":0.0,"wins":0,"draws":0,"losses":0,"trades":0,"profit_factor":0.0},{"date":"28/07/2024","date_ts":1722124800000,"profit_abs":0.0,"wins":0,"draws":0,"losses":0,"trades":0,"profit_factor":0.0},{"date":"29/07/2024","date_ts":1722211200000,"profit_abs":0.0,"wins":0,"draws":0,"losses":0,"trades":0,"profit_factor":0.0},{"date":"30/07/2024","date_ts":1722297600000,"profit_abs":0.0,"wins":0,"draws":0,"losses":0,"trades":0,"profit_factor":0.0},{"date":"31/07/2024","date_ts":1722384000000,"profit_abs":0.0,"wins":0,"draws":0,"losses":0,"trades":0,"profit_factor":0.0},{"date":"01/08/2024","date_ts":1722470400000,"profit_abs":0.0,"wins":0,"draws":0,"losses":0,"trades":0,"profit_factor":0.0},{"date":"02/08/2024","date_ts":1722556800000,"profit_abs":-373.01308292,"wins":0,"draws":0,"losses":1,"trades":1,"profit_factor":0.0},{"date":"03/08/2024","date_ts":1722643200000,"profit_abs":0.0,"wins":0,"draws":0,"losses":0,"trades":0,"profit_factor":0.0},{"date":"04/08/2024","date_ts":1722729600000,"profit_abs":0.0,"wins":0,"draws":0,"losses":0,"trades":0,"profit_factor":0.0},{"date":"05/08/2024","date_ts":1722816000000,"profit_abs":0.0,"wins":0,"draws":0,"losses":0,"trades":0,"profit_factor":0.0},{"date":"06/08/2024","date_ts":1722902400000,"profit_abs":0.0,"wins":0,"draws":0,"losses":0,"trades":0,"profit_factor":0.0},{"date":"07/08/2024","date_ts":1722988800000,"profit_abs":0.0,"wins":0,"draws":0,"losses":0,"trades":0,"profit_factor":0.0},{"date":"08/08/2024","date_ts":1723075200000,"profit_abs":0.0,"wins":0,"draws":0,"losses":0,"trades":0,"profit_factor":0.0},{"date":"09/08/2024","date_ts":1723161600000,"profit_abs":0.0,"wins":0,"draws":0,"losses":0,"trades":0,"profit_factor":0.0},{"date":"10/08/2024","date_ts":1723248000000,"profit_abs":0.0,"wins":0,"draws":0,"losses":0,"trades":0,"profit_factor":0.0},{"date":"11/08/2024","date_ts":1723334400000,"profit_abs":0.0,"wins":0,"draws":0,"losses":0,"trades":0,"profit_factor":0.0},{"date":"12/08/2024","date_ts":1723420800000,"profit_abs":204.82171456,"wins":2,"draws":0,"losses":0,"trades":2,"profit_factor":0.0},{"date":"13/08/2024","date_ts":1723507200000,"profit_abs":-500.12322129,"wins":1,"draws":0,"losses":1,"trades":2,"profit_factor":0.23174777},{"date":"14/08/2024","date_ts":1723593600000,"profit_abs":-1013.0938194,"wins":2,"draws":0,"losses":1,"trades":3,"profit_factor":0.21271177},{"date":"15/08/2024","date_ts":1723680000000,"profit_abs":-979.61758359,"wins":1,"draws":0,"losses":1,"trades":2,"profit_factor":0.12630155},{"date":"16/08/2024","date_ts":1723766400000,"profit_abs":-475.38784543,"wins":1,"draws":0,"losses":1,"trades":2,"profit_factor":0.26738872},{"date":"17/08/2024","date_ts":1723852800000,"profit_abs":0.0,"wins":0,"draws":0,"losses":0,"trades":0,"profit_factor":0.0},{"date":"18/08/2024","date_ts":1723939200000,"profit_abs":0.0,"wins":0,"draws":0,"losses":0,"trades":0,"profit_factor":0.0},{"date":"19/08/2024","date_ts":1724025600000,"profit_abs":-1068.8509614,"wins":1,"draws":0,"losses":1,"trades":2,"profit_factor":0.12230291},{"date":"20/08/2024","date_ts":1724112000000,"profit_abs":-1004.32672287,"wins":2,"draws":0,"losses":1,"trades":3,"profit_factor":0.24532108},{"date":"21/08/2024","date_ts":1724198400000,"profit_abs":100.47083766,"wins":1,"draws":0,"losses":0,"trades":1,"profit_factor":0.0},{"date":"22/08/2024","date_ts":1724284800000,"profit_abs":-332.3254171,"wins":0,"draws":0,"losses":1,"trades":1,"profit_factor":0.0},{"date":"23/08/2024","date_ts":1724371200000,"profit_abs":1217.15155912,"wins":5,"draws":0,"losses":0,"trades":5,"profit_factor":0.0},{"date":"24/08/2024","date_ts":1724457600000,"profit_abs":150.85905082,"wins":1,"draws":0,"losses":0,"trades":1,"profit_factor":0.0},{"date":"25/08/2024","date_ts":1724544000000,"profit_abs":0.0,"wins":0,"draws":0,"losses":0,"trades":0,"profit_factor":0.0},{"date":"26/08/2024","date_ts":1724630400000,"profit_abs":0.0,"wins":0,"draws":0,"losses":0,"trades":0,"profit_factor":0.0},{"date":"27/08/2024","date_ts":1724716800000,"profit_abs":-1072.37905163,"wins":0,"draws":0,"losses":1,"trades":1,"profit_factor":0.0}],"week":[{"date":"08/07/2024","date_ts":1720396800000,"profit_abs":-1032.75682625,"wins":0,"draws":0,"losses":1,"trades":1,"profit_factor":0.0},{"date":"15/07/2024","date_ts":1721001600000,"profit_abs":3481.0352487,"wins":12,"draws":0,"losses":0,"trades":12,"profit_factor":0.0},{"date":"22/07/2024","date_ts":1721606400000,"profit_abs":-1989.89008291,"wins":4,"draws":0,"losses":3,"trades":7,"profit_factor":0.303196},{"date":"29/07/2024","date_ts":1722211200000,"profit_abs":-2137.12915108,"wins":0,"draws":0,"losses":2,"trades":2,"profit_factor":0.0},{"date":"05/08/2024","date_ts":1722816000000,"profit_abs":-373.01308292,"wins":0,"draws":0,"losses":1,"trades":1,"profit_factor":0.0},{"date":"12/08/2024","date_ts":1723420800000,"profit_abs":204.82171456,"wins":2,"draws":0,"losses":0,"trades":2,"profit_factor":0.0},{"date":"19/08/2024","date_ts":1724025600000,"profit_abs":-4037.07343111,"wins":6,"draws":0,"losses":5,"trades":11,"profit_factor":0.18040927},{"date":"26/08/2024","date_ts":1724630400000,"profit_abs":131.82930763,"wins":9,"draws":0,"losses":2,"trades":11,"profit_factor":1.079266},{"date":"02/09/2024","date_ts":1725235200000,"profit_abs":-1072.37905163,"wins":0,"draws":0,"losses":1,"trades":1,"profit_factor":0.0}],"month":[{"date":"31/07/2024","date_ts":1722384000000,"profit_abs":-1678.74081154,"wins":16,"draws":0,"losses":6,"trades":22,"profit_factor":0.7213997},{"date":"31/08/2024","date_ts":1725062400000,"profit_abs":-5145.81454347,"wins":17,"draws":0,"losses":9,"trades":26,"profit_factor":0.35951417}],"year":[{"date":"31/12/2024","date_ts":1735603200000,"profit_abs":-6824.55535501,"wins":33,"draws":0,"losses":15,"trades":48,"profit_factor":0.51460719}]},"backtest_best_day":0.053627862573651465,"backtest_worst_day":-0.045065512131617705,"backtest_best_day_abs":2428.19458479,"backtest_worst_day_abs":-1182.03276163,"winning_days":10,"draw_days":31,"losing_days":15,"daily_profit":[["2024-07-03",-1032.75682625],["2024-07-04",0.0],["2024-07-05",0.0],["2024-07-06",0.0],["2024-07-07",0.0],["2024-07-08",0.0],["2024-07-09",0.0],["2024-07-10",0.0],["2024-07-11",0.0],["2024-07-12",172.5417765],["2024-07-13",190.76735629],["2024-07-14",689.53153112],["2024-07-15",2428.19458479],["2024-07-16",-901.28173185],["2024-07-17",-819.23356325],["2024-07-18",294.44943218],["2024-07-19",412.66917845],["2024-07-20",0.0],["2024-07-21",-976.49339844],["2024-07-22",0.0],["2024-07-23",-1182.03276163],["2024-07-24",-955.09638945],["2024-07-25",0.0],["2024-07-26",0.0],["2024-07-27",0.0],["2024-07-28",0.0],["2024-07-29",0.0],["2024-07-30",0.0],["2024-07-31",0.0],["2024-08-01",0.0],["2024-08-02",-373.01308292],["2024-08-03",0.0],["2024-08-04",0.0],["2024-08-05",0.0],["2024-08-06",0.0],["2024-08-07",0.0],["2024-08-08",0.0],["2024-08-09",0.0],["2024-08-10",0.0],["2024-08-11",0.0],["2024-08-12",204.82171456],["2024-08-13",-500.12322129],["2024-08-14",-1013.0938194],["2024-08-15",-979.61758359],["2024-08-16",-475.38784543],["2024-08-17",0.0],["2024-08-18",0.0],["2024-08-19",-1068.8509614],["2024-08-20",-1004.32672287],["2024-08-21",100.47083766],["2024-08-22",-332.3254171],["2024-08-23",1217.15155912],["2024-08-24",150.85905082],["2024-08-25",0.0],["2024-08-26",0.0],["2024-08-27",-1072.37905163]],"wins":33,"losses":15,"draws":0,"winrate":0.6875,"holding_avg":"10:04:00","holding_avg_s":36240.0,"winner_holding_min":"0d 00:15","winner_holding_min_s":900.0,"winner_holding_max":"1d 05:00","winner_holding_max_s":104400.0,"winner_holding_avg":"0d 05:47","winner_holding_avg_s":20820.0,"loser_holding_min":"0d 03:15","loser_holding_min_s":11700.0,"loser_holding_max":"2d 07:15","loser_holding_max_s":198900.0,"loser_holding_avg":"0d 19:29","loser_holding_avg_s":70140.0,"max_consecutive_wins":12,"max_consecutive_losses":4,"max_drawdown_account":0.09339801003111063,"max_relative_drawdown":0.09339801003111063,"max_drawdown_abs":9568.46533577,"drawdown_start":"2024-07-15 22:30:00","drawdown_start_ts":1721082600000.0,"drawdown_end":"2024-08-22 14:30:00","drawdown_end_ts":1724337000000.0,"max_drawdown_low":-7120.18691332,"max_drawdown_high":2448.27842245,"csum_min":92879.81308668,"csum_max":102448.27842245}},"strategy_comparison":[{"key":"VATSMStrategy","trades":48,"profit_mean":-0.005127251581966997,"profit_mean_pct":-0.51,"profit_total_abs":-6824.55535501,"profit_total":-0.06824555355010001,"profit_total_pct":-6.82,"duration_avg":"10:04:00","wins":33,"draws":0,"losses":15,"winrate":0.6875,"cagr":-0.3640518341801353,"expectancy":-142.17823656270835,"expectancy_ratio":-0.15168525220415685,"sortino":-7.678588036161154,"sharpe":-3.9940020954779603,"calmar":-24.49110127499829,"sqn":-1.7019,"profit_factor":0.5146071929466982,"max_drawdown_account":0.09339801003111063,"max_drawdown_abs":"9568.465"}]}