{"strategy":{"GridTradingStrategy":{"trades":[{"pair":"ETH/USDT","stake_amount":329.92155,"max_stake_amount":329.92155,"amount":0.0909,"open_date":"2025-08-05 12:45:00+00:00","close_date":"2025-08-05 23:30:00+00:00","open_rate":3629.5,"close_rate":3614.47,"fee_open":0.001,"fee_close":0.001,"trade_duration":645,"profit_ratio":-0.006130794392822139,"profit_abs":-2.02470387,"exit_reason":"exit_signal","initial_stop_loss_abs":3339.15,"initial_stop_loss_ratio":-0.08,"stop_loss_abs":3339.15,"stop_loss_ratio":-0.08,"min_rate":3546.0,"max_rate":3659.4,"is_open":false,"enter_tag":"","leverage":1.0,"is_short":false,"open_timestamp":1754397900000,"close_timestamp":1754436600000,"orders":[{"amount":0.0909,"safe_price":3629.5,"ft_order_side":"buy","order_filled_timestamp":1754397900000,"ft_is_entry":true,"ft_order_tag":"","cost":330.2514715499999},{"amount":0.0909,"safe_price":3614.47,"ft_order_side":"sell","order_filled_timestamp":1754436600000,"ft_is_entry":false,"ft_order_tag":"exit_signal","cost":328.883878323}],"funding_fees":0.0},{"pair":"ETH/USDT","stake_amount":329.114088,"max_stake_amount":329.114088,"amount":0.0774,"open_date":"2025-08-10 02:45:00+00:00","close_date":"2025-08-10 16:45:00+00:00","open_rate":4252.12,"close_rate":4234.12,"fee_open":0.001,"fee_close":0.001,"trade_duration":840,"profit_ratio":-0.006222726609646053,"profit_abs":-2.05003498,"exit_reason":"exit_signal","initial_stop_loss_abs":3911.96,"initial_stop_loss_ratio":-0.08,"stop_loss_abs":3911.96,"stop_loss_ratio":-0.08,"min_rate":4153.07,"max_rate":4264.98,"is_open":false,"enter_tag":"","leverage":1.0,"is_short":false,"open_timestamp":1754793900000,"close_timestamp":1754844300000,"orders":[{"amount":0.0774,"safe_price":4252.12,"ft_order_side":"buy","order_filled_timestamp":1754793900000,"ft_is_entry":true,"ft_order_tag":"","cost":329.44320208799996},{"amount":0.0774,"safe_price":4234.12,"ft_order_side":"sell","order_filled_timestamp":1754844300000,"ft_is_entry":false,"ft_order_tag":"exit_signal","cost":328.048608888}],"funding_fees":0.0},{"pair":"ETH/USDT","stake_amount":328.398198,"max_stake_amount":328.398198,"amount":0.0771,"open_date":"2025-08-11 20:00:00+00:00","close_date":"2025-08-12 01:00:00+00:00","open_rate":4259.38,"close_rate":4289.225505505506,"fee_open":0.001,"fee_close":0.001,"trade_duration":300,"profit_ratio":0.004995004995004995,"profit_abs":1.64199099,"exit_reason":"roi","initial_stop_loss_abs":3918.63,"initial_stop_loss_ratio":-0.08,"stop_loss_abs":3918.63,"stop_loss_ratio":-0.08,"min_rate":4190.0,"max_rate":4290.78,"is_open":false,"enter_tag":"","leverage":1.0,"is_short":false,"open_timestamp":1754942400000,"close_timestamp":1754960400000,"orders":[{"amount":0.0771,"safe_price":4259.38,"ft_order_side":"buy","order_filled_timestamp":1754942400000,"ft_is_entry":true,"ft_order_tag":"","cost":328.726596198},{"amount":0.0771,"safe_price":4289.225505505506,"ft_order_side":"sell","order_filled_timestamp":1754960400000,"ft_is_entry":false,"ft_order_tag":"roi","cost":331.02998576094893}],"funding_fees":0.0},{"pair":"ETH/USDT","stake_amount":329.1178,"max_stake_amount":329.1178,"amount":0.0709,"open_date":"2025-08-13 15:15:00+00:00","close_date":"2025-08-13 16:15:00+00:00","open_rate":4642.0,"close_rate":4688.466466466467,"fee_open":0.001,"fee_close":0.001,"trade_duration":60,"profit_ratio":0.007992007992007992,"profit_abs":2.6329424,"exit_reason":"roi","initial_stop_loss_abs":4270.64,"initial_stop_loss_ratio":-0.08,"stop_loss_abs":4270.64,"stop_loss_ratio":-0.08,"min_rate":4616.0,"max_rate":4734.63,"is_open":false,"enter_tag":"","leverage":1.0,"is_short":false,"open_timestamp":1755098100000,"close_timestamp":1755101700000,"orders":[{"amount":0.0709,"safe_price":4642.0,"ft_order_side":"buy","order_filled_timestamp":1755098100000,"ft_is_entry":true,"ft_order_tag":"","cost":329.4469178},{"amount":0.0709,"safe_price":4688.466466466467,"ft_order_side":"sell","order_filled_timestamp":1755101700000,"ft_is_entry":false,"ft_order_tag":"roi","cost":332.74468474494495}],"funding_fees":0.0},{"pair":"ETH/USDT","stake_amount":329.7594,"max_stake_amount":329.7594,"amount":0.0744,"open_date":"2025-08-16 04:00:00+00:00","close_date":"2025-08-16 07:45:00+00:00","open_rate":4432.25,"close_rate":4463.306806806807,"fee_open":0.001,"fee_close":0.001,"trade_duration":225,"profit_ratio":0.004995004995004995,"profit_abs":1.648797,"exit_reason":"roi","initial_stop_loss_abs":4077.67,"initial_stop_loss_ratio":-0.08,"stop_loss_abs":4077.67,"stop_loss_ratio":-0.08,"min_rate":4407.69,"max_rate":4465.22,"is_open":false,"enter_tag":"","leverage":1.0,"is_short":false,"open_timestamp":1755316800000,"close_timestamp":1755330300000,"orders":[{"amount":0.0744,"safe_price":4432.25,"ft_order_side":"buy","order_filled_timestamp":1755316800000,"ft_is_entry":true,"ft_order_tag":"","cost":330.0891593999999},{"amount":0.0744,"safe_price":4463.306806806807,"ft_order_side":"sell","order_filled_timestamp":1755330300000,"ft_is_entry":false,"ft_order_tag":"roi","cost":332.4020964528528}],"funding_fees":0.0},{"pair":"ETH/USDT","stake_amount":330.313896,"max_stake_amount":330.313896,"amount":0.0792,"open_date":"2025-08-20 13:15:00+00:00","close_date":"2025-08-20 14:30:00+00:00","open_rate":4170.63,"close_rate":4212.378048048047,"fee_open":0.001,"fee_close":0.001,"trade_duration":75,"profit_ratio":0.00799200799805679,"profit_abs":2.64251117,"exit_reason":"roi","initial_stop_loss_abs":3836.98,"initial_stop_loss_ratio":-0.08,"stop_loss_abs":3836.98,"stop_loss_ratio":-0.08,"min_rate":4106.37,"max_rate":4215.68,"is_open":false,"enter_tag":"","leverage":1.0,"is_short":false,"open_timestamp":1755695700000,"close_timestamp":1755700200000,"orders":[{"amount":0.0792,"safe_price":4170.63,"ft_order_side":"buy","order_filled_timestamp":1755695700000,"ft_is_entry":true,"ft_order_tag":"","cost":330.644209896},{"amount":0.0792,"safe_price":4212.378048048047,"ft_order_side":"sell","order_filled_timestamp":1755700200000,"ft_is_entry":false,"ft_order_tag":"roi","cost":333.95396174681076}],"funding_fees":0.0},{"pair":"ETH/USDT","stake_amount":331.14557,"max_stake_amount":331.14557,"amount":0.0694,"open_date":"2025-08-23 01:30:00+00:00","close_date":"2025-08-23 23:00:00+00:00","open_rate":4771.55,"close_rate":4781.87,"fee_open":0.001,"fee_close":0.001,"trade_duration":1290,"profit_ratio":0.0001604958885528878,"profit_abs":0.05320065,"exit_reason":"exit_signal","initial_stop_loss_abs":4389.83,"initial_stop_loss_ratio":-0.08,"stop_loss_abs":4389.83,"stop_loss_ratio":-0.08,"min_rate":4659.7,"max_rate":4795.53,"is_open":false,"enter_tag":"","leverage":1.0,"is_short":false,"open_timestamp":1755912600000,"close_timestamp":1755990000000,"orders":[{"amount":0.0694,"safe_price":4771.55,"ft_order_side":"buy","order_filled_timestamp":1755912600000,"ft_is_entry":true,"ft_order_tag":"","cost":331.47671557},{"amount":0.0694,"safe_price":4781.87,"ft_order_side":"sell","order_filled_timestamp":1755990000000,"ft_is_entry":false,"ft_order_tag":"exit_signal","cost":332.193639778}],"funding_fees":0.0},{"pair":"ETH/USDT","stake_amount":331.135088,"max_stake_amount":331.135088,"amount":0.0688,"open_date":"2025-08-24 20:00:00+00:00","close_date":"2025-08-25 19:45:00+00:00","open_rate":4813.01,"close_rate":4427.97,"fee_open":0.001,"fee_close":0.001,"trade_duration":1425,"profit_ratio":-0.0818379959420428,"profit_abs":-27.12653142,"exit_reason":"stop_loss","initial_stop_loss_abs":4427.97,"initial_stop_loss_ratio":-0.08,"stop_loss_abs":4427.97,"stop_loss_ratio":-0.08,"min_rate":4416.0,"max_rate":4824.31,"is_open":false,"enter_tag":"","leverage":1.0,"is_short":false,"open_timestamp":1756065600000,"close_timestamp":1756151100000,"orders":[{"amount":0.0688,"safe_price":4813.01,"ft_order_side":"buy","order_filled_timestamp":1756065600000,"ft_is_entry":true,"ft_order_tag":"","cost":331.46622308799994},{"amount":0.0688,"safe_price":4427.97,"ft_order_side":"sell","order_filled_timestamp":1756151100000,"ft_is_entry":false,"ft_order_tag":"stop_loss","cost":304.948980336}],"funding_fees":0.0}],"locks":[],"best_pair":{"key":"BTC/USDT","trades":0,"profit_mean":0.0,"profit_mean_pct":0.0,"profit_total_abs":0.0,"profit_total":0.0,"profit_total_pct":0.0,"duration_avg":"0:00","wins":0,"draws":0,"losses":0,"winrate":0.0,"cagr":0.0,"expectancy":0.0,"expectancy_ratio":100.0,"sortino":0,"sharpe":0,"calmar":0,"sqn":0.0,"profit_factor":0.0,"max_drawdown_account":0.0,"max_drawdown_abs":0.0},"worst_pair":{"key":"ETH/USDT","trades":8,"profit_mean":-0.008507124384485417,"profit_mean_pct":-0.85,"profit_total_abs":-22.58182806,"profit_total":-0.02258182806,"profit_total_pct":-2.26,"duration_avg":"10:08:00","wins":5,"draws":0,"losses":3,"winrate":0.625,"cagr":-0.283569655003141,"expectancy":-2.8227285075,"expectancy_ratio":-0.27140515271399557,"sortino":-1.4591013359467992,"sharpe":-1.845193028490622,"calmar":-63.905836282884884,"sqn":-0.7985,"profit_factor":0.2762529260960118,"max_drawdown_account":0.027003807127017047,"max_drawdown_abs":27.12653142},"results_per_pair":[{"key":"BTC/USDT","trades":0,"profit_mean":0.0,"profit_mean_pct":0.0,"profit_total_abs":0.0,"profit_total":0.0,"profit_total_pct":0.0,"duration_avg":"0:00","wins":0,"draws":0,"losses":0,"winrate":0.0,"cagr":0.0,"expectancy":0.0,"expectancy_ratio":100.0,"sortino":0,"sharpe":0,"calmar":0,"sqn":0.0,"profit_factor":0.0,"max_drawdown_account":0.0,"max_drawdown_abs":0.0},{"key":"ETH/USDT","trades":8,"profit_mean":-0.008507124384485417,"profit_mean_pct":-0.85,"profit_total_abs":-22.58182806,"profit_total":-0.02258182806,"profit_total_pct":-2.26,"duration_avg":"10:08:00","wins":5,"draws":0,"losses":3,"winrate":0.625,"cagr":-0.283569655003141,"expectancy":-2.8227285075,"expectancy_ratio":-0.27140515271399557,"sortino":-1.4591013359467992,"sharpe":-1.845193028490622,"calmar":-63.905836282884884,"sqn":-0.7985,"profit_factor":0.2762529260960118,"max_drawdown_account":0.027003807127017047,"max_drawdown_abs":27.12653142},{"key":"TOTAL","trades":8,"profit_mean":-0.008507124384485417,"profit_mean_pct":-0.85,"profit_total_abs":-22.58182806,"profit_total":-0.02258182806,"profit_total_pct":-2.26,"duration_avg":"10:08:00","wins":5,"draws":0,"losses":3,"winrate":0.625,"cagr":-0.283569655003141,"expectancy":-2.8227285075,"expectancy_ratio":-0.27140515271399557,"sortino":-1.4591013359467992,"sharpe":-1.845193028490622,"calmar":-63.905836282884884,"sqn":-0.7985,"profit_factor":0.2762529260960118,"max_drawdown_account":0.027003807127017047,"max_drawdown_abs":27.12653142}],"results_per_enter_tag":[{"key":"","trades":8,"profit_mean":-0.008507124384485417,"profit_mean_pct":-0.85,"profit_total_abs":-22.58182806,"profit_total":-0.02258182806,"profit_total_pct":-2.26,"duration_avg":"10:08:00","wins":5,"draws":0,"losses":3,"winrate":0.625,"cagr":-0.283569655003141,"expectancy":-2.8227285075,"expectancy_ratio":-0.27140515271399557,"sortino":-1.4591013359467992,"sharpe":-1.845193028490622,"calmar":-63.905836282884884,"sqn":-0.7985,"profit_factor":0.2762529260960118,"max_drawdown_account":0.027003807127017047,"max_drawdown_abs":27.12653142},{"key":"TOTAL","trades":8,"profit_mean":-0.008507124384485417,"profit_mean_pct":-0.85,"profit_total_abs":-22.58182806,"profit_total":-0.02258182806,"profit_total_pct":-2.26,"duration_avg":"10:08:00","wins":5,"draws":0,"losses":3,"winrate":0.625,"cagr":-0.283569655003141,"expectancy":-2.8227285075,"expectancy_ratio":-0.27140515271399557,"sortino":-1.4591013359467992,"sharpe":-1.845193028490622,"calmar":-63.905836282884884,"sqn":-0.7985,"profit_factor":0.2762529260960118,"max_drawdown_account":0.027003807127017047,"max_drawdown_abs":27.12653142}],"exit_reason_summary":[{"key":"roi","trades":4,"profit_mean":0.006493506495018694,"profit_mean_pct":0.65,"profit_total_abs":8.56624156,"profit_total":0.00856624156,"profit_total_pct":0.86,"duration_avg":"2:45:00","wins":4,"draws":0,"losses":0,"winrate":1.0,"cagr":0.13262108253830074,"expectancy":2.14156039,"expectancy_ratio":100.0,"sortino":-100,"sharpe":13.193322904124935,"calmar":-100,"sqn":7.4756,"profit_factor":0.0,"max_drawdown_account":0.0,"max_drawdown_abs":0.0},{"key":"exit_signal","trades":3,"profit_mean":-0.004064341704638434,"profit_mean_pct":-0.41,"profit_total_abs":-4.0215382,"profit_total":-0.0040215382,"profit_total_pct":-0.4,"duration_avg":"15:25:00","wins":1,"draws":0,"losses":2,"winrate":0.3333333333333333,"cagr":-0.05713563143260003,"expectancy":-1.3405127333333333,"expectancy_ratio":-0.6579625260319852,"sortino":-242.6467041717454,"sharpe":-3.1182881174957053,"calmar":-75.42213845817267,"sqn":-1.9236,"profit_factor":0.013056210952022116,"max_drawdown_account":0.004074738850000017,"max_drawdown_abs":4.07473885},{"key":"stop_loss","trades":1,"profit_mean":-0.0818379959420428,"profit_mean_pct":-8.18,"profit_total_abs":-27.12653142,"profit_total":-0.02712653142,"profit_total_pct":-2.71,"duration_avg":"23:45:00","wins":0,"draws":0,"losses":1,"winrate":0.0,"cagr":-0.33069687390814617,"expectancy":-27.12653142,"expectancy_ratio":-1.0,"sortino":-100,"sharpe":-100,"calmar":-100,"sqn":-100.0,"profit_factor":0.0,"max_drawdown_account":0.0,"max_drawdown_abs":0.0},{"key":"TOTAL","trades":8,"profit_mean":-0.008507124384485417,"profit_mean_pct":-0.85,"profit_total_abs":-22.58182806,"profit_total":-0.02258182806,"profit_total_pct":-2.26,"duration_avg":"10:08:00","wins":5,"draws":0,"losses":3,"winrate":0.625,"cagr":-0.283569655003141,"expectancy":-2.8227285075,"expectancy_ratio":-0.27140515271399557,"sortino":-1.4591013359467992,"sharpe":-1.845193028490622,"calmar":-63.905836282884884,"sqn":-0.7985,"profit_factor":0.2762529260960118,"max_drawdown_account":0.027003807127017047,"max_drawdown_abs":27.12653142}],"mix_tag_stats":[{"key":["","roi"],"trades":4,"profit_mean":0.006493506495018694,"profit_mean_pct":0.65,"profit_total_abs":8.56624156,"profit_total":0.00856624156,"profit_total_pct":0.86,"duration_avg":"2:45:00","wins":4,"draws":0,"losses":0,"winrate":1.0,"cagr":0.13262108253830074,"expectancy":2.14156039,"expectancy_ratio":100.0,"sortino":-100,"sharpe":13.193322904124935,"calmar":-100,"sqn":7.4756,"profit_factor":0.0,"max_drawdown_account":0.0,"max_drawdown_abs":0.0},{"key":["","exit_signal"],"trades":3,"profit_mean":-0.004064341704638434,"profit_mean_pct":-0.41,"profit_total_abs":-4.0215382,"profit_total":-0.0040215382,"profit_total_pct":-0.4,"duration_avg":"15:25:00","wins":1,"draws":0,"losses":2,"winrate":0.3333333333333333,"cagr":-0.05713563143260003,"expectancy":-1.3405127333333333,"expectancy_ratio":-0.6579625260319852,"sortino":-242.6467041717454,"sharpe":-3.1182881174957053,"calmar":-75.42213845817267,"sqn":-1.9236,"profit_factor":0.013056210952022116,"max_drawdown_account":0.004074738850000017,"max_drawdown_abs":4.07473885},{"key":["","stop_loss"],"trades":1,"profit_mean":-0.0818379959420428,"profit_mean_pct":-8.18,"profit_total_abs":-27.12653142,"profit_total":-0.02712653142,"profit_total_pct":-2.71,"duration_avg":"23:45:00","wins":0,"draws":0,"losses":1,"winrate":0.0,"cagr":-0.33069687390814617,"expectancy":-27.12653142,"expectancy_ratio":-1.0,"sortino":-100,"sharpe":-100,"calmar":-100,"sqn":-100.0,"profit_factor":0.0,"max_drawdown_account":0.0,"max_drawdown_abs":0.0},{"key":"TOTAL","trades":8,"profit_mean":-0.008507124384485417,"profit_mean_pct":-0.85,"profit_total_abs":-22.58182806,"profit_total":-0.02258182806,"profit_total_pct":-2.26,"duration_avg":"10:08:00","wins":5,"draws":0,"losses":3,"winrate":0.625,"cagr":-0.283569655003141,"expectancy":-2.8227285075,"expectancy_ratio":-0.27140515271399557,"sortino":-1.4591013359467992,"sharpe":-1.845193028490622,"calmar":-63.905836282884884,"sqn":-0.7985,"profit_factor":0.2762529260960118,"max_drawdown_account":0.027003807127017047,"max_drawdown_abs":27.12653142}],"left_open_trades":[{"key":"TOTAL","trades":0,"profit_mean":0.0,"profit_mean_pct":0.0,"profit_total_abs":0.0,"profit_total":0.0,"profit_total_pct":0.0,"duration_avg":"0:00","wins":0,"draws":0,"losses":0,"winrate":0.0,"cagr":0.0,"expectancy":0.0,"expectancy_ratio":100.0,"sortino":0,"sharpe":0,"calmar":0,"sqn":0.0,"profit_factor":0.0,"max_drawdown_account":0.0,"max_drawdown_abs":0.0}],"total_trades":8,"trade_count_long":8,"trade_count_short":0,"total_volume":5265.750331620557,"avg_stake_amount":329.86319875000004,"profit_mean":-0.008507124384485417,"profit_median":0.0025777504417789413,"profit_total":-0.02258182806,"profit_total_long":-0.02258182806,"profit_total_short":0.0,"profit_total_abs":-22.58182806,"profit_total_long_abs":-22.58182806,"profit_total_short_abs":0.0,"cagr":-0.283569655003141,"expectancy":-2.8227285075,"expectancy_ratio":-0.27140515271399557,"sortino":-1.4591013359467992,"sharpe":-1.845193028490622,"calmar":-63.905836282884884,"sqn":-0.7985,"profit_factor":0.2762529260960118,"backtest_start":"2025-08-01 00:00:00","backtest_start_ts":1754006400000,"backtest_end":"2025-08-26 00:00:00","backtest_end_ts":1756166400000,"backtest_days":25,"backtest_run_start_ts":1756200761,"backtest_run_end_ts":1756200762,"trades_per_day":0.32,"market_change":0.07211918725608128,"pairlist":["BTC/USDT","ETH/USDT"],"stake_amount":"unlimited","stake_currency":"USDT","stake_currency_decimals":3,"starting_balance":1000,"dry_run_wallet":1000,"final_balance":977.41817194,"rejected_signals":0,"timedout_entry_orders":0,"timedout_exit_orders":0,"canceled_trade_entries":0,"canceled_entry_orders":0,"replaced_entry_orders":0,"max_open_trades":2,"max_open_trades_setting":3,"timeframe":"15m","timeframe_detail":"","timerange":"20250801-20250826","enable_protections":false,"strategy_name":"GridTradingStrategy","stoploss":-0.08,"trailing_stop":false,"trailing_stop_positive":null,"trailing_stop_positive_offset":0.0,"trailing_only_offset_is_reached":false,"use_custom_stoploss":false,"minimal_roi":{"0":0.015,"15":0.012,"30":0.01,"60":0.008,"120":0.005},"use_exit_signal":true,"exit_profit_only":false,"exit_profit_offset":0.0,"ignore_roi_if_entry_signal":false,"trading_mode":"spot","margin_mode":"","periodic_breakdown":{"day":[{"date":"05/08/2025","date_ts":1754352000000,"profit_abs":-2.02470387,"wins":0,"draws":0,"losses":1,"trades":1,"profit_factor":0.0},{"date":"06/08/2025","date_ts":1754438400000,"profit_abs":0.0,"wins":0,"draws":0,"losses":0,"trades":0,"profit_factor":0.0},{"date":"07/08/2025","date_ts":1754524800000,"profit_abs":0.0,"wins":0,"draws":0,"losses":0,"trades":0,"profit_factor":0.0},{"date":"08/08/2025","date_ts":1754611200000,"profit_abs":0.0,"wins":0,"draws":0,"losses":0,"trades":0,"profit_factor":0.0},{"date":"09/08/2025","date_ts":1754697600000,"profit_abs":0.0,"wins":0,"draws":0,"losses":0,"trades":0,"profit_factor":0.0},{"date":"10/08/2025","date_ts":1754784000000,"profit_abs":-2.05003498,"wins":0,"draws":0,"losses":1,"trades":1,"profit_factor":0.0},{"date":"11/08/2025","date_ts":1754870400000,"profit_abs":0.0,"wins":0,"draws":0,"losses":0,"trades":0,"profit_factor":0.0},{"date":"12/08/2025","date_ts":1754956800000,"profit_abs":1.64199099,"wins":1,"draws":0,"losses":0,"trades":1,"profit_factor":0.0},{"date":"13/08/2025","date_ts":1755043200000,"profit_abs":2.6329424,"wins":1,"draws":0,"losses":0,"trades":1,"profit_factor":0.0},{"date":"14/08/2025","date_ts":1755129600000,"profit_abs":0.0,"wins":0,"draws":0,"losses":0,"trades":0,"profit_factor":0.0},{"date":"15/08/2025","date_ts":1755216000000,"profit_abs":0.0,"wins":0,"draws":0,"losses":0,"trades":0,"profit_factor":0.0},{"date":"16/08/2025","date_ts":1755302400000,"profit_abs":1.648797,"wins":1,"draws":0,"losses":0,"trades":1,"profit_factor":0.0},{"date":"17/08/2025","date_ts":1755388800000,"profit_abs":0.0,"wins":0,"draws":0,"losses":0,"trades":0,"profit_factor":0.0},{"date":"18/08/2025","date_ts":1755475200000,"profit_abs":0.0,"wins":0,"draws":0,"losses":0,"trades":0,"profit_factor":0.0},{"date":"19/08/2025","date_ts":1755561600000,"profit_abs":0.0,"wins":0,"draws":0,"losses":0,"trades":0,"profit_factor":0.0},{"date":"20/08/2025","date_ts":1755648000000,"profit_abs":2.64251117,"wins":1,"draws":0,"losses":0,"trades":1,"profit_factor":0.0},{"date":"21/08/2025","date_ts":1755734400000,"profit_abs":0.0,"wins":0,"draws":0,"losses":0,"trades":0,"profit_factor":0.0},{"date":"22/08/2025","date_ts":1755820800000,"profit_abs":0.0,"wins":0,"draws":0,"losses":0,"trades":0,"profit_factor":0.0},{"date":"23/08/2025","date_ts":1755907200000,"profit_abs":0.05320065,"wins":1,"draws":0,"losses":0,"trades":1,"profit_factor":0.0},{"date":"24/08/2025","date_ts":1755993600000,"profit_abs":0.0,"wins":0,"draws":0,"losses":0,"trades":0,"profit_factor":0.0},{"date":"25/08/2025","date_ts":1756080000000,"profit_abs":-27.12653142,"wins":0,"draws":0,"losses":1,"trades":1,"profit_factor":0.0}],"week":[{"date":"11/08/2025","date_ts":1754870400000,"profit_abs":-4.07473885,"wins":0,"draws":0,"losses":2,"trades":2,"profit_factor":0.0},{"date":"18/08/2025","date_ts":1755475200000,"profit_abs":5.92373039,"wins":3,"draws":0,"losses":0,"trades":3,"profit_factor":0.0},{"date":"25/08/2025","date_ts":1756080000000,"profit_abs":-24.4308196,"wins":2,"draws":0,"losses":1,"trades":3,"profit_factor":0.09937547}],"month":[{"date":"31/08/2025","date_ts":1756598400000,"profit_abs":-22.58182806,"wins":5,"draws":0,"losses":3,"trades":8,"profit_factor":0.27625293}],"year":[{"date":"31/12/2025","date_ts":1767139200000,"profit_abs":-22.58182806,"wins":5,"draws":0,"losses":3,"trades":8,"profit_factor":0.27625293}]},"backtest_best_day":0.00799200799805679,"backtest_worst_day":-0.0818379959420428,"backtest_best_day_abs":2.64251117,"backtest_worst_day_abs":-27.12653142,"winning_days":5,"draw_days":13,"losing_days":3,"daily_profit":[["2025-08-05",-2.02470387],["2025-08-06",0.0],["2025-08-07",0.0],["2025-08-08",0.0],["2025-08-09",0.0],["2025-08-10",-2.05003498],["2025-08-11",0.0],["2025-08-12",1.64199099],["2025-08-13",2.6329424],["2025-08-14",0.0],["2025-08-15",0.0],["2025-08-16",1.648797],["2025-08-17",0.0],["2025-08-18",0.0],["2025-08-19",0.0],["2025-08-20",2.64251117],["2025-08-21",0.0],["2025-08-22",0.0],["2025-08-23",0.05320065],["2025-08-24",0.0],["2025-08-25",-27.12653142]],"wins":5,"losses":3,"draws":0,"winrate":0.625,"holding_avg":"10:08:00","holding_avg_s":36480.0,"winner_holding_min":"0d 01:00","winner_holding_min_s":3600.0,"winner_holding_max":"0d 21:30","winner_holding_max_s":77400.0,"winner_holding_avg":"0d 06:30","winner_holding_avg_s":23400.0,"loser_holding_min":"0d 10:45","loser_holding_min_s":38700.0,"loser_holding_max":"0d 23:45","loser_holding_max_s":85500.0,"loser_holding_avg":"0d 16:10","loser_holding_avg_s":58200.0,"max_consecutive_wins":5,"max_consecutive_losses":2,"max_drawdown_account":0.027003807127017047,"max_relative_drawdown":0.027003807127017047,"max_drawdown_abs":27.12653142,"drawdown_start":"2025-08-23 23:00:00","drawdown_start_ts":1755990000000.0,"drawdown_end":"2025-08-25 19:45:00","drawdown_end_ts":1756151100000.0,"max_drawdown_low":-22.58182806,"max_drawdown_high":4.544703360000001,"csum_min":977.41817194,"csum_max":1004.54470336}},"strategy_comparison":[{"key":"GridTradingStrategy","trades":8,"profit_mean":-0.008507124384485417,"profit_mean_pct":-0.85,"profit_total_abs":-22.58182806,"profit_total":-0.02258182806,"profit_total_pct":-2.26,"duration_avg":"10:08:00","wins":5,"draws":0,"losses":3,"winrate":0.625,"cagr":-0.283569655003141,"expectancy":-2.8227285075,"expectancy_ratio":-0.27140515271399557,"sortino":-1.4591013359467992,"sharpe":-1.845193028490622,"calmar":-63.905836282884884,"sqn":-0.7985,"profit_factor":0.2762529260960118,"max_drawdown_account":0.027003807127017047,"max_drawdown_abs":"27.127"}]}