{"strategy":{"VATSMStrategy":{"trades":[{"pair":"BTC/USDT","stake_amount":57841.7575582,"max_stake_amount":57841.7575582,"amount":0.95746,"open_date":"2024-08-21 18:45:00+00:00","close_date":"2024-08-21 19:00:00+00:00","open_rate":60411.67,"close_rate":61076.76,"fee_open":0.001,"fee_close":0.001,"trade_duration":15,"profit_ratio":0.008989298118827305,"profit_abs":520.47675921,"exit_reason":"trailing_stop_loss","initial_stop_loss_abs":30205.84,"initial_stop_loss_ratio":-0.5,"stop_loss_abs":61076.76,"stop_loss_ratio":-0.0010678900000000002,"min_rate":60411.67,"max_rate":61142.05,"is_open":false,"enter_tag":"","leverage":1.0,"is_short":false,"open_timestamp":1724265900000,"close_timestamp":1724266800000,"orders":[{"amount":0.95746,"safe_price":60411.67,"ft_order_side":"buy","order_filled_timestamp":1724265900000,"ft_is_entry":true,"ft_order_tag":"","cost":57899.59931575819},{"amount":0.95746,"safe_price":61076.76,"ft_order_side":"sell","order_filled_timestamp":1724266800000,"ft_is_entry":false,"ft_order_tag":"trailing_stop_loss","cost":58537.0331842296}],"funding_fees":0.0},{"pair":"BTC/USDT","stake_amount":99514.70269,"max_stake_amount":99514.70269,"amount":1.62475,"open_date":"2024-08-22 10:45:00+00:00","close_date":"2024-08-23 14:00:00+00:00","open_rate":61249.24,"close_rate":61921.93,"fee_open":0.001,"fee_close":0.001,"trade_duration":1635,"profit_ratio":0.008962884439681585,"profit_abs":892.83071904,"exit_reason":"trailing_stop_loss","initial_stop_loss_abs":30624.62,"initial_stop_loss_ratio":-0.5,"stop_loss_abs":61921.93,"stop_loss_ratio":-0.003076200000000001,"min_rate":60100.0,"max_rate":62113.0,"is_open":false,"enter_tag":"","leverage":1.0,"is_short":false,"open_timestamp":1724323500000,"close_timestamp":1724421600000,"orders":[{"amount":1.62475,"safe_price":61249.24,"ft_order_side":"buy","order_filled_timestamp":1724323500000,"ft_is_entry":true,"ft_order_tag":"","cost":99614.21739268998},{"amount":1.62475,"safe_price":61921.93,"ft_order_side":"sell","order_filled_timestamp":1724421600000,"ft_is_entry":false,"ft_order_tag":"trailing_stop_loss","cost":100708.26342326748}],"funding_fees":0.0},{"pair":"BTC/USDT","stake_amount":56182.6026783,"max_stake_amount":56182.6026783,"amount":0.90867,"open_date":"2024-08-23 14:30:00+00:00","close_date":"2024-08-23 17:45:00+00:00","open_rate":61829.49,"close_rate":62700.92,"fee_open":0.001,"fee_close":0.001,"trade_duration":195,"profit_ratio":0.012067921578660988,"profit_abs":678.68525045,"exit_reason":"trailing_stop_loss","initial_stop_loss_abs":30914.75,"initial_stop_loss_ratio":-0.5,"stop_loss_abs":62700.92,"stop_loss_ratio":-0.005,"min_rate":60802.36,"max_rate":63015.99,"is_open":false,"enter_tag":"","leverage":1.0,"is_short":false,"open_timestamp":1724423400000,"close_timestamp":1724435100000,"orders":[{"amount":0.90867,"safe_price":61829.49,"ft_order_side":"buy","order_filled_timestamp":1724423400000,"ft_is_entry":true,"ft_order_tag":"","cost":56238.78528097829},{"amount":0.90867,"safe_price":62700.92,"ft_order_side":"sell","order_filled_timestamp":1724435100000,"ft_is_entry":false,"ft_order_tag":"trailing_stop_loss","cost":57031.41942137639}],"funding_fees":0.0},{"pair":"BTC/USDT","stake_amount":82495.8633072,"max_stake_amount":82495.8633072,"amount":1.28913,"open_date":"2024-08-24 05:30:00+00:00","close_date":"2024-08-25 21:15:00+00:00","open_rate":63993.44,"close_rate":64444.47,"fee_open":0.001,"fee_close":0.001,"trade_duration":2385,"profit_ratio":0.005035982128457273,"profit_abs":415.86314098,"exit_reason":"trailing_stop_loss","initial_stop_loss_abs":31996.72,"initial_stop_loss_ratio":-0.5,"stop_loss_abs":64444.47,"stop_loss_ratio":-0.0019751399999999994,"min_rate":63531.0,"max_rate":64572.0,"is_open":false,"enter_tag":"","leverage":1.0,"is_short":false,"open_timestamp":1724477400000,"close_timestamp":1724620500000,"orders":[{"amount":1.28913,"safe_price":63993.44,"ft_order_side":"buy","order_filled_timestamp":1724477400000,"ft_is_entry":true,"ft_order_tag":"","cost":82578.3591705072},{"amount":1.28913,"safe_price":64444.47,"ft_order_side":"sell","order_filled_timestamp":1724620500000,"ft_is_entry":false,"ft_order_tag":"trailing_stop_loss","cost":83160.3769107111}],"funding_fees":0.0},{"pair":"BTC/USDT","stake_amount":101482.3772,"max_stake_amount":101482.3772,"amount":1.5742,"open_date":"2024-08-25 21:30:00+00:00","close_date":"2024-08-27 00:00:00+00:00","open_rate":64466.0,"close_rate":62834.0,"fee_open":0.001,"fee_close":0.001,"trade_duration":1590,"profit_ratio":-0.027263091514014483,"profit_abs":-2769.49006,"exit_reason":"force_exit","initial_stop_loss_abs":32233.0,"initial_stop_loss_ratio":-0.5,"stop_loss_abs":32500.0,"stop_loss_ratio":-0.5,"min_rate":62756.0,"max_rate":65000.0,"is_open":false,"enter_tag":"","leverage":1.0,"is_short":false,"open_timestamp":1724621400000,"close_timestamp":1724716800000,"orders":[{"amount":1.5742,"safe_price":64466.0,"ft_order_side":"buy","order_filled_timestamp":1724621400000,"ft_is_entry":true,"ft_order_tag":"","cost":101583.8595772},{"amount":1.5742,"safe_price":62834.0,"ft_order_side":"sell","order_filled_timestamp":1724716800000,"ft_is_entry":false,"ft_order_tag":"force_exit","cost":99012.19608279999}],"funding_fees":0.0}],"locks":[],"best_pair":{"key":"BTC/USDT","trades":5,"profit_mean":0.0015585989503225338,"profit_mean_pct":0.16,"profit_total_abs":-261.63419032,"profit_total":-0.0026163419032000004,"profit_total_pct":-0.26,"duration_avg":"19:24:00","wins":4,"draws":0,"losses":1,"winrate":0.8,"cagr":-0.036109468645286746,"expectancy":-52.32683806399996,"expectancy_ratio":-0.01889403353337893,"sortino":-100,"sharpe":-0.1405275423400714,"calmar":-7.115819446972234,"sqn":-0.0765,"profit_factor":0.9055298323331047,"max_drawdown_account":0.02701734453914339,"max_drawdown_abs":2769.49006},"worst_pair":{"key":"BTC/USDT","trades":5,"profit_mean":0.0015585989503225338,"profit_mean_pct":0.16,"profit_total_abs":-261.63419032,"profit_total":-0.0026163419032000004,"profit_total_pct":-0.26,"duration_avg":"19:24:00","wins":4,"draws":0,"losses":1,"winrate":0.8,"cagr":-0.036109468645286746,"expectancy":-52.32683806399996,"expectancy_ratio":-0.01889403353337893,"sortino":-100,"sharpe":-0.1405275423400714,"calmar":-7.115819446972234,"sqn":-0.0765,"profit_factor":0.9055298323331047,"max_drawdown_account":0.02701734453914339,"max_drawdown_abs":2769.49006},"results_per_pair":[{"key":"BTC/USDT","trades":5,"profit_mean":0.0015585989503225338,"profit_mean_pct":0.16,"profit_total_abs":-261.63419032,"profit_total":-0.0026163419032000004,"profit_total_pct":-0.26,"duration_avg":"19:24:00","wins":4,"draws":0,"losses":1,"winrate":0.8,"cagr":-0.036109468645286746,"expectancy":-52.32683806399996,"expectancy_ratio":-0.01889403353337893,"sortino":-100,"sharpe":-0.1405275423400714,"calmar":-7.115819446972234,"sqn":-0.0765,"profit_factor":0.9055298323331047,"max_drawdown_account":0.02701734453914339,"max_drawdown_abs":2769.49006},{"key":"TOTAL","trades":5,"profit_mean":0.0015585989503225338,"profit_mean_pct":0.16,"profit_total_abs":-261.63419032,"profit_total":-0.0026163419032000004,"profit_total_pct":-0.26,"duration_avg":"19:24:00","wins":4,"draws":0,"losses":1,"winrate":0.8,"cagr":-0.036109468645286746,"expectancy":-52.32683806399996,"expectancy_ratio":-0.01889403353337893,"sortino":-100,"sharpe":-0.1405275423400714,"calmar":-7.115819446972234,"sqn":-0.0765,"profit_factor":0.9055298323331047,"max_drawdown_account":0.02701734453914339,"max_drawdown_abs":2769.49006}],"results_per_enter_tag":[{"key":"","trades":5,"profit_mean":0.0015585989503225338,"profit_mean_pct":0.16,"profit_total_abs":-261.63419032,"profit_total":-0.0026163419032000004,"profit_total_pct":-0.26,"duration_avg":"19:24:00","wins":4,"draws":0,"losses":1,"winrate":0.8,"cagr":-0.036109468645286746,"expectancy":-52.32683806399996,"expectancy_ratio":-0.01889403353337893,"sortino":-100,"sharpe":-0.1405275423400714,"calmar":-7.115819446972234,"sqn":-0.0765,"profit_factor":0.9055298323331047,"max_drawdown_account":0.02701734453914339,"max_drawdown_abs":2769.49006},{"key":"TOTAL","trades":5,"profit_mean":0.0015585989503225338,"profit_mean_pct":0.16,"profit_total_abs":-261.63419032,"profit_total":-0.0026163419032000004,"profit_total_pct":-0.26,"duration_avg":"19:24:00","wins":4,"draws":0,"losses":1,"winrate":0.8,"cagr":-0.036109468645286746,"expectancy":-52.32683806399996,"expectancy_ratio":-0.01889403353337893,"sortino":-100,"sharpe":-0.1405275423400714,"calmar":-7.115819446972234,"sqn":-0.0765,"profit_factor":0.9055298323331047,"max_drawdown_account":0.02701734453914339,"max_drawdown_abs":2769.49006}],"exit_reason_summary":[{"key":"trailing_stop_loss","trades":4,"profit_mean":0.008764021566406788,"profit_mean_pct":0.88,"profit_total_abs":2507.85586968,"profit_total":0.0250785586968,"profit_total_pct":2.51,"duration_avg":"17:38:00","wins":4,"draws":0,"losses":0,"winrate":1.0,"cagr":0.41583886873791376,"expectancy":626.96396742,"expectancy_ratio":100.0,"sortino":-100,"sharpe":10.251042287329117,"calmar":-100,"sqn":6.0408,"profit_factor":0.0,"max_drawdown_account":0.0,"max_drawdown_abs":0.0},{"key":"force_exit","trades":1,"profit_mean":-0.027263091514014483,"profit_mean_pct":-2.73,"profit_total_abs":-2769.49006,"profit_total":-0.027694900600000003,"profit_total_pct":-2.77,"duration_avg":"1 day, 2:30:00","wins":0,"draws":0,"losses":1,"winrate":0.0,"cagr":-0.32583413900951264,"expectancy":-2769.49006,"expectancy_ratio":-1.0,"sortino":-100,"sharpe":-100,"calmar":-100,"sqn":-100.0,"profit_factor":0.0,"max_drawdown_account":0.0,"max_drawdown_abs":0.0},{"key":"TOTAL","trades":5,"profit_mean":0.0015585989503225338,"profit_mean_pct":0.16,"profit_total_abs":-261.63419032,"profit_total":-0.0026163419032000004,"profit_total_pct":-0.26,"duration_avg":"19:24:00","wins":4,"draws":0,"losses":1,"winrate":0.8,"cagr":-0.036109468645286746,"expectancy":-52.32683806399996,"expectancy_ratio":-0.01889403353337893,"sortino":-100,"sharpe":-0.1405275423400714,"calmar":-7.115819446972234,"sqn":-0.0765,"profit_factor":0.9055298323331047,"max_drawdown_account":0.02701734453914339,"max_drawdown_abs":2769.49006}],"mix_tag_stats":[{"key":["","trailing_stop_loss"],"trades":4,"profit_mean":0.008764021566406788,"profit_mean_pct":0.88,"profit_total_abs":2507.85586968,"profit_total":0.0250785586968,"profit_total_pct":2.51,"duration_avg":"17:38:00","wins":4,"draws":0,"losses":0,"winrate":1.0,"cagr":0.41583886873791376,"expectancy":626.96396742,"expectancy_ratio":100.0,"sortino":-100,"sharpe":10.251042287329117,"calmar":-100,"sqn":6.0408,"profit_factor":0.0,"max_drawdown_account":0.0,"max_drawdown_abs":0.0},{"key":["","force_exit"],"trades":1,"profit_mean":-0.027263091514014483,"profit_mean_pct":-2.73,"profit_total_abs":-2769.49006,"profit_total":-0.027694900600000003,"profit_total_pct":-2.77,"duration_avg":"1 day, 2:30:00","wins":0,"draws":0,"losses":1,"winrate":0.0,"cagr":-0.32583413900951264,"expectancy":-2769.49006,"expectancy_ratio":-1.0,"sortino":-100,"sharpe":-100,"calmar":-100,"sqn":-100.0,"profit_factor":0.0,"max_drawdown_account":0.0,"max_drawdown_abs":0.0},{"key":"TOTAL","trades":5,"profit_mean":0.0015585989503225338,"profit_mean_pct":0.16,"profit_total_abs":-261.63419032,"profit_total":-0.0026163419032000004,"profit_total_pct":-0.26,"duration_avg":"19:24:00","wins":4,"draws":0,"losses":1,"winrate":0.8,"cagr":-0.036109468645286746,"expectancy":-52.32683806399996,"expectancy_ratio":-0.01889403353337893,"sortino":-100,"sharpe":-0.1405275423400714,"calmar":-7.115819446972234,"sqn":-0.0765,"profit_factor":0.9055298323331047,"max_drawdown_account":0.02701734453914339,"max_drawdown_abs":2769.49006}],"left_open_trades":[{"key":"BTC/USDT","trades":1,"profit_mean":-0.027263091514014483,"profit_mean_pct":-2.73,"profit_total_abs":-2769.49006,"profit_total":-0.027694900600000003,"profit_total_pct":-2.77,"duration_avg":"1 day, 2:30:00","wins":0,"draws":0,"losses":1,"winrate":0.0,"cagr":-0.32583413900951264,"expectancy":-2769.49006,"expectancy_ratio":-1.0,"sortino":-100,"sharpe":-100,"calmar":-100,"sqn":-100.0,"profit_factor":0.0,"max_drawdown_account":0.0,"max_drawdown_abs":0.0},{"key":"TOTAL","trades":1,"profit_mean":-0.027263091514014483,"profit_mean_pct":-2.73,"profit_total_abs":-2769.49006,"profit_total":-0.027694900600000003,"profit_total_pct":-2.77,"duration_avg":"1 day, 2:30:00","wins":0,"draws":0,"losses":1,"winrate":0.0,"cagr":-0.32583413900951264,"expectancy":-2769.49006,"expectancy_ratio":-1.0,"sortino":-100,"sharpe":-100,"calmar":-100,"sqn":-100.0,"profit_factor":0.0,"max_drawdown_account":0.0,"max_drawdown_abs":0.0}],"total_trades":5,"trade_count_long":5,"trade_count_short":0,"total_volume":796364.1097595182,"avg_stake_amount":79503.46068674,"profit_mean":0.0015585989503225338,"profit_median":0.008962884439681585,"profit_total":-0.0026163419032000004,"profit_total_long":-0.0026163419032000004,"profit_total_short":0.0,"profit_total_abs":-261.63419032,"profit_total_long_abs":-261.63419032,"profit_total_short_abs":0.0,"cagr":-0.036109468645286746,"expectancy":-52.32683806399996,"expectancy_ratio":-0.01889403353337893,"sortino":-100,"sharpe":-0.1405275423400714,"calmar":-7.115819446972234,"sqn":-0.0765,"profit_factor":0.9055298323331047,"backtest_start":"2024-08-01 00:00:00","backtest_start_ts":1722470400000,"backtest_end":"2024-08-27 00:00:00","backtest_end_ts":1724716800000,"backtest_days":26,"backtest_run_start_ts":1756269879,"backtest_run_end_ts":1756269883,"trades_per_day":0.19,"market_change":-0.027775909028133133,"pairlist":["BTC/USDT"],"stake_amount":1000.0,"stake_currency":"USDT","stake_currency_decimals":3,"starting_balance":100000,"dry_run_wallet":100000,"final_balance":99738.36580968,"rejected_signals":0,"timedout_entry_orders":0,"timedout_exit_orders":0,"canceled_trade_entries":0,"canceled_entry_orders":0,"replaced_entry_orders":0,"max_open_trades":1,"max_open_trades_setting":1,"timeframe":"15m","timeframe_detail":"","timerange":"20240801-20240827","enable_protections":false,"strategy_name":"VATSMStrategy","stoploss":-0.5,"trailing_stop":true,"trailing_stop_positive":0.005,"trailing_stop_positive_offset":0.015,"trailing_only_offset_is_reached":false,"use_custom_stoploss":true,"minimal_roi":{"0":10},"use_exit_signal":true,"exit_profit_only":false,"exit_profit_offset":0.0,"ignore_roi_if_entry_signal":false,"trading_mode":"spot","margin_mode":"","periodic_breakdown":{"day":[{"date":"21/08/2024","date_ts":1724198400000,"profit_abs":520.47675921,"wins":1,"draws":0,"losses":0,"trades":1,"profit_factor":0.0},{"date":"22/08/2024","date_ts":1724284800000,"profit_abs":0.0,"wins":0,"draws":0,"losses":0,"trades":0,"profit_factor":0.0},{"date":"23/08/2024","date_ts":1724371200000,"profit_abs":1571.51596949,"wins":2,"draws":0,"losses":0,"trades":2,"profit_factor":0.0},{"date":"24/08/2024","date_ts":1724457600000,"profit_abs":0.0,"wins":0,"draws":0,"losses":0,"trades":0,"profit_factor":0.0},{"date":"25/08/2024","date_ts":1724544000000,"profit_abs":415.86314098,"wins":1,"draws":0,"losses":0,"trades":1,"profit_factor":0.0},{"date":"26/08/2024","date_ts":1724630400000,"profit_abs":0.0,"wins":0,"draws":0,"losses":0,"trades":0,"profit_factor":0.0},{"date":"27/08/2024","date_ts":1724716800000,"profit_abs":-2769.49006,"wins":0,"draws":0,"losses":1,"trades":1,"profit_factor":0.0}],"week":[{"date":"26/08/2024","date_ts":1724630400000,"profit_abs":2507.85586968,"wins":4,"draws":0,"losses":0,"trades":4,"profit_factor":0.0},{"date":"02/09/2024","date_ts":1725235200000,"profit_abs":-2769.49006,"wins":0,"draws":0,"losses":1,"trades":1,"profit_factor":0.0}],"month":[{"date":"31/08/2024","date_ts":1725062400000,"profit_abs":-261.63419032,"wins":4,"draws":0,"losses":1,"trades":5,"profit_factor":0.90552983}],"year":[{"date":"31/12/2024","date_ts":1735603200000,"profit_abs":-261.63419032,"wins":4,"draws":0,"losses":1,"trades":5,"profit_factor":0.90552983}]},"backtest_best_day":0.021030806018342573,"backtest_worst_day":-0.027263091514014483,"backtest_best_day_abs":1571.51596949,"backtest_worst_day_abs":-2769.49006,"winning_days":3,"draw_days":3,"losing_days":1,"daily_profit":[["2024-08-21",520.47675921],["2024-08-22",0.0],["2024-08-23",1571.51596949],["2024-08-24",0.0],["2024-08-25",415.86314098],["2024-08-26",0.0],["2024-08-27",-2769.49006]],"wins":4,"losses":1,"draws":0,"winrate":0.8,"holding_avg":"19:24:00","holding_avg_s":69840.0,"winner_holding_min":"0d 00:15","winner_holding_min_s":900.0,"winner_holding_max":"1d 15:45","winner_holding_max_s":143100.0,"winner_holding_avg":"0d 17:38","winner_holding_avg_s":63480.0,"loser_holding_min":"1d 02:30","loser_holding_min_s":95400.0,"loser_holding_max":"1d 02:30","loser_holding_max_s":95400.0,"loser_holding_avg":"1d 02:30","loser_holding_avg_s":95400.0,"max_consecutive_wins":4,"max_consecutive_losses":1,"max_drawdown_account":0.02701734453914339,"max_relative_drawdown":0.02701734453914339,"max_drawdown_abs":2769.49006,"drawdown_start":"2024-08-25 21:15:00","drawdown_start_ts":1724620500000.0,"drawdown_end":"2024-08-27 00:00:00","drawdown_end_ts":1724716800000.0,"max_drawdown_low":-261.63419032,"max_drawdown_high":2507.85586968,"csum_min":99738.36580968,"csum_max":102507.85586968}},"strategy_comparison":[{"key":"VATSMStrategy","trades":5,"profit_mean":0.0015585989503225338,"profit_mean_pct":0.16,"profit_total_abs":-261.63419032,"profit_total":-0.0026163419032000004,"profit_total_pct":-0.26,"duration_avg":"19:24:00","wins":4,"draws":0,"losses":1,"winrate":0.8,"cagr":-0.036109468645286746,"expectancy":-52.32683806399996,"expectancy_ratio":-0.01889403353337893,"sortino":-100,"sharpe":-0.1405275423400714,"calmar":-7.115819446972234,"sqn":-0.0765,"profit_factor":0.9055298323331047,"max_drawdown_account":0.02701734453914339,"max_drawdown_abs":"2769.49"}]}