{"strategy":{"GridTradingStrategy":{"trades":[{"pair":"ETH/USDT","stake_amount":329.924752,"max_stake_amount":329.924752,"amount":0.0914,"open_date":"2025-08-05 14:15:00+00:00","close_date":"2025-08-06 05:15:00+00:00","open_rate":3609.68,"close_rate":3634.973053053053,"fee_open":0.001,"fee_close":0.001,"trade_duration":900,"profit_ratio":0.004995004995004995,"profit_abs":1.64962376,"exit_reason":"roi","initial_stop_loss_abs":2887.75,"initial_stop_loss_ratio":-0.2,"stop_loss_abs":2887.75,"stop_loss_ratio":-0.2,"min_rate":3546.0,"max_rate":3644.12,"is_open":false,"enter_tag":"","leverage":1.0,"is_short":false,"open_timestamp":1754403300000,"close_timestamp":1754457300000,"orders":[{"amount":0.0914,"safe_price":3609.68,"ft_order_side":"buy","order_filled_timestamp":1754403300000,"ft_is_entry":true,"ft_order_tag":"","cost":330.2546767519999},{"amount":0.0914,"safe_price":3634.973053053053,"ft_order_side":"sell","order_filled_timestamp":1754457300000,"ft_is_entry":false,"ft_order_tag":"roi","cost":332.568773586098}],"funding_fees":0.0},{"pair":"ETH/USDT","stake_amount":330.527888,"max_stake_amount":330.527888,"amount":0.0776,"open_date":"2025-08-11 20:00:00+00:00","close_date":"2025-08-12 01:00:00+00:00","open_rate":4259.38,"close_rate":4289.225505505506,"fee_open":0.001,"fee_close":0.001,"trade_duration":300,"profit_ratio":0.004995004995004994,"profit_abs":1.65263944,"exit_reason":"roi","initial_stop_loss_abs":3407.51,"initial_stop_loss_ratio":-0.2,"stop_loss_abs":3407.51,"stop_loss_ratio":-0.2,"min_rate":4190.0,"max_rate":4290.78,"is_open":false,"enter_tag":"","leverage":1.0,"is_short":false,"open_timestamp":1754942400000,"close_timestamp":1754960400000,"orders":[{"amount":0.0776,"safe_price":4259.38,"ft_order_side":"buy","order_filled_timestamp":1754942400000,"ft_is_entry":true,"ft_order_tag":"","cost":330.85841588799997},{"amount":0.0776,"safe_price":4289.225505505506,"ft_order_side":"sell","order_filled_timestamp":1754960400000,"ft_is_entry":false,"ft_order_tag":"roi","cost":333.1767431264545}],"funding_fees":0.0},{"pair":"ETH/USDT","stake_amount":330.653787,"max_stake_amount":330.653787,"amount":0.0687,"open_date":"2025-08-24 20:00:00+00:00","close_date":"2025-08-26 00:00:00+00:00","open_rate":4813.01,"close_rate":4376.17,"fee_open":0.001,"fee_close":0.001,"trade_duration":1680,"profit_ratio":-0.09257898829667141,"profit_abs":-30.64220467,"exit_reason":"force_exit","initial_stop_loss_abs":3850.41,"initial_stop_loss_ratio":-0.2,"stop_loss_abs":3850.41,"stop_loss_ratio":-0.2,"min_rate":4334.13,"max_rate":4824.31,"is_open":false,"enter_tag":"","leverage":1.0,"is_short":false,"open_timestamp":1756065600000,"close_timestamp":1756166400000,"orders":[{"amount":0.0687,"safe_price":4813.01,"ft_order_side":"buy","order_filled_timestamp":1756065600000,"ft_is_entry":true,"ft_order_tag":"","cost":330.984440787},{"amount":0.0687,"safe_price":4376.17,"ft_order_side":"sell","order_filled_timestamp":1756166400000,"ft_is_entry":false,"ft_order_tag":"force_exit","cost":300.94352187899995}],"funding_fees":0.0}],"locks":[],"best_pair":{"key":"BTC/USDT","trades":0,"profit_mean":0.0,"profit_mean_pct":0.0,"profit_total_abs":0.0,"profit_total":0.0,"profit_total_pct":0.0,"duration_avg":"0:00","wins":0,"draws":0,"losses":0,"winrate":0.0,"cagr":0.0,"expectancy":0.0,"expectancy_ratio":100.0,"sortino":0,"sharpe":0,"calmar":0,"sqn":0.0,"profit_factor":0.0,"max_drawdown_account":0.0,"max_drawdown_abs":0.0},"worst_pair":{"key":"ETH/USDT","trades":3,"profit_mean":-0.02752965943555381,"profit_mean_pct":-2.75,"profit_total_abs":-27.339941470000003,"profit_total":-0.027339941470000004,"profit_total_pct":-2.73,"duration_avg":"16:00:00","wins":2,"draws":0,"losses":1,"winrate":0.6666666666666666,"cagr":-0.3328372323729709,"expectancy":-9.113313823333334,"expectancy_ratio":-0.29741051342352165,"sortino":-100,"sharpe":-1.3724525694150949,"calmar":-68.40940087124845,"sqn":-0.8466,"profit_factor":0.107768459729435,"max_drawdown_account":0.030541349096799245,"max_drawdown_abs":30.64220467},"results_per_pair":[{"key":"BTC/USDT","trades":0,"profit_mean":0.0,"profit_mean_pct":0.0,"profit_total_abs":0.0,"profit_total":0.0,"profit_total_pct":0.0,"duration_avg":"0:00","wins":0,"draws":0,"losses":0,"winrate":0.0,"cagr":0.0,"expectancy":0.0,"expectancy_ratio":100.0,"sortino":0,"sharpe":0,"calmar":0,"sqn":0.0,"profit_factor":0.0,"max_drawdown_account":0.0,"max_drawdown_abs":0.0},{"key":"ETH/USDT","trades":3,"profit_mean":-0.02752965943555381,"profit_mean_pct":-2.75,"profit_total_abs":-27.339941470000003,"profit_total":-0.027339941470000004,"profit_total_pct":-2.73,"duration_avg":"16:00:00","wins":2,"draws":0,"losses":1,"winrate":0.6666666666666666,"cagr":-0.3328372323729709,"expectancy":-9.113313823333334,"expectancy_ratio":-0.29741051342352165,"sortino":-100,"sharpe":-1.3724525694150949,"calmar":-68.40940087124845,"sqn":-0.8466,"profit_factor":0.107768459729435,"max_drawdown_account":0.030541349096799245,"max_drawdown_abs":30.64220467},{"key":"TOTAL","trades":3,"profit_mean":-0.02752965943555381,"profit_mean_pct":-2.75,"profit_total_abs":-27.339941470000003,"profit_total":-0.027339941470000004,"profit_total_pct":-2.73,"duration_avg":"16:00:00","wins":2,"draws":0,"losses":1,"winrate":0.6666666666666666,"cagr":-0.3328372323729709,"expectancy":-9.113313823333334,"expectancy_ratio":-0.29741051342352165,"sortino":-100,"sharpe":-1.3724525694150949,"calmar":-68.40940087124845,"sqn":-0.8466,"profit_factor":0.107768459729435,"max_drawdown_account":0.030541349096799245,"max_drawdown_abs":30.64220467}],"results_per_enter_tag":[{"key":"","trades":3,"profit_mean":-0.02752965943555381,"profit_mean_pct":-2.75,"profit_total_abs":-27.339941470000003,"profit_total":-0.027339941470000004,"profit_total_pct":-2.73,"duration_avg":"16:00:00","wins":2,"draws":0,"losses":1,"winrate":0.6666666666666666,"cagr":-0.3328372323729709,"expectancy":-9.113313823333334,"expectancy_ratio":-0.29741051342352165,"sortino":-100,"sharpe":-1.3724525694150949,"calmar":-68.40940087124845,"sqn":-0.8466,"profit_factor":0.107768459729435,"max_drawdown_account":0.030541349096799245,"max_drawdown_abs":30.64220467},{"key":"TOTAL","trades":3,"profit_mean":-0.02752965943555381,"profit_mean_pct":-2.75,"profit_total_abs":-27.339941470000003,"profit_total":-0.027339941470000004,"profit_total_pct":-2.73,"duration_avg":"16:00:00","wins":2,"draws":0,"losses":1,"winrate":0.6666666666666666,"cagr":-0.3328372323729709,"expectancy":-9.113313823333334,"expectancy_ratio":-0.29741051342352165,"sortino":-100,"sharpe":-1.3724525694150949,"calmar":-68.40940087124845,"sqn":-0.8466,"profit_factor":0.107768459729435,"max_drawdown_account":0.030541349096799245,"max_drawdown_abs":30.64220467}],"exit_reason_summary":[{"key":"roi","trades":2,"profit_mean":0.004995004995004994,"profit_mean_pct":0.5,"profit_total_abs":3.3022632,"profit_total":0.0033022632000000002,"profit_total_pct":0.33,"duration_avg":"10:00:00","wins":2,"draws":0,"losses":0,"winrate":1.0,"cagr":0.049310845915160106,"expectancy":1.6511316,"expectancy_ratio":100.0,"sortino":-100,"sharpe":1673.6430881600259,"calmar":-100,"sqn":1095.031,"profit_factor":0.0,"max_drawdown_account":0.0,"max_drawdown_abs":0.0},{"key":"force_exit","trades":1,"profit_mean":-0.09257898829667141,"profit_mean_pct":-9.26,"profit_total_abs":-30.64220467,"profit_total":-0.030642204670000003,"profit_total_pct":-3.06,"duration_avg":"1 day, 4:00:00","wins":0,"draws":0,"losses":1,"winrate":0.0,"cagr":-0.3651546187915584,"expectancy":-30.64220467,"expectancy_ratio":-1.0,"sortino":-100,"sharpe":-100,"calmar":-100,"sqn":-100.0,"profit_factor":0.0,"max_drawdown_account":0.0,"max_drawdown_abs":0.0},{"key":"TOTAL","trades":3,"profit_mean":-0.02752965943555381,"profit_mean_pct":-2.75,"profit_total_abs":-27.339941470000003,"profit_total":-0.027339941470000004,"profit_total_pct":-2.73,"duration_avg":"16:00:00","wins":2,"draws":0,"losses":1,"winrate":0.6666666666666666,"cagr":-0.3328372323729709,"expectancy":-9.113313823333334,"expectancy_ratio":-0.29741051342352165,"sortino":-100,"sharpe":-1.3724525694150949,"calmar":-68.40940087124845,"sqn":-0.8466,"profit_factor":0.107768459729435,"max_drawdown_account":0.030541349096799245,"max_drawdown_abs":30.64220467}],"mix_tag_stats":[{"key":["","roi"],"trades":2,"profit_mean":0.004995004995004994,"profit_mean_pct":0.5,"profit_total_abs":3.3022632,"profit_total":0.0033022632000000002,"profit_total_pct":0.33,"duration_avg":"10:00:00","wins":2,"draws":0,"losses":0,"winrate":1.0,"cagr":0.049310845915160106,"expectancy":1.6511316,"expectancy_ratio":100.0,"sortino":-100,"sharpe":1673.6430881600259,"calmar":-100,"sqn":1095.031,"profit_factor":0.0,"max_drawdown_account":0.0,"max_drawdown_abs":0.0},{"key":["","force_exit"],"trades":1,"profit_mean":-0.09257898829667141,"profit_mean_pct":-9.26,"profit_total_abs":-30.64220467,"profit_total":-0.030642204670000003,"profit_total_pct":-3.06,"duration_avg":"1 day, 4:00:00","wins":0,"draws":0,"losses":1,"winrate":0.0,"cagr":-0.3651546187915584,"expectancy":-30.64220467,"expectancy_ratio":-1.0,"sortino":-100,"sharpe":-100,"calmar":-100,"sqn":-100.0,"profit_factor":0.0,"max_drawdown_account":0.0,"max_drawdown_abs":0.0},{"key":"TOTAL","trades":3,"profit_mean":-0.02752965943555381,"profit_mean_pct":-2.75,"profit_total_abs":-27.339941470000003,"profit_total":-0.027339941470000004,"profit_total_pct":-2.73,"duration_avg":"16:00:00","wins":2,"draws":0,"losses":1,"winrate":0.6666666666666666,"cagr":-0.3328372323729709,"expectancy":-9.113313823333334,"expectancy_ratio":-0.29741051342352165,"sortino":-100,"sharpe":-1.3724525694150949,"calmar":-68.40940087124845,"sqn":-0.8466,"profit_factor":0.107768459729435,"max_drawdown_account":0.030541349096799245,"max_drawdown_abs":30.64220467}],"left_open_trades":[{"key":"ETH/USDT","trades":1,"profit_mean":-0.09257898829667141,"profit_mean_pct":-9.26,"profit_total_abs":-30.64220467,"profit_total":-0.030642204670000003,"profit_total_pct":-3.06,"duration_avg":"1 day, 4:00:00","wins":0,"draws":0,"losses":1,"winrate":0.0,"cagr":-0.3651546187915584,"expectancy":-30.64220467,"expectancy_ratio":-1.0,"sortino":-100,"sharpe":-100,"calmar":-100,"sqn":-100.0,"profit_factor":0.0,"max_drawdown_account":0.0,"max_drawdown_abs":0.0},{"key":"TOTAL","trades":1,"profit_mean":-0.09257898829667141,"profit_mean_pct":-9.26,"profit_total_abs":-30.64220467,"profit_total":-0.030642204670000003,"profit_total_pct":-3.06,"duration_avg":"1 day, 4:00:00","wins":0,"draws":0,"losses":1,"winrate":0.0,"cagr":-0.3651546187915584,"expectancy":-30.64220467,"expectancy_ratio":-1.0,"sortino":-100,"sharpe":-100,"calmar":-100,"sqn":-100.0,"profit_factor":0.0,"max_drawdown_account":0.0,"max_drawdown_abs":0.0}],"total_trades":3,"trade_count_long":3,"trade_count_short":0,"total_volume":1958.7865720185523,"avg_stake_amount":330.368809,"profit_mean":-0.02752965943555381,"profit_median":0.004995004995004994,"profit_total":-0.027339941470000004,"profit_total_long":-0.027339941470000004,"profit_total_short":0.0,"profit_total_abs":-27.339941470000003,"profit_total_long_abs":-27.339941470000003,"profit_total_short_abs":0.0,"cagr":-0.3328372323729709,"expectancy":-9.113313823333334,"expectancy_ratio":-0.29741051342352165,"sortino":-100,"sharpe":-1.3724525694150949,"calmar":-68.40940087124845,"sqn":-0.8466,"profit_factor":0.107768459729435,"backtest_start":"2025-08-01 00:00:00","backtest_start_ts":1754006400000,"backtest_end":"2025-08-26 00:00:00","backtest_end_ts":1756166400000,"backtest_days":25,"backtest_run_start_ts":1756200694,"backtest_run_end_ts":1756200695,"trades_per_day":0.12,"market_change":0.07211918725608128,"pairlist":["BTC/USDT","ETH/USDT"],"stake_amount":"unlimited","stake_currency":"USDT","stake_currency_decimals":3,"starting_balance":1000,"dry_run_wallet":1000,"final_balance":972.66005853,"rejected_signals":0,"timedout_entry_orders":0,"timedout_exit_orders":0,"canceled_trade_entries":0,"canceled_entry_orders":0,"replaced_entry_orders":0,"max_open_trades":2,"max_open_trades_setting":3,"timeframe":"15m","timeframe_detail":"","timerange":"20250801-20250826","enable_protections":false,"strategy_name":"GridTradingStrategy","stoploss":-0.2,"trailing_stop":false,"trailing_stop_positive":null,"trailing_stop_positive_offset":0.0,"trailing_only_offset_is_reached":false,"use_custom_stoploss":false,"minimal_roi":{"0":0.02,"30":0.015,"60":0.01,"120":0.005},"use_exit_signal":true,"exit_profit_only":false,"exit_profit_offset":0.0,"ignore_roi_if_entry_signal":false,"trading_mode":"spot","margin_mode":"","periodic_breakdown":{"day":[{"date":"06/08/2025","date_ts":1754438400000,"profit_abs":1.64962376,"wins":1,"draws":0,"losses":0,"trades":1,"profit_factor":0.0},{"date":"07/08/2025","date_ts":1754524800000,"profit_abs":0.0,"wins":0,"draws":0,"losses":0,"trades":0,"profit_factor":0.0},{"date":"08/08/2025","date_ts":1754611200000,"profit_abs":0.0,"wins":0,"draws":0,"losses":0,"trades":0,"profit_factor":0.0},{"date":"09/08/2025","date_ts":1754697600000,"profit_abs":0.0,"wins":0,"draws":0,"losses":0,"trades":0,"profit_factor":0.0},{"date":"10/08/2025","date_ts":1754784000000,"profit_abs":0.0,"wins":0,"draws":0,"losses":0,"trades":0,"profit_factor":0.0},{"date":"11/08/2025","date_ts":1754870400000,"profit_abs":0.0,"wins":0,"draws":0,"losses":0,"trades":0,"profit_factor":0.0},{"date":"12/08/2025","date_ts":1754956800000,"profit_abs":1.65263944,"wins":1,"draws":0,"losses":0,"trades":1,"profit_factor":0.0},{"date":"13/08/2025","date_ts":1755043200000,"profit_abs":0.0,"wins":0,"draws":0,"losses":0,"trades":0,"profit_factor":0.0},{"date":"14/08/2025","date_ts":1755129600000,"profit_abs":0.0,"wins":0,"draws":0,"losses":0,"trades":0,"profit_factor":0.0},{"date":"15/08/2025","date_ts":1755216000000,"profit_abs":0.0,"wins":0,"draws":0,"losses":0,"trades":0,"profit_factor":0.0},{"date":"16/08/2025","date_ts":1755302400000,"profit_abs":0.0,"wins":0,"draws":0,"losses":0,"trades":0,"profit_factor":0.0},{"date":"17/08/2025","date_ts":1755388800000,"profit_abs":0.0,"wins":0,"draws":0,"losses":0,"trades":0,"profit_factor":0.0},{"date":"18/08/2025","date_ts":1755475200000,"profit_abs":0.0,"wins":0,"draws":0,"losses":0,"trades":0,"profit_factor":0.0},{"date":"19/08/2025","date_ts":1755561600000,"profit_abs":0.0,"wins":0,"draws":0,"losses":0,"trades":0,"profit_factor":0.0},{"date":"20/08/2025","date_ts":1755648000000,"profit_abs":0.0,"wins":0,"draws":0,"losses":0,"trades":0,"profit_factor":0.0},{"date":"21/08/2025","date_ts":1755734400000,"profit_abs":0.0,"wins":0,"draws":0,"losses":0,"trades":0,"profit_factor":0.0},{"date":"22/08/2025","date_ts":1755820800000,"profit_abs":0.0,"wins":0,"draws":0,"losses":0,"trades":0,"profit_factor":0.0},{"date":"23/08/2025","date_ts":1755907200000,"profit_abs":0.0,"wins":0,"draws":0,"losses":0,"trades":0,"profit_factor":0.0},{"date":"24/08/2025","date_ts":1755993600000,"profit_abs":0.0,"wins":0,"draws":0,"losses":0,"trades":0,"profit_factor":0.0},{"date":"25/08/2025","date_ts":1756080000000,"profit_abs":0.0,"wins":0,"draws":0,"losses":0,"trades":0,"profit_factor":0.0},{"date":"26/08/2025","date_ts":1756166400000,"profit_abs":-30.64220467,"wins":0,"draws":0,"losses":1,"trades":1,"profit_factor":0.0}],"week":[{"date":"11/08/2025","date_ts":1754870400000,"profit_abs":1.64962376,"wins":1,"draws":0,"losses":0,"trades":1,"profit_factor":0.0},{"date":"18/08/2025","date_ts":1755475200000,"profit_abs":1.65263944,"wins":1,"draws":0,"losses":0,"trades":1,"profit_factor":0.0},{"date":"25/08/2025","date_ts":1756080000000,"profit_abs":0.0,"wins":0,"draws":0,"losses":0,"trades":0,"profit_factor":0.0},{"date":"01/09/2025","date_ts":1756684800000,"profit_abs":-30.64220467,"wins":0,"draws":0,"losses":1,"trades":1,"profit_factor":0.0}],"month":[{"date":"31/08/2025","date_ts":1756598400000,"profit_abs":-27.33994147,"wins":2,"draws":0,"losses":1,"trades":3,"profit_factor":0.10776846}],"year":[{"date":"31/12/2025","date_ts":1767139200000,"profit_abs":-27.33994147,"wins":2,"draws":0,"losses":1,"trades":3,"profit_factor":0.10776846}]},"backtest_best_day":0.004995004995004995,"backtest_worst_day":-0.09257898829667141,"backtest_best_day_abs":1.65263944,"backtest_worst_day_abs":-30.64220467,"winning_days":2,"draw_days":18,"losing_days":1,"daily_profit":[["2025-08-06",1.64962376],["2025-08-07",0.0],["2025-08-08",0.0],["2025-08-09",0.0],["2025-08-10",0.0],["2025-08-11",0.0],["2025-08-12",1.65263944],["2025-08-13",0.0],["2025-08-14",0.0],["2025-08-15",0.0],["2025-08-16",0.0],["2025-08-17",0.0],["2025-08-18",0.0],["2025-08-19",0.0],["2025-08-20",0.0],["2025-08-21",0.0],["2025-08-22",0.0],["2025-08-23",0.0],["2025-08-24",0.0],["2025-08-25",0.0],["2025-08-26",-30.64220467]],"wins":2,"losses":1,"draws":0,"winrate":0.6666666666666666,"holding_avg":"16:00:00","holding_avg_s":57600.0,"winner_holding_min":"0d 05:00","winner_holding_min_s":18000.0,"winner_holding_max":"0d 15:00","winner_holding_max_s":54000.0,"winner_holding_avg":"0d 10:00","winner_holding_avg_s":36000.0,"loser_holding_min":"1d 04:00","loser_holding_min_s":100800.0,"loser_holding_max":"1d 04:00","loser_holding_max_s":100800.0,"loser_holding_avg":"1d 04:00","loser_holding_avg_s":100800.0,"max_consecutive_wins":2,"max_consecutive_losses":1,"max_drawdown_account":0.030541349096799245,"max_relative_drawdown":0.030541349096799245,"max_drawdown_abs":30.64220467,"drawdown_start":"2025-08-12 01:00:00","drawdown_start_ts":1754960400000.0,"drawdown_end":"2025-08-26 00:00:00","drawdown_end_ts":1756166400000.0,"max_drawdown_low":-27.339941470000003,"max_drawdown_high":3.3022632,"csum_min":972.66005853,"csum_max":1003.3022632}},"strategy_comparison":[{"key":"GridTradingStrategy","trades":3,"profit_mean":-0.02752965943555381,"profit_mean_pct":-2.75,"profit_total_abs":-27.339941470000003,"profit_total":-0.027339941470000004,"profit_total_pct":-2.73,"duration_avg":"16:00:00","wins":2,"draws":0,"losses":1,"winrate":0.6666666666666666,"cagr":-0.3328372323729709,"expectancy":-9.113313823333334,"expectancy_ratio":-0.29741051342352165,"sortino":-100,"sharpe":-1.3724525694150949,"calmar":-68.40940087124845,"sqn":-0.8466,"profit_factor":0.107768459729435,"max_drawdown_account":0.030541349096799245,"max_drawdown_abs":"30.642"}]}