{"strategy":{"VATSMStrategy":{"trades":[{"pair":"ETH/USDT","stake_amount":35701.02008,"max_stake_amount":35701.02008,"amount":14.3539,"open_date":"2025-06-26 07:00:00+00:00","close_date":"2025-06-26 07:15:00+00:00","open_rate":2487.2,"close_rate":2488.25,"fee_open":0.001,"fee_close":0.001,"trade_duration":15,"profit_ratio":-0.0015766840106064982,"profit_abs":-56.34551675,"exit_reason":"exit_signal","initial_stop_loss_abs":1243.6,"initial_stop_loss_ratio":-0.5,"stop_loss_abs":1243.6,"stop_loss_ratio":-0.5,"min_rate":2480.28,"max_rate":2498.33,"is_open":false,"enter_tag":"","leverage":1.0,"is_short":false,"open_timestamp":1750921200000,"close_timestamp":1750922100000,"orders":[{"amount":14.3539,"safe_price":2487.2,"ft_order_side":"buy","order_filled_timestamp":1750921200000,"ft_is_entry":true,"ft_order_tag":"","cost":35736.721100079994},{"amount":14.3539,"safe_price":2488.25,"ft_order_side":"sell","order_filled_timestamp":1750922100000,"ft_is_entry":false,"ft_order_tag":"exit_signal","cost":35751.80776667499}],"funding_fees":0.0},{"pair":"ETH/USDT","stake_amount":37251.738696,"max_stake_amount":37251.738696,"amount":14.9384,"open_date":"2025-06-26 07:30:00+00:00","close_date":"2025-06-26 07:45:00+00:00","open_rate":2493.69,"close_rate":2495.0,"fee_open":0.001,"fee_close":0.001,"trade_duration":15,"profit_ratio":-0.0014737256777235678,"profit_abs":-54.9537427,"exit_reason":"exit_signal","initial_stop_loss_abs":1246.85,"initial_stop_loss_ratio":-0.5,"stop_loss_abs":1246.85,"stop_loss_ratio":-0.5,"min_rate":2488.04,"max_rate":2500.56,"is_open":false,"enter_tag":"","leverage":1.0,"is_short":false,"open_timestamp":1750923000000,"close_timestamp":1750923900000,"orders":[{"amount":14.9384,"safe_price":2493.69,"ft_order_side":"buy","order_filled_timestamp":1750923000000,"ft_is_entry":true,"ft_order_tag":"","cost":37288.990434695996},{"amount":14.9384,"safe_price":2495.0,"ft_order_side":"sell","order_filled_timestamp":1750923900000,"ft_is_entry":false,"ft_order_tag":"exit_signal","cost":37308.57930799999}],"funding_fees":0.0},{"pair":"ETH/USDT","stake_amount":38186.5743,"max_stake_amount":38186.5743,"amount":15.2838,"open_date":"2025-06-26 08:15:00+00:00","close_date":"2025-06-26 08:30:00+00:00","open_rate":2498.5,"close_rate":2490.13,"fee_open":0.001,"fee_close":0.001,"trade_duration":15,"profit_ratio":-0.005341318677215634,"profit_abs":-204.17062919,"exit_reason":"exit_signal","initial_stop_loss_abs":1249.25,"initial_stop_loss_ratio":-0.5,"stop_loss_abs":1249.25,"stop_loss_ratio":-0.5,"min_rate":2484.59,"max_rate":2500.4,"is_open":false,"enter_tag":"","leverage":1.0,"is_short":false,"open_timestamp":1750925700000,"close_timestamp":1750926600000,"orders":[{"amount":15.2838,"safe_price":2498.5,"ft_order_side":"buy","order_filled_timestamp":1750925700000,"ft_is_entry":true,"ft_order_tag":"","cost":38224.760874299995},{"amount":15.2838,"safe_price":2490.13,"ft_order_side":"sell","order_filled_timestamp":1750926600000,"ft_is_entry":false,"ft_order_tag":"exit_signal","cost":38096.70754289399}],"funding_fees":0.0},{"pair":"ETH/USDT","stake_amount":71251.034961,"max_stake_amount":71251.034961,"amount":29.3929,"open_date":"2025-06-28 05:30:00+00:00","close_date":"2025-06-28 06:15:00+00:00","open_rate":2424.09,"close_rate":2426.8,"fee_open":0.001,"fee_close":0.001,"trade_duration":45,"profit_ratio":-0.000882290364102513,"profit_abs":-62.92696568,"exit_reason":"exit_signal","initial_stop_loss_abs":1212.05,"initial_stop_loss_ratio":-0.5,"stop_loss_abs":1212.05,"stop_loss_ratio":-0.5,"min_rate":2417.86,"max_rate":2426.81,"is_open":false,"enter_tag":"","leverage":1.0,"is_short":false,"open_timestamp":1751088600000,"close_timestamp":1751091300000,"orders":[{"amount":29.3929,"safe_price":2424.09,"ft_order_side":"buy","order_filled_timestamp":1751088600000,"ft_is_entry":true,"ft_order_tag":"","cost":71322.285995961},{"amount":29.3929,"safe_price":2426.8,"ft_order_side":"sell","order_filled_timestamp":1751091300000,"ft_is_entry":false,"ft_order_tag":"exit_signal","cost":71402.02040972}],"funding_fees":0.0},{"pair":"ETH/USDT","stake_amount":72052.73365,"max_stake_amount":72052.73365,"amount":29.6941,"open_date":"2025-06-28 06:30:00+00:00","close_date":"2025-06-28 06:45:00+00:00","open_rate":2426.5,"close_rate":2424.98,"fee_open":0.001,"fee_close":0.001,"trade_duration":15,"profit_ratio":-0.002623167065807612,"profit_abs":-189.19536427,"exit_reason":"exit_signal","initial_stop_loss_abs":1213.25,"initial_stop_loss_ratio":-0.5,"stop_loss_abs":1213.25,"stop_loss_ratio":-0.5,"min_rate":2423.86,"max_rate":2427.56,"is_open":false,"enter_tag":"","leverage":1.0,"is_short":false,"open_timestamp":1751092200000,"close_timestamp":1751093100000,"orders":[{"amount":29.6941,"safe_price":2426.5,"ft_order_side":"buy","order_filled_timestamp":1751092200000,"ft_is_entry":true,"ft_order_tag":"","cost":72124.78638364999},{"amount":29.6941,"safe_price":2424.98,"ft_order_side":"sell","order_filled_timestamp":1751093100000,"ft_is_entry":false,"ft_order_tag":"exit_signal","cost":72079.60621661799}],"funding_fees":0.0},{"pair":"ETH/USDT","stake_amount":74814.448104,"max_stake_amount":74814.448104,"amount":30.8198,"open_date":"2025-06-28 07:00:00+00:00","close_date":"2025-06-28 08:15:00+00:00","open_rate":2427.48,"close_rate":2421.95,"fee_open":0.001,"fee_close":0.001,"trade_duration":75,"profit_ratio":-0.004271533004981002,"profit_abs":-319.89195671,"exit_reason":"exit_signal","initial_stop_loss_abs":1213.74,"initial_stop_loss_ratio":-0.5,"stop_loss_abs":1213.74,"stop_loss_ratio":-0.5,"min_rate":2419.87,"max_rate":2433.86,"is_open":false,"enter_tag":"","leverage":1.0,"is_short":false,"open_timestamp":1751094000000,"close_timestamp":1751098500000,"orders":[{"amount":30.8198,"safe_price":2427.48,"ft_order_side":"buy","order_filled_timestamp":1751094000000,"ft_is_entry":true,"ft_order_tag":"","cost":74889.26255210399},{"amount":30.8198,"safe_price":2421.95,"ft_order_side":"sell","order_filled_timestamp":1751098500000,"ft_is_entry":false,"ft_order_tag":"exit_signal","cost":74718.65862460999}],"funding_fees":0.0},{"pair":"ETH/USDT","stake_amount":70042.558338,"max_stake_amount":70042.558338,"amount":28.9291,"open_date":"2025-06-28 09:15:00+00:00","close_date":"2025-06-28 13:45:00+00:00","open_rate":2421.18,"close_rate":2422.55,"fee_open":0.001,"fee_close":0.001,"trade_duration":270,"profit_ratio":-0.0014332927498806954,"profit_abs":-100.49188254,"exit_reason":"exit_signal","initial_stop_loss_abs":1210.59,"initial_stop_loss_ratio":-0.5,"stop_loss_abs":1210.59,"stop_loss_ratio":-0.5,"min_rate":2419.65,"max_rate":2430.26,"is_open":false,"enter_tag":"","leverage":1.0,"is_short":false,"open_timestamp":1751102100000,"close_timestamp":1751118300000,"orders":[{"amount":28.9291,"safe_price":2421.18,"ft_order_side":"buy","order_filled_timestamp":1751102100000,"ft_is_entry":true,"ft_order_tag":"","cost":70112.60089633799},{"amount":28.9291,"safe_price":2422.55,"ft_order_side":"sell","order_filled_timestamp":1751118300000,"ft_is_entry":false,"ft_order_tag":"exit_signal","cost":70152.27339620498}],"funding_fees":0.0},{"pair":"ETH/USDT","stake_amount":98021.708445,"max_stake_amount":98021.708445,"amount":40.3985,"open_date":"2025-06-28 14:15:00+00:00","close_date":"2025-06-28 15:30:00+00:00","open_rate":2426.37,"close_rate":2424.91,"fee_open":0.001,"fee_close":0.001,"trade_duration":75,"profit_ratio":-0.00259852167022137,"profit_abs":-254.96624508,"exit_reason":"exit_signal","initial_stop_loss_abs":1213.19,"initial_stop_loss_ratio":-0.5,"stop_loss_abs":1213.19,"stop_loss_ratio":-0.5,"min_rate":2423.2,"max_rate":2427.69,"is_open":false,"enter_tag":"","leverage":1.0,"is_short":false,"open_timestamp":1751120100000,"close_timestamp":1751124600000,"orders":[{"amount":40.3985,"safe_price":2426.37,"ft_order_side":"buy","order_filled_timestamp":1751120100000,"ft_is_entry":true,"ft_order_tag":"","cost":98119.73015344498},{"amount":40.3985,"safe_price":2424.91,"ft_order_side":"sell","order_filled_timestamp":1751124600000,"ft_is_entry":false,"ft_order_tag":"exit_signal","cost":98060.68936163497}],"funding_fees":0.0},{"pair":"ETH/USDT","stake_amount":83215.95795,"max_stake_amount":83215.95795,"amount":34.1595,"open_date":"2025-06-28 16:00:00+00:00","close_date":"2025-06-28 21:00:00+00:00","open_rate":2436.1,"close_rate":2429.62,"fee_open":0.001,"fee_close":0.001,"trade_duration":300,"profit_ratio":-0.0046526766612148985,"profit_abs":-387.56412234,"exit_reason":"exit_signal","initial_stop_loss_abs":1218.05,"initial_stop_loss_ratio":-0.5,"stop_loss_abs":1218.05,"stop_loss_ratio":-0.5,"min_rate":2427.44,"max_rate":2447.8,"is_open":false,"enter_tag":"","leverage":1.0,"is_short":false,"open_timestamp":1751126400000,"close_timestamp":1751144400000,"orders":[{"amount":34.1595,"safe_price":2436.1,"ft_order_side":"buy","order_filled_timestamp":1751126400000,"ft_is_entry":true,"ft_order_tag":"","cost":83299.17390794998},{"amount":34.1595,"safe_price":2429.62,"ft_order_side":"sell","order_filled_timestamp":1751144400000,"ft_is_entry":false,"ft_order_tag":"exit_signal","cost":83077.59899438998}],"funding_fees":0.0},{"pair":"ETH/USDT","stake_amount":97079.392795,"max_stake_amount":97079.392795,"amount":39.7705,"open_date":"2025-06-28 22:45:00+00:00","close_date":"2025-06-28 23:15:00+00:00","open_rate":2440.99,"close_rate":2439.78,"fee_open":0.001,"fee_close":0.001,"trade_duration":30,"profit_ratio":-0.0024927121023891577,"profit_abs":-242.23296829,"exit_reason":"exit_signal","initial_stop_loss_abs":1220.5,"initial_stop_loss_ratio":-0.5,"stop_loss_abs":1220.5,"stop_loss_ratio":-0.5,"min_rate":2437.27,"max_rate":2442.21,"is_open":false,"enter_tag":"","leverage":1.0,"is_short":false,"open_timestamp":1751150700000,"close_timestamp":1751152500000,"orders":[{"amount":39.7705,"safe_price":2440.99,"ft_order_side":"buy","order_filled_timestamp":1751150700000,"ft_is_entry":true,"ft_order_tag":"","cost":97176.47218779498},{"amount":39.7705,"safe_price":2439.78,"ft_order_side":"sell","order_filled_timestamp":1751152500000,"ft_is_entry":false,"ft_order_tag":"exit_signal","cost":97128.30176049}],"funding_fees":0.0},{"pair":"ETH/USDT","stake_amount":97145.800804,"max_stake_amount":97145.800804,"amount":39.8372,"open_date":"2025-06-29 01:00:00+00:00","close_date":"2025-06-29 01:15:00+00:00","open_rate":2438.57,"close_rate":2435.0,"fee_open":0.001,"fee_close":0.001,"trade_duration":15,"profit_ratio":-0.003459049715626189,"profit_abs":-336.3681868,"exit_reason":"exit_signal","initial_stop_loss_abs":1219.29,"initial_stop_loss_ratio":-0.5,"stop_loss_abs":1219.29,"stop_loss_ratio":-0.5,"min_rate":2433.47,"max_rate":2438.59,"is_open":false,"enter_tag":"","leverage":1.0,"is_short":false,"open_timestamp":1751158800000,"close_timestamp":1751159700000,"orders":[{"amount":39.8372,"safe_price":2438.57,"ft_order_side":"buy","order_filled_timestamp":1751158800000,"ft_is_entry":true,"ft_order_tag":"","cost":97242.946604804},{"amount":39.8372,"safe_price":2435.0,"ft_order_side":"sell","order_filled_timestamp":1751159700000,"ft_is_entry":false,"ft_order_tag":"exit_signal","cost":97100.585582}],"funding_fees":0.0},{"pair":"ETH/USDT","stake_amount":96812.844566,"max_stake_amount":96812.844566,"amount":39.8474,"open_date":"2025-06-29 02:00:00+00:00","close_date":"2025-07-01 18:45:00+00:00","open_rate":2429.59,"close_rate":2422.59,"fee_open":0.001,"fee_close":0.001,"trade_duration":3885,"profit_ratio":-0.0048733900206576084,"profit_abs":-472.27855733,"exit_reason":"exit_signal","initial_stop_loss_abs":1214.8,"initial_stop_loss_ratio":-0.5,"stop_loss_abs":1214.8,"stop_loss_ratio":-0.5,"min_rate":2400.0,"max_rate":2525.0,"is_open":false,"enter_tag":"","leverage":1.0,"is_short":false,"open_timestamp":1751162400000,"close_timestamp":1751395500000,"orders":[{"amount":39.8474,"safe_price":2429.59,"ft_order_side":"buy","order_filled_timestamp":1751162400000,"ft_is_entry":true,"ft_order_tag":"","cost":96909.65741056598},{"amount":39.8474,"safe_price":2422.59,"ft_order_side":"sell","order_filled_timestamp":1751395500000,"ft_is_entry":false,"ft_order_tag":"exit_signal","cost":96630.44667876599}],"funding_fees":0.0},{"pair":"ETH/USDT","stake_amount":40484.829905,"max_stake_amount":40484.829905,"amount":16.7245,"open_date":"2025-07-01 19:30:00+00:00","close_date":"2025-07-01 21:30:00+00:00","open_rate":2420.69,"close_rate":2413.56,"fee_open":0.001,"fee_close":0.001,"trade_duration":120,"profit_ratio":-0.004937558176387327,"profit_abs":-200.09609912,"exit_reason":"exit_signal","initial_stop_loss_abs":1210.35,"initial_stop_loss_ratio":-0.5,"stop_loss_abs":1210.35,"stop_loss_ratio":-0.5,"min_rate":2393.95,"max_rate":2421.06,"is_open":false,"enter_tag":"","leverage":1.0,"is_short":false,"open_timestamp":1751398200000,"close_timestamp":1751405400000,"orders":[{"amount":16.7245,"safe_price":2420.69,"ft_order_side":"buy","order_filled_timestamp":1751398200000,"ft_is_entry":true,"ft_order_tag":"","cost":40525.314734905},{"amount":16.7245,"safe_price":2413.56,"ft_order_side":"sell","order_filled_timestamp":1751405400000,"ft_is_entry":false,"ft_order_tag":"exit_signal","cost":40405.94980421999}],"funding_fees":0.0},{"pair":"ETH/USDT","stake_amount":58714.560504,"max_stake_amount":58714.560504,"amount":23.9949,"open_date":"2025-07-02 06:15:00+00:00","close_date":"2025-07-02 06:30:00+00:00","open_rate":2446.96,"close_rate":2440.18,"fee_open":0.001,"fee_close":0.001,"trade_duration":15,"profit_ratio":-0.004763250938164518,"profit_abs":-279.95185759,"exit_reason":"exit_signal","initial_stop_loss_abs":1223.48,"initial_stop_loss_ratio":-0.5,"stop_loss_abs":1223.48,"stop_loss_ratio":-0.5,"min_rate":2438.38,"max_rate":2448.59,"is_open":false,"enter_tag":"","leverage":1.0,"is_short":false,"open_timestamp":1751436900000,"close_timestamp":1751437800000,"orders":[{"amount":23.9949,"safe_price":2446.96,"ft_order_side":"buy","order_filled_timestamp":1751436900000,"ft_is_entry":true,"ft_order_tag":"","cost":58773.27506450399},{"amount":23.9949,"safe_price":2440.18,"ft_order_side":"sell","order_filled_timestamp":1751437800000,"ft_is_entry":false,"ft_order_tag":"exit_signal","cost":58610.42695708199}],"funding_fees":0.0},{"pair":"ETH/USDT","stake_amount":53319.034837,"max_stake_amount":53319.034837,"amount":21.7843,"open_date":"2025-07-02 06:45:00+00:00","close_date":"2025-07-02 09:00:00+00:00","open_rate":2447.59,"close_rate":2449.16,"fee_open":0.001,"fee_close":0.001,"trade_duration":135,"profit_ratio":-0.0013578363096749372,"profit_abs":-72.47092002,"exit_reason":"exit_signal","initial_stop_loss_abs":1223.8,"initial_stop_loss_ratio":-0.5,"stop_loss_abs":1223.8,"stop_loss_ratio":-0.5,"min_rate":2441.98,"max_rate":2455.88,"is_open":false,"enter_tag":"","leverage":1.0,"is_short":false,"open_timestamp":1751438700000,"close_timestamp":1751446800000,"orders":[{"amount":21.7843,"safe_price":2447.59,"ft_order_side":"buy","order_filled_timestamp":1751438700000,"ft_is_entry":true,"ft_order_tag":"","cost":53372.353871837004},{"amount":21.7843,"safe_price":2449.16,"ft_order_side":"sell","order_filled_timestamp":1751446800000,"ft_is_entry":false,"ft_order_tag":"exit_signal","cost":53406.589424187994}],"funding_fees":0.0},{"pair":"ETH/USDT","stake_amount":60436.711159,"max_stake_amount":60436.711159,"amount":24.6611,"open_date":"2025-07-02 09:15:00+00:00","close_date":"2025-07-02 12:00:00+00:00","open_rate":2450.69,"close_rate":2445.69,"fee_open":0.001,"fee_close":0.001,"trade_duration":165,"profit_ratio":-0.004034167318826341,"profit_abs":-244.05561682,"exit_reason":"exit_signal","initial_stop_loss_abs":1225.35,"initial_stop_loss_ratio":-0.5,"stop_loss_abs":1225.35,"stop_loss_ratio":-0.5,"min_rate":2441.7,"max_rate":2459.99,"is_open":false,"enter_tag":"","leverage":1.0,"is_short":false,"open_timestamp":1751447700000,"close_timestamp":1751457600000,"orders":[{"amount":24.6611,"safe_price":2450.69,"ft_order_side":"buy","order_filled_timestamp":1751447700000,"ft_is_entry":true,"ft_order_tag":"","cost":60497.147870159},{"amount":24.6611,"safe_price":2445.69,"ft_order_side":"sell","order_filled_timestamp":1751457600000,"ft_is_entry":false,"ft_order_tag":"exit_signal","cost":60373.719064658995}],"funding_fees":0.0},{"pair":"ETH/USDT","stake_amount":50149.577625,"max_stake_amount":50149.577625,"amount":20.3525,"open_date":"2025-07-02 14:30:00+00:00","close_date":"2025-07-25 17:30:00+00:00","open_rate":2464.05,"close_rate":3634.32,"fee_open":0.001,"fee_close":0.001,"trade_duration":33300,"profit_ratio":0.47199067445013976,"profit_abs":23693.80309958,"exit_reason":"exit_signal","initial_stop_loss_abs":1232.03,"initial_stop_loss_ratio":-0.5,"stop_loss_abs":1232.03,"stop_loss_ratio":-0.5,"min_rate":2459.74,"max_rate":3860.0,"is_open":false,"enter_tag":"","leverage":1.0,"is_short":false,"open_timestamp":1751466600000,"close_timestamp":1753464600000,"orders":[{"amount":20.3525,"safe_price":2464.05,"ft_order_side":"buy","order_filled_timestamp":1751466600000,"ft_is_entry":true,"ft_order_tag":"","cost":50199.72720262499},{"amount":20.3525,"safe_price":3634.32,"ft_order_side":"sell","order_filled_timestamp":1753464600000,"ft_is_entry":false,"ft_order_tag":"exit_signal","cost":74041.4652978}],"funding_fees":0.0},{"pair":"ETH/USDT","stake_amount":33103.772322,"max_stake_amount":33103.772322,"amount":9.0698,"open_date":"2025-07-25 18:30:00+00:00","close_date":"2025-07-25 19:00:00+00:00","open_rate":3649.89,"close_rate":3650.25,"fee_open":0.001,"fee_close":0.001,"trade_duration":30,"profit_ratio":-0.0018995659576005036,"profit_abs":-62.94568177,"exit_reason":"exit_signal","initial_stop_loss_abs":1824.95,"initial_stop_loss_ratio":-0.5,"stop_loss_abs":1824.95,"stop_loss_ratio":-0.5,"min_rate":3644.89,"max_rate":3658.52,"is_open":false,"enter_tag":"","leverage":1.0,"is_short":false,"open_timestamp":1753468200000,"close_timestamp":1753470000000,"orders":[{"amount":9.0698,"safe_price":3649.89,"ft_order_side":"buy","order_filled_timestamp":1753468200000,"ft_is_entry":true,"ft_order_tag":"","cost":33136.876094322004},{"amount":9.0698,"safe_price":3650.25,"ft_order_side":"sell","order_filled_timestamp":1753470000000,"ft_is_entry":false,"ft_order_tag":"exit_signal","cost":33140.14448745}],"funding_fees":0.0},{"pair":"ETH/USDT","stake_amount":35861.62856,"max_stake_amount":35861.62856,"amount":9.8122,"open_date":"2025-07-25 19:15:00+00:00","close_date":"2025-07-25 19:30:00+00:00","open_rate":3654.8,"close_rate":3643.98,"fee_open":0.001,"fee_close":0.001,"trade_duration":15,"profit_ratio":-0.00495257724665825,"profit_abs":-177.78509312,"exit_reason":"exit_signal","initial_stop_loss_abs":1827.4,"initial_stop_loss_ratio":-0.5,"stop_loss_abs":1827.4,"stop_loss_ratio":-0.5,"min_rate":3643.37,"max_rate":3658.8,"is_open":false,"enter_tag":"","leverage":1.0,"is_short":false,"open_timestamp":1753470900000,"close_timestamp":1753471800000,"orders":[{"amount":9.8122,"safe_price":3654.8,"ft_order_side":"buy","order_filled_timestamp":1753470900000,"ft_is_entry":true,"ft_order_tag":"","cost":35897.49018856},{"amount":9.8122,"safe_price":3643.98,"ft_order_side":"sell","order_filled_timestamp":1753471800000,"ft_is_entry":false,"ft_order_tag":"exit_signal","cost":35791.216016556}],"funding_fees":0.0},{"pair":"ETH/USDT","stake_amount":36368.439796,"max_stake_amount":36368.439796,"amount":9.9494,"open_date":"2025-07-25 19:45:00+00:00","close_date":"2025-07-28 18:15:00+00:00","open_rate":3655.34,"close_rate":3777.74,"fee_open":0.001,"fee_close":0.001,"trade_duration":4230,"profit_ratio":0.03142035157667104,"profit_abs":1143.85187385,"exit_reason":"exit_signal","initial_stop_loss_abs":1827.67,"initial_stop_loss_ratio":-0.5,"stop_loss_abs":1827.67,"stop_loss_ratio":-0.5,"min_rate":3639.5,"max_rate":3941.0,"is_open":false,"enter_tag":"","leverage":1.0,"is_short":false,"open_timestamp":1753472700000,"close_timestamp":1753726500000,"orders":[{"amount":9.9494,"safe_price":3655.34,"ft_order_side":"buy","order_filled_timestamp":1753472700000,"ft_is_entry":true,"ft_order_tag":"","cost":36404.808235796},{"amount":9.9494,"safe_price":3777.74,"ft_order_side":"sell","order_filled_timestamp":1753726500000,"ft_is_entry":false,"ft_order_tag":"exit_signal","cost":37623.832602356}],"funding_fees":0.0},{"pair":"ETH/USDT","stake_amount":39469.830624,"max_stake_amount":39469.830624,"amount":10.3833,"open_date":"2025-07-28 19:15:00+00:00","close_date":"2025-07-28 19:30:00+00:00","open_rate":3801.28,"close_rate":3799.5,"fee_open":0.001,"fee_close":0.001,"trade_duration":15,"profit_ratio":-0.0024653297286765887,"profit_abs":-97.40345297,"exit_reason":"exit_signal","initial_stop_loss_abs":1900.64,"initial_stop_loss_ratio":-0.5,"stop_loss_abs":1900.64,"stop_loss_ratio":-0.5,"min_rate":3770.02,"max_rate":3806.8,"is_open":false,"enter_tag":"","leverage":1.0,"is_short":false,"open_timestamp":1753730100000,"close_timestamp":1753731000000,"orders":[{"amount":10.3833,"safe_price":3801.28,"ft_order_side":"buy","order_filled_timestamp":1753730100000,"ft_is_entry":true,"ft_order_tag":"","cost":39509.300454624},{"amount":10.3833,"safe_price":3799.5,"ft_order_side":"sell","order_filled_timestamp":1753731000000,"ft_is_entry":false,"ft_order_tag":"exit_signal","cost":39490.79969835}],"funding_fees":0.0},{"pair":"ETH/USDT","stake_amount":33765.834303,"max_stake_amount":33765.834303,"amount":8.8919,"open_date":"2025-07-28 20:00:00+00:00","close_date":"2025-07-28 20:15:00+00:00","open_rate":3797.37,"close_rate":3781.25,"fee_open":0.001,"fee_close":0.001,"trade_duration":15,"profit_ratio":-0.006234563673060501,"profit_abs":-210.72575918,"exit_reason":"exit_signal","initial_stop_loss_abs":1898.69,"initial_stop_loss_ratio":-0.5,"stop_loss_abs":1898.69,"stop_loss_ratio":-0.5,"min_rate":3766.0,"max_rate":3803.98,"is_open":false,"enter_tag":"","leverage":1.0,"is_short":false,"open_timestamp":1753732800000,"close_timestamp":1753733700000,"orders":[{"amount":8.8919,"safe_price":3797.37,"ft_order_side":"buy","order_filled_timestamp":1753732800000,"ft_is_entry":true,"ft_order_tag":"","cost":33799.600137302994},{"amount":8.8919,"safe_price":3781.25,"ft_order_side":"sell","order_filled_timestamp":1753733700000,"ft_is_entry":false,"ft_order_tag":"exit_signal","cost":33656.11937187499}],"funding_fees":0.0},{"pair":"ETH/USDT","stake_amount":34425.70752,"max_stake_amount":34425.70752,"amount":9.088,"open_date":"2025-07-28 21:00:00+00:00","close_date":"2025-07-28 22:45:00+00:00","open_rate":3788.04,"close_rate":3776.53,"fee_open":0.001,"fee_close":0.001,"trade_duration":105,"profit_ratio":-0.005030441728575856,"profit_abs":-173.34969216,"exit_reason":"exit_signal","initial_stop_loss_abs":1894.02,"initial_stop_loss_ratio":-0.5,"stop_loss_abs":1894.02,"stop_loss_ratio":-0.5,"min_rate":3766.01,"max_rate":3803.56,"is_open":false,"enter_tag":"","leverage":1.0,"is_short":false,"open_timestamp":1753736400000,"close_timestamp":1753742700000,"orders":[{"amount":9.088,"safe_price":3788.04,"ft_order_side":"buy","order_filled_timestamp":1753736400000,"ft_is_entry":true,"ft_order_tag":"","cost":34460.13322751999},{"amount":9.088,"safe_price":3776.53,"ft_order_side":"sell","order_filled_timestamp":1753742700000,"ft_is_entry":false,"ft_order_tag":"exit_signal","cost":34355.42574463999}],"funding_fees":0.0},{"pair":"ETH/USDT","stake_amount":40526.0576,"max_stake_amount":40526.0576,"amount":10.64,"open_date":"2025-07-29 00:15:00+00:00","close_date":"2025-07-29 00:30:00+00:00","open_rate":3808.84,"close_rate":3810.0,"fee_open":0.001,"fee_close":0.001,"trade_duration":15,"profit_ratio":-0.0016940558312734618,"profit_abs":-68.7220576,"exit_reason":"exit_signal","initial_stop_loss_abs":1904.42,"initial_stop_loss_ratio":-0.5,"stop_loss_abs":1904.42,"stop_loss_ratio":-0.5,"min_rate":3744.3,"max_rate":3821.48,"is_open":false,"enter_tag":"","leverage":1.0,"is_short":false,"open_timestamp":1753748100000,"close_timestamp":1753749000000,"orders":[{"amount":10.64,"safe_price":3808.84,"ft_order_side":"buy","order_filled_timestamp":1753748100000,"ft_is_entry":true,"ft_order_tag":"","cost":40566.58365759999},{"amount":10.64,"safe_price":3810.0,"ft_order_side":"sell","order_filled_timestamp":1753749000000,"ft_is_entry":false,"ft_order_tag":"exit_signal","cost":40578.9384}],"funding_fees":0.0},{"pair":"ETH/USDT","stake_amount":27551.244288,"max_stake_amount":27551.244288,"amount":7.2816,"open_date":"2025-07-29 01:15:00+00:00","close_date":"2025-07-29 01:45:00+00:00","open_rate":3783.68,"close_rate":3786.08,"fee_open":0.001,"fee_close":0.001,"trade_duration":30,"profit_ratio":-0.0013649662247188412,"profit_abs":-37.64412442,"exit_reason":"exit_signal","initial_stop_loss_abs":1891.84,"initial_stop_loss_ratio":-0.5,"stop_loss_abs":1891.84,"stop_loss_ratio":-0.5,"min_rate":3758.0,"max_rate":3798.76,"is_open":false,"enter_tag":"","leverage":1.0,"is_short":false,"open_timestamp":1753751700000,"close_timestamp":1753753500000,"orders":[{"amount":7.2816,"safe_price":3783.68,"ft_order_side":"buy","order_filled_timestamp":1753751700000,"ft_is_entry":true,"ft_order_tag":"","cost":27578.795532287993},{"amount":7.2816,"safe_price":3786.08,"ft_order_side":"sell","order_filled_timestamp":1753753500000,"ft_is_entry":false,"ft_order_tag":"exit_signal","cost":27596.288848128}],"funding_fees":0.0},{"pair":"ETH/USDT","stake_amount":32221.596204,"max_stake_amount":32221.596204,"amount":8.4762,"open_date":"2025-07-29 04:15:00+00:00","close_date":"2025-08-01 03:00:00+00:00","open_rate":3801.42,"close_rate":3716.39,"fee_open":0.001,"fee_close":0.001,"trade_duration":4245,"profit_ratio":-0.02432126801172165,"profit_abs":-784.45374712,"exit_reason":"exit_signal","initial_stop_loss_abs":1900.71,"initial_stop_loss_ratio":-0.5,"stop_loss_abs":1900.71,"stop_loss_ratio":-0.5,"min_rate":3616.66,"max_rate":3886.44,"is_open":false,"enter_tag":"","leverage":1.0,"is_short":false,"open_timestamp":1753762500000,"close_timestamp":1754017200000,"orders":[{"amount":8.4762,"safe_price":3801.42,"ft_order_side":"buy","order_filled_timestamp":1753762500000,"ft_is_entry":true,"ft_order_tag":"","cost":32253.817800203997},{"amount":8.4762,"safe_price":3716.39,"ft_order_side":"sell","order_filled_timestamp":1754017200000,"ft_is_entry":false,"ft_order_tag":"exit_signal","cost":31532.365782917997}],"funding_fees":0.0},{"pair":"ETH/USDT","stake_amount":34111.315026,"max_stake_amount":34111.315026,"amount":9.2502,"open_date":"2025-08-01 04:45:00+00:00","close_date":"2025-08-01 05:00:00+00:00","open_rate":3687.63,"close_rate":3682.08,"fee_open":0.001,"fee_close":0.001,"trade_duration":15,"profit_ratio":-0.003500026628644197,"profit_abs":-119.50990144,"exit_reason":"exit_signal","initial_stop_loss_abs":1843.82,"initial_stop_loss_ratio":-0.5,"stop_loss_abs":1843.82,"stop_loss_ratio":-0.5,"min_rate":3677.22,"max_rate":3693.31,"is_open":false,"enter_tag":"","leverage":1.0,"is_short":false,"open_timestamp":1754023500000,"close_timestamp":1754024400000,"orders":[{"amount":9.2502,"safe_price":3687.63,"ft_order_side":"buy","order_filled_timestamp":1754023500000,"ft_is_entry":true,"ft_order_tag":"","cost":34145.426341025995},{"amount":9.2502,"safe_price":3682.08,"ft_order_side":"sell","order_filled_timestamp":1754024400000,"ft_is_entry":false,"ft_order_tag":"exit_signal","cost":34094.036392416}],"funding_fees":0.0},{"pair":"ETH/USDT","stake_amount":34864.342146,"max_stake_amount":34864.342146,"amount":9.5014,"open_date":"2025-08-01 12:45:00+00:00","close_date":"2025-08-01 13:30:00+00:00","open_rate":3669.39,"close_rate":3653.75,"fee_open":0.001,"fee_close":0.001,"trade_duration":45,"profit_ratio":-0.00625177476382188,"profit_abs":-218.1819784,"exit_reason":"exit_signal","initial_stop_loss_abs":1834.7,"initial_stop_loss_ratio":-0.5,"stop_loss_abs":1834.7,"stop_loss_ratio":-0.5,"min_rate":3624.34,"max_rate":3675.85,"is_open":false,"enter_tag":"","leverage":1.0,"is_short":false,"open_timestamp":1754052300000,"close_timestamp":1754055000000,"orders":[{"amount":9.5014,"safe_price":3669.39,"ft_order_side":"buy","order_filled_timestamp":1754052300000,"ft_is_entry":true,"ft_order_tag":"","cost":34899.206488145996},{"amount":9.5014,"safe_price":3653.75,"ft_order_side":"sell","order_filled_timestamp":1754055000000,"ft_is_entry":false,"ft_order_tag":"exit_signal","cost":34750.45599025}],"funding_fees":0.0},{"pair":"ETH/USDT","stake_amount":27129.074265,"max_stake_amount":27129.074265,"amount":7.4673,"open_date":"2025-08-01 15:00:00+00:00","close_date":"2025-08-01 15:15:00+00:00","open_rate":3633.05,"close_rate":3612.06,"fee_open":0.001,"fee_close":0.001,"trade_duration":15,"profit_ratio":-0.007763973272182256,"profit_abs":-210.8400369,"exit_reason":"exit_signal","initial_stop_loss_abs":1816.53,"initial_stop_loss_ratio":-0.5,"stop_loss_abs":1816.53,"stop_loss_ratio":-0.5,"min_rate":3583.04,"max_rate":3636.67,"is_open":false,"enter_tag":"","leverage":1.0,"is_short":false,"open_timestamp":1754060400000,"close_timestamp":1754061300000,"orders":[{"amount":7.4673,"safe_price":3633.05,"ft_order_side":"buy","order_filled_timestamp":1754060400000,"ft_is_entry":true,"ft_order_tag":"","cost":27156.203339264997},{"amount":7.4673,"safe_price":3612.06,"ft_order_side":"sell","order_filled_timestamp":1754061300000,"ft_is_entry":false,"ft_order_tag":"exit_signal","cost":26999.307973638}],"funding_fees":0.0},{"pair":"ETH/USDT","stake_amount":26012.971376,"max_stake_amount":26012.971376,"amount":7.2016,"open_date":"2025-08-01 15:45:00+00:00","close_date":"2025-08-01 16:45:00+00:00","open_rate":3612.11,"close_rate":3612.37,"fee_open":0.001,"fee_close":0.001,"trade_duration":60,"profit_ratio":-0.0019261657252409026,"profit_abs":-50.15539917,"exit_reason":"exit_signal","initial_stop_loss_abs":1806.06,"initial_stop_loss_ratio":-0.5,"stop_loss_abs":1806.06,"stop_loss_ratio":-0.5,"min_rate":3575.61,"max_rate":3634.0,"is_open":false,"enter_tag":"","leverage":1.0,"is_short":false,"open_timestamp":1754063100000,"close_timestamp":1754066700000,"orders":[{"amount":7.2016,"safe_price":3612.11,"ft_order_side":"buy","order_filled_timestamp":1754063100000,"ft_is_entry":true,"ft_order_tag":"","cost":26038.984347375997},{"amount":7.2016,"safe_price":3612.37,"ft_order_side":"sell","order_filled_timestamp":1754066700000,"ft_is_entry":false,"ft_order_tag":"exit_signal","cost":26040.858635791996}],"funding_fees":0.0},{"pair":"ETH/USDT","stake_amount":27130.891897,"max_stake_amount":27130.891897,"amount":7.1471,"open_date":"2025-08-07 10:15:00+00:00","close_date":"2025-08-07 13:30:00+00:00","open_rate":3796.07,"close_rate":3832.11,"fee_open":0.001,"fee_close":0.001,"trade_duration":195,"profit_ratio":0.007477058263719322,"profit_abs":203.06211872,"exit_reason":"exit_signal","initial_stop_loss_abs":1898.04,"initial_stop_loss_ratio":-0.5,"stop_loss_abs":1898.04,"stop_loss_ratio":-0.5,"min_rate":3785.9,"max_rate":3864.0,"is_open":false,"enter_tag":"","leverage":1.0,"is_short":false,"open_timestamp":1754561700000,"close_timestamp":1754573400000,"orders":[{"amount":7.1471,"safe_price":3796.07,"ft_order_side":"buy","order_filled_timestamp":1754561700000,"ft_is_entry":true,"ft_order_tag":"","cost":27158.022788896997},{"amount":7.1471,"safe_price":3832.11,"ft_order_side":"sell","order_filled_timestamp":1754573400000,"ft_is_entry":false,"ft_order_tag":"exit_signal","cost":27415.861854380997}],"funding_fees":0.0},{"pair":"ETH/USDT","stake_amount":33432.013056,"max_stake_amount":33432.013056,"amount":8.6624,"open_date":"2025-08-07 13:45:00+00:00","close_date":"2025-08-07 14:15:00+00:00","open_rate":3859.44,"close_rate":3830.0,"fee_open":0.001,"fee_close":0.001,"trade_duration":30,"profit_ratio":-0.009610810804885931,"profit_abs":-321.63006106,"exit_reason":"exit_signal","initial_stop_loss_abs":1929.72,"initial_stop_loss_ratio":-0.5,"stop_loss_abs":1929.72,"stop_loss_ratio":-0.5,"min_rate":3827.74,"max_rate":3865.64,"is_open":false,"enter_tag":"","leverage":1.0,"is_short":false,"open_timestamp":1754574300000,"close_timestamp":1754576100000,"orders":[{"amount":8.6624,"safe_price":3859.44,"ft_order_side":"buy","order_filled_timestamp":1754574300000,"ft_is_entry":true,"ft_order_tag":"","cost":33465.445069056},{"amount":8.6624,"safe_price":3830.0,"ft_order_side":"sell","order_filled_timestamp":1754576100000,"ft_is_entry":false,"ft_order_tag":"exit_signal","cost":33210.16899199999}],"funding_fees":0.0},{"pair":"ETH/USDT","stake_amount":41320.27812,"max_stake_amount":41320.27812,"amount":10.6837,"open_date":"2025-08-07 20:00:00+00:00","close_date":"2025-08-07 20:15:00+00:00","open_rate":3867.6,"close_rate":3856.46,"fee_open":0.001,"fee_close":0.001,"trade_duration":15,"profit_ratio":-0.004872586302882349,"profit_abs":-201.53795782,"exit_reason":"exit_signal","initial_stop_loss_abs":1933.8,"initial_stop_loss_ratio":-0.5,"stop_loss_abs":1933.8,"stop_loss_ratio":-0.5,"min_rate":3851.22,"max_rate":3869.5,"is_open":false,"enter_tag":"","leverage":1.0,"is_short":false,"open_timestamp":1754596800000,"close_timestamp":1754597700000,"orders":[{"amount":10.6837,"safe_price":3867.6,"ft_order_side":"buy","order_filled_timestamp":1754596800000,"ft_is_entry":true,"ft_order_tag":"","cost":41361.59839811999},{"amount":10.6837,"safe_price":3856.46,"ft_order_side":"sell","order_filled_timestamp":1754597700000,"ft_is_entry":false,"ft_order_tag":"exit_signal","cost":41242.462963702}],"funding_fees":0.0},{"pair":"ETH/USDT","stake_amount":43988.64876,"max_stake_amount":43988.64876,"amount":11.3544,"open_date":"2025-08-07 21:00:00+00:00","close_date":"2025-08-18 14:00:00+00:00","open_rate":3874.15,"close_rate":4286.13,"fee_open":0.001,"fee_close":0.001,"trade_duration":15420,"profit_ratio":0.10413027469160453,"profit_abs":4585.13062877,"exit_reason":"exit_signal","initial_stop_loss_abs":1937.08,"initial_stop_loss_ratio":-0.5,"stop_loss_abs":1937.08,"stop_loss_ratio":-0.5,"min_rate":3858.72,"max_rate":4788.0,"is_open":false,"enter_tag":"","leverage":1.0,"is_short":false,"open_timestamp":1754600400000,"close_timestamp":1755525600000,"orders":[{"amount":11.3544,"safe_price":3874.15,"ft_order_side":"buy","order_filled_timestamp":1754600400000,"ft_is_entry":true,"ft_order_tag":"","cost":44032.63740876},{"amount":11.3544,"safe_price":4286.13,"ft_order_side":"sell","order_filled_timestamp":1755525600000,"ft_is_entry":false,"ft_order_tag":"exit_signal","cost":48715.100906472}],"funding_fees":0.0},{"pair":"ETH/USDT","stake_amount":25468.983664,"max_stake_amount":25468.983664,"amount":5.9044,"open_date":"2025-08-18 14:15:00+00:00","close_date":"2025-08-18 14:45:00+00:00","open_rate":4313.56,"close_rate":4296.01,"fee_open":0.001,"fee_close":0.001,"trade_duration":30,"profit_ratio":-0.006058438172594089,"profit_abs":-154.45656511,"exit_reason":"exit_signal","initial_stop_loss_abs":2156.78,"initial_stop_loss_ratio":-0.5,"stop_loss_abs":2156.78,"stop_loss_ratio":-0.5,"min_rate":4281.25,"max_rate":4334.61,"is_open":false,"enter_tag":"","leverage":1.0,"is_short":false,"open_timestamp":1755526500000,"close_timestamp":1755528300000,"orders":[{"amount":5.9044,"safe_price":4313.56,"ft_order_side":"buy","order_filled_timestamp":1755526500000,"ft_is_entry":true,"ft_order_tag":"","cost":25494.452647664},{"amount":5.9044,"safe_price":4296.01,"ft_order_side":"sell","order_filled_timestamp":1755528300000,"ft_is_entry":false,"ft_order_tag":"exit_signal","cost":25390.726805444}],"funding_fees":0.0},{"pair":"ETH/USDT","stake_amount":24987.19164,"max_stake_amount":24987.19164,"amount":5.766,"open_date":"2025-08-18 15:00:00+00:00","close_date":"2025-08-18 16:15:00+00:00","open_rate":4333.54,"close_rate":4337.58,"fee_open":0.001,"fee_close":0.001,"trade_duration":75,"profit_ratio":-0.0010676014312763944,"profit_abs":-26.70303792,"exit_reason":"exit_signal","initial_stop_loss_abs":2166.77,"initial_stop_loss_ratio":-0.5,"stop_loss_abs":2166.77,"stop_loss_ratio":-0.5,"min_rate":4298.23,"max_rate":4360.95,"is_open":false,"enter_tag":"","leverage":1.0,"is_short":false,"open_timestamp":1755529200000,"close_timestamp":1755533700000,"orders":[{"amount":5.766,"safe_price":4333.54,"ft_order_side":"buy","order_filled_timestamp":1755529200000,"ft_is_entry":true,"ft_order_tag":"","cost":25012.178831639998},{"amount":5.766,"safe_price":4337.58,"ft_order_side":"sell","order_filled_timestamp":1755533700000,"ft_is_entry":false,"ft_order_tag":"exit_signal","cost":25035.496766279997}],"funding_fees":0.0},{"pair":"ETH/USDT","stake_amount":28581.34158,"max_stake_amount":28581.34158,"amount":6.6155,"open_date":"2025-08-18 17:00:00+00:00","close_date":"2025-08-19 03:15:00+00:00","open_rate":4320.36,"close_rate":4272.5,"fee_open":0.001,"fee_close":0.001,"trade_duration":615,"profit_ratio":-0.013053649125643127,"profit_abs":-373.46389533,"exit_reason":"exit_signal","initial_stop_loss_abs":2160.18,"initial_stop_loss_ratio":-0.5,"stop_loss_abs":2160.18,"stop_loss_ratio":-0.5,"min_rate":4250.01,"max_rate":4388.65,"is_open":false,"enter_tag":"","leverage":1.0,"is_short":false,"open_timestamp":1755536400000,"close_timestamp":1755573300000,"orders":[{"amount":6.6155,"safe_price":4320.36,"ft_order_side":"buy","order_filled_timestamp":1755536400000,"ft_is_entry":true,"ft_order_tag":"","cost":28609.922921579993},{"amount":6.6155,"safe_price":4272.5,"ft_order_side":"sell","order_filled_timestamp":1755573300000,"ft_is_entry":false,"ft_order_tag":"exit_signal","cost":28292.98847375}],"funding_fees":0.0},{"pair":"ETH/USDT","stake_amount":42042.33374,"max_stake_amount":42042.33374,"amount":9.8786,"open_date":"2025-08-19 09:00:00+00:00","close_date":"2025-08-19 13:45:00+00:00","open_rate":4255.9,"close_rate":4278.1,"fee_open":0.001,"fee_close":0.001,"trade_duration":285,"profit_ratio":0.0032078638248896007,"profit_abs":135.0009476,"exit_reason":"exit_signal","initial_stop_loss_abs":2127.95,"initial_stop_loss_ratio":-0.5,"stop_loss_abs":2127.95,"stop_loss_ratio":-0.5,"min_rate":4254.38,"max_rate":4340.15,"is_open":false,"enter_tag":"","leverage":1.0,"is_short":false,"open_timestamp":1755594000000,"close_timestamp":1755611100000,"orders":[{"amount":9.8786,"safe_price":4255.9,"ft_order_side":"buy","order_filled_timestamp":1755594000000,"ft_is_entry":true,"ft_order_tag":"","cost":42084.37607374},{"amount":9.8786,"safe_price":4278.1,"ft_order_side":"sell","order_filled_timestamp":1755611100000,"ft_is_entry":false,"ft_order_tag":"exit_signal","cost":42303.90029866}],"funding_fees":0.0},{"pair":"ETH/USDT","stake_amount":41448.466342,"max_stake_amount":41448.466342,"amount":9.6571,"open_date":"2025-08-19 14:00:00+00:00","close_date":"2025-08-19 14:15:00+00:00","open_rate":4292.02,"close_rate":4272.9,"fee_open":0.001,"fee_close":0.001,"trade_duration":15,"profit_ratio":-0.00644388020956469,"profit_abs":-267.35604093,"exit_reason":"exit_signal","initial_stop_loss_abs":2146.01,"initial_stop_loss_ratio":-0.5,"stop_loss_abs":2146.01,"stop_loss_ratio":-0.5,"min_rate":4207.5,"max_rate":4306.51,"is_open":false,"enter_tag":"","leverage":1.0,"is_short":false,"open_timestamp":1755612000000,"close_timestamp":1755612900000,"orders":[{"amount":9.6571,"safe_price":4292.02,"ft_order_side":"buy","order_filled_timestamp":1755612000000,"ft_is_entry":true,"ft_order_tag":"","cost":41489.91480834199},{"amount":9.6571,"safe_price":4272.9,"ft_order_side":"sell","order_filled_timestamp":1755612900000,"ft_is_entry":false,"ft_order_tag":"exit_signal","cost":41305.08641258999}],"funding_fees":0.0},{"pair":"ETH/USDT","stake_amount":12294.6687,"max_stake_amount":12294.6687,"amount":2.5439,"open_date":"2025-08-22 20:00:00+00:00","close_date":"2025-08-26 00:00:00+00:00","open_rate":4833.0,"close_rate":4376.17,"fee_open":0.001,"fee_close":0.001,"trade_duration":4560,"profit_ratio":-0.09633221527051898,"profit_abs":-1185.55704456,"exit_reason":"force_exit","initial_stop_loss_abs":2416.5,"initial_stop_loss_ratio":-0.5,"stop_loss_abs":2416.5,"stop_loss_ratio":-0.5,"min_rate":4334.13,"max_rate":4956.78,"is_open":false,"enter_tag":"","leverage":1.0,"is_short":false,"open_timestamp":1755892800000,"close_timestamp":1756166400000,"orders":[{"amount":2.5439,"safe_price":4833.0,"ft_order_side":"buy","order_filled_timestamp":1755892800000,"ft_is_entry":true,"ft_order_tag":"","cost":12306.963368699997},{"amount":2.5439,"safe_price":4376.17,"ft_order_side":"sell","order_filled_timestamp":1756166400000,"ft_is_entry":false,"ft_order_tag":"force_exit","cost":11143.671401863}],"funding_fees":0.0}],"locks":[],"best_pair":{"key":"ETH/USDT","trades":40,"profit_mean":0.0090652789558501,"profit_mean_pct":0.91,"profit_total_abs":21540.466510309998,"profit_total":0.21540466510309997,"profit_total_pct":21.54,"duration_avg":"1 day, 4:34:00","wins":5,"draws":0,"losses":35,"winrate":0.125,"cagr":2.2763136313969166,"expectancy":538.5116627577501,"expectancy_ratio":2.2928262742258463,"sortino":31.14274922670535,"sharpe":1.8077499274627309,"calmar":197.20849777659782,"sqn":0.8864,"profit_factor":3.6203728848295382,"max_drawdown_account":0.034779606312300024,"max_drawdown_abs":3477.9606312299998},"worst_pair":{"key":"ETH/USDT","trades":40,"profit_mean":0.0090652789558501,"profit_mean_pct":0.91,"profit_total_abs":21540.466510309998,"profit_total":0.21540466510309997,"profit_total_pct":21.54,"duration_avg":"1 day, 4:34:00","wins":5,"draws":0,"losses":35,"winrate":0.125,"cagr":2.2763136313969166,"expectancy":538.5116627577501,"expectancy_ratio":2.2928262742258463,"sortino":31.14274922670535,"sharpe":1.8077499274627309,"calmar":197.20849777659782,"sqn":0.8864,"profit_factor":3.6203728848295382,"max_drawdown_account":0.034779606312300024,"max_drawdown_abs":3477.9606312299998},"results_per_pair":[{"key":"ETH/USDT","trades":40,"profit_mean":0.0090652789558501,"profit_mean_pct":0.91,"profit_total_abs":21540.466510309998,"profit_total":0.21540466510309997,"profit_total_pct":21.54,"duration_avg":"1 day, 4:34:00","wins":5,"draws":0,"losses":35,"winrate":0.125,"cagr":2.2763136313969166,"expectancy":538.5116627577501,"expectancy_ratio":2.2928262742258463,"sortino":31.14274922670535,"sharpe":1.8077499274627309,"calmar":197.20849777659782,"sqn":0.8864,"profit_factor":3.6203728848295382,"max_drawdown_account":0.034779606312300024,"max_drawdown_abs":3477.9606312299998},{"key":"TOTAL","trades":40,"profit_mean":0.0090652789558501,"profit_mean_pct":0.91,"profit_total_abs":21540.466510309998,"profit_total":0.21540466510309997,"profit_total_pct":21.54,"duration_avg":"1 day, 4:34:00","wins":5,"draws":0,"losses":35,"winrate":0.125,"cagr":2.2763136313969166,"expectancy":538.5116627577501,"expectancy_ratio":2.2928262742258463,"sortino":31.14274922670535,"sharpe":1.8077499274627309,"calmar":197.20849777659782,"sqn":0.8864,"profit_factor":3.6203728848295382,"max_drawdown_account":0.034779606312300024,"max_drawdown_abs":3477.9606312299998}],"results_per_enter_tag":[{"key":"","trades":40,"profit_mean":0.0090652789558501,"profit_mean_pct":0.91,"profit_total_abs":21540.466510309998,"profit_total":0.21540466510309997,"profit_total_pct":21.54,"duration_avg":"1 day, 4:34:00","wins":5,"draws":0,"losses":35,"winrate":0.125,"cagr":2.2763136313969166,"expectancy":538.5116627577501,"expectancy_ratio":2.2928262742258463,"sortino":31.14274922670535,"sharpe":1.8077499274627309,"calmar":197.20849777659782,"sqn":0.8864,"profit_factor":3.6203728848295382,"max_drawdown_account":0.034779606312300024,"max_drawdown_abs":3477.9606312299998},{"key":"TOTAL","trades":40,"profit_mean":0.0090652789558501,"profit_mean_pct":0.91,"profit_total_abs":21540.466510309998,"profit_total":0.21540466510309997,"profit_total_pct":21.54,"duration_avg":"1 day, 4:34:00","wins":5,"draws":0,"losses":35,"winrate":0.125,"cagr":2.2763136313969166,"expectancy":538.5116627577501,"expectancy_ratio":2.2928262742258463,"sortino":31.14274922670535,"sharpe":1.8077499274627309,"calmar":197.20849777659782,"sqn":0.8864,"profit_factor":3.6203728848295382,"max_drawdown_account":0.034779606312300024,"max_drawdown_abs":3477.9606312299998}],"exit_reason_summary":[{"key":"exit_signal","trades":39,"profit_mean":0.01176777880780828,"profit_mean_pct":1.18,"profit_total_abs":22726.02355487,"profit_total":0.2272602355487,"profit_total_pct":22.73,"duration_avg":"1 day, 3:21:00","wins":5,"draws":0,"losses":34,"winrate":0.1282051282051282,"cagr":2.4756126226291313,"expectancy":582.7185526889743,"expectancy_ratio":2.816335938896639,"sortino":48.170390823076076,"sharpe":1.8882597563163535,"calmar":208.06257671097168,"sqn":0.9373,"profit_factor":4.23050298873438,"max_drawdown_account":0.034779606312300024,"max_drawdown_abs":3477.9606312299998},{"key":"force_exit","trades":1,"profit_mean":-0.09633221527051898,"profit_mean_pct":-9.63,"profit_total_abs":-1185.55704456,"profit_total":-0.011855570445599999,"profit_total_pct":-1.19,"duration_avg":"3 days, 4:00:00","wins":0,"draws":0,"losses":1,"winrate":0.0,"cagr":-0.06998290966362442,"expectancy":-1185.55704456,"expectancy_ratio":-1.0,"sortino":-100,"sharpe":-100,"calmar":-100,"sqn":-100.0,"profit_factor":0.0,"max_drawdown_account":0.0,"max_drawdown_abs":0.0},{"key":"TOTAL","trades":40,"profit_mean":0.0090652789558501,"profit_mean_pct":0.91,"profit_total_abs":21540.466510309998,"profit_total":0.21540466510309997,"profit_total_pct":21.54,"duration_avg":"1 day, 4:34:00","wins":5,"draws":0,"losses":35,"winrate":0.125,"cagr":2.2763136313969166,"expectancy":538.5116627577501,"expectancy_ratio":2.2928262742258463,"sortino":31.14274922670535,"sharpe":1.8077499274627309,"calmar":197.20849777659782,"sqn":0.8864,"profit_factor":3.6203728848295382,"max_drawdown_account":0.034779606312300024,"max_drawdown_abs":3477.9606312299998}],"mix_tag_stats":[{"key":["","exit_signal"],"trades":39,"profit_mean":0.01176777880780828,"profit_mean_pct":1.18,"profit_total_abs":22726.02355487,"profit_total":0.2272602355487,"profit_total_pct":22.73,"duration_avg":"1 day, 3:21:00","wins":5,"draws":0,"losses":34,"winrate":0.1282051282051282,"cagr":2.4756126226291313,"expectancy":582.7185526889743,"expectancy_ratio":2.816335938896639,"sortino":48.170390823076076,"sharpe":1.8882597563163535,"calmar":208.06257671097168,"sqn":0.9373,"profit_factor":4.23050298873438,"max_drawdown_account":0.034779606312300024,"max_drawdown_abs":3477.9606312299998},{"key":["","force_exit"],"trades":1,"profit_mean":-0.09633221527051898,"profit_mean_pct":-9.63,"profit_total_abs":-1185.55704456,"profit_total":-0.011855570445599999,"profit_total_pct":-1.19,"duration_avg":"3 days, 4:00:00","wins":0,"draws":0,"losses":1,"winrate":0.0,"cagr":-0.06998290966362442,"expectancy":-1185.55704456,"expectancy_ratio":-1.0,"sortino":-100,"sharpe":-100,"calmar":-100,"sqn":-100.0,"profit_factor":0.0,"max_drawdown_account":0.0,"max_drawdown_abs":0.0},{"key":"TOTAL","trades":40,"profit_mean":0.0090652789558501,"profit_mean_pct":0.91,"profit_total_abs":21540.466510309998,"profit_total":0.21540466510309997,"profit_total_pct":21.54,"duration_avg":"1 day, 4:34:00","wins":5,"draws":0,"losses":35,"winrate":0.125,"cagr":2.2763136313969166,"expectancy":538.5116627577501,"expectancy_ratio":2.2928262742258463,"sortino":31.14274922670535,"sharpe":1.8077499274627309,"calmar":197.20849777659782,"sqn":0.8864,"profit_factor":3.6203728848295382,"max_drawdown_account":0.034779606312300024,"max_drawdown_abs":3477.9606312299998}],"left_open_trades":[{"key":"ETH/USDT","trades":1,"profit_mean":-0.09633221527051898,"profit_mean_pct":-9.63,"profit_total_abs":-1185.55704456,"profit_total":-0.011855570445599999,"profit_total_pct":-1.19,"duration_avg":"3 days, 4:00:00","wins":0,"draws":0,"losses":1,"winrate":0.0,"cagr":-0.06998290966362442,"expectancy":-1185.55704456,"expectancy_ratio":-1.0,"sortino":-100,"sharpe":-100,"calmar":-100,"sqn":-100.0,"profit_factor":0.0,"max_drawdown_account":0.0,"max_drawdown_abs":0.0},{"key":"TOTAL","trades":1,"profit_mean":-0.09633221527051898,"profit_mean_pct":-9.63,"profit_total_abs":-1185.55704456,"profit_total":-0.011855570445599999,"profit_total_pct":-1.19,"duration_avg":"3 days, 4:00:00","wins":0,"draws":0,"losses":1,"winrate":0.0,"cagr":-0.06998290966362442,"expectancy":-1185.55704456,"expectancy_ratio":-1.0,"sortino":-100,"sharpe":-100,"calmar":-100,"sqn":-100.0,"profit_factor":0.0,"max_drawdown_account":0.0,"max_drawdown_abs":0.0}],"total_trades":40,"trade_count_long":40,"trade_count_short":0,"total_volume":3810728.6264157104,"avg_stake_amount":47269.678956200005,"profit_mean":0.0090652789558501,"profit_median":-0.003479538172135193,"profit_total":0.21540466510309997,"profit_total_long":0.21540466510309997,"profit_total_short":0.0,"profit_total_abs":21540.466510309998,"profit_total_long_abs":21540.466510309998,"profit_total_short_abs":0.0,"cagr":2.2763136313969166,"expectancy":538.5116627577501,"expectancy_ratio":2.2928262742258463,"sortino":31.14274922670535,"sharpe":1.8077499274627309,"calmar":197.20849777659782,"sqn":0.8864,"profit_factor":3.6203728848295382,"backtest_start":"2025-06-26 06:00:00","backtest_start_ts":1750917600000,"backtest_end":"2025-08-26 00:00:00","backtest_end_ts":1756166400000,"backtest_days":60,"backtest_run_start_ts":1756253788,"backtest_run_end_ts":1756253792,"trades_per_day":0.67,"market_change":0.7573971168559231,"pairlist":["ETH/USDT"],"stake_amount":5000,"stake_currency":"USDT","stake_currency_decimals":3,"starting_balance":100000,"dry_run_wallet":100000,"final_balance":121540.46651031,"rejected_signals":0,"timedout_entry_orders":0,"timedout_exit_orders":0,"canceled_trade_entries":0,"canceled_entry_orders":0,"replaced_entry_orders":0,"max_open_trades":1,"max_open_trades_setting":1,"timeframe":"15m","timeframe_detail":"","timerange":"20250526-20250826","enable_protections":false,"strategy_name":"VATSMStrategy","stoploss":-0.5,"trailing_stop":false,"trailing_stop_positive":null,"trailing_stop_positive_offset":0.0,"trailing_only_offset_is_reached":false,"use_custom_stoploss":false,"minimal_roi":{"0":10},"use_exit_signal":true,"exit_profit_only":false,"exit_profit_offset":0.0,"ignore_roi_if_entry_signal":false,"trading_mode":"spot","margin_mode":"","periodic_breakdown":{"day":[{"date":"26/06/2025","date_ts":1750896000000,"profit_abs":-315.46988864,"wins":0,"draws":0,"losses":3,"trades":3,"profit_factor":0.0},{"date":"27/06/2025","date_ts":1750982400000,"profit_abs":0.0,"wins":0,"draws":0,"losses":0,"trades":0,"profit_factor":0.0},{"date":"28/06/2025","date_ts":1751068800000,"profit_abs":-1557.26950491,"wins":0,"draws":0,"losses":7,"trades":7,"profit_factor":0.0},{"date":"29/06/2025","date_ts":1751155200000,"profit_abs":-336.3681868,"wins":0,"draws":0,"losses":1,"trades":1,"profit_factor":0.0},{"date":"30/06/2025","date_ts":1751241600000,"profit_abs":0.0,"wins":0,"draws":0,"losses":0,"trades":0,"profit_factor":0.0},{"date":"01/07/2025","date_ts":1751328000000,"profit_abs":-672.37465645,"wins":0,"draws":0,"losses":2,"trades":2,"profit_factor":0.0},{"date":"02/07/2025","date_ts":1751414400000,"profit_abs":-596.47839443,"wins":0,"draws":0,"losses":3,"trades":3,"profit_factor":0.0},{"date":"03/07/2025","date_ts":1751500800000,"profit_abs":0.0,"wins":0,"draws":0,"losses":0,"trades":0,"profit_factor":0.0},{"date":"04/07/2025","date_ts":1751587200000,"profit_abs":0.0,"wins":0,"draws":0,"losses":0,"trades":0,"profit_factor":0.0},{"date":"05/07/2025","date_ts":1751673600000,"profit_abs":0.0,"wins":0,"draws":0,"losses":0,"trades":0,"profit_factor":0.0},{"date":"06/07/2025","date_ts":1751760000000,"profit_abs":0.0,"wins":0,"draws":0,"losses":0,"trades":0,"profit_factor":0.0},{"date":"07/07/2025","date_ts":1751846400000,"profit_abs":0.0,"wins":0,"draws":0,"losses":0,"trades":0,"profit_factor":0.0},{"date":"08/07/2025","date_ts":1751932800000,"profit_abs":0.0,"wins":0,"draws":0,"losses":0,"trades":0,"profit_factor":0.0},{"date":"09/07/2025","date_ts":1752019200000,"profit_abs":0.0,"wins":0,"draws":0,"losses":0,"trades":0,"profit_factor":0.0},{"date":"10/07/2025","date_ts":1752105600000,"profit_abs":0.0,"wins":0,"draws":0,"losses":0,"trades":0,"profit_factor":0.0},{"date":"11/07/2025","date_ts":1752192000000,"profit_abs":0.0,"wins":0,"draws":0,"losses":0,"trades":0,"profit_factor":0.0},{"date":"12/07/2025","date_ts":1752278400000,"profit_abs":0.0,"wins":0,"draws":0,"losses":0,"trades":0,"profit_factor":0.0},{"date":"13/07/2025","date_ts":1752364800000,"profit_abs":0.0,"wins":0,"draws":0,"losses":0,"trades":0,"profit_factor":0.0},{"date":"14/07/2025","date_ts":1752451200000,"profit_abs":0.0,"wins":0,"draws":0,"losses":0,"trades":0,"profit_factor":0.0},{"date":"15/07/2025","date_ts":1752537600000,"profit_abs":0.0,"wins":0,"draws":0,"losses":0,"trades":0,"profit_factor":0.0},{"date":"16/07/2025","date_ts":1752624000000,"profit_abs":0.0,"wins":0,"draws":0,"losses":0,"trades":0,"profit_factor":0.0},{"date":"17/07/2025","date_ts":1752710400000,"profit_abs":0.0,"wins":0,"draws":0,"losses":0,"trades":0,"profit_factor":0.0},{"date":"18/07/2025","date_ts":1752796800000,"profit_abs":0.0,"wins":0,"draws":0,"losses":0,"trades":0,"profit_factor":0.0},{"date":"19/07/2025","date_ts":1752883200000,"profit_abs":0.0,"wins":0,"draws":0,"losses":0,"trades":0,"profit_factor":0.0},{"date":"20/07/2025","date_ts":1752969600000,"profit_abs":0.0,"wins":0,"draws":0,"losses":0,"trades":0,"profit_factor":0.0},{"date":"21/07/2025","date_ts":1753056000000,"profit_abs":0.0,"wins":0,"draws":0,"losses":0,"trades":0,"profit_factor":0.0},{"date":"22/07/2025","date_ts":1753142400000,"profit_abs":0.0,"wins":0,"draws":0,"losses":0,"trades":0,"profit_factor":0.0},{"date":"23/07/2025","date_ts":1753228800000,"profit_abs":0.0,"wins":0,"draws":0,"losses":0,"trades":0,"profit_factor":0.0},{"date":"24/07/2025","date_ts":1753315200000,"profit_abs":0.0,"wins":0,"draws":0,"losses":0,"trades":0,"profit_factor":0.0},{"date":"25/07/2025","date_ts":1753401600000,"profit_abs":23453.07232469,"wins":1,"draws":0,"losses":2,"trades":3,"profit_factor":98.42448732},{"date":"26/07/2025","date_ts":1753488000000,"profit_abs":0.0,"wins":0,"draws":0,"losses":0,"trades":0,"profit_factor":0.0},{"date":"27/07/2025","date_ts":1753574400000,"profit_abs":0.0,"wins":0,"draws":0,"losses":0,"trades":0,"profit_factor":0.0},{"date":"28/07/2025","date_ts":1753660800000,"profit_abs":662.37296954,"wins":1,"draws":0,"losses":3,"trades":4,"profit_factor":2.37570507},{"date":"29/07/2025","date_ts":1753747200000,"profit_abs":-106.36618202,"wins":0,"draws":0,"losses":2,"trades":2,"profit_factor":0.0},{"date":"30/07/2025","date_ts":1753833600000,"profit_abs":0.0,"wins":0,"draws":0,"losses":0,"trades":0,"profit_factor":0.0},{"date":"31/07/2025","date_ts":1753920000000,"profit_abs":0.0,"wins":0,"draws":0,"losses":0,"trades":0,"profit_factor":0.0},{"date":"01/08/2025","date_ts":1754006400000,"profit_abs":-1383.14106303,"wins":0,"draws":0,"losses":5,"trades":5,"profit_factor":0.0},{"date":"02/08/2025","date_ts":1754092800000,"profit_abs":0.0,"wins":0,"draws":0,"losses":0,"trades":0,"profit_factor":0.0},{"date":"03/08/2025","date_ts":1754179200000,"profit_abs":0.0,"wins":0,"draws":0,"losses":0,"trades":0,"profit_factor":0.0},{"date":"04/08/2025","date_ts":1754265600000,"profit_abs":0.0,"wins":0,"draws":0,"losses":0,"trades":0,"profit_factor":0.0},{"date":"05/08/2025","date_ts":1754352000000,"profit_abs":0.0,"wins":0,"draws":0,"losses":0,"trades":0,"profit_factor":0.0},{"date":"06/08/2025","date_ts":1754438400000,"profit_abs":0.0,"wins":0,"draws":0,"losses":0,"trades":0,"profit_factor":0.0},{"date":"07/08/2025","date_ts":1754524800000,"profit_abs":-320.10590016,"wins":1,"draws":0,"losses":2,"trades":3,"profit_factor":0.3881394},{"date":"08/08/2025","date_ts":1754611200000,"profit_abs":0.0,"wins":0,"draws":0,"losses":0,"trades":0,"profit_factor":0.0},{"date":"09/08/2025","date_ts":1754697600000,"profit_abs":0.0,"wins":0,"draws":0,"losses":0,"trades":0,"profit_factor":0.0},{"date":"10/08/2025","date_ts":1754784000000,"profit_abs":0.0,"wins":0,"draws":0,"losses":0,"trades":0,"profit_factor":0.0},{"date":"11/08/2025","date_ts":1754870400000,"profit_abs":0.0,"wins":0,"draws":0,"losses":0,"trades":0,"profit_factor":0.0},{"date":"12/08/2025","date_ts":1754956800000,"profit_abs":0.0,"wins":0,"draws":0,"losses":0,"trades":0,"profit_factor":0.0},{"date":"13/08/2025","date_ts":1755043200000,"profit_abs":0.0,"wins":0,"draws":0,"losses":0,"trades":0,"profit_factor":0.0},{"date":"14/08/2025","date_ts":1755129600000,"profit_abs":0.0,"wins":0,"draws":0,"losses":0,"trades":0,"profit_factor":0.0},{"date":"15/08/2025","date_ts":1755216000000,"profit_abs":0.0,"wins":0,"draws":0,"losses":0,"trades":0,"profit_factor":0.0},{"date":"16/08/2025","date_ts":1755302400000,"profit_abs":0.0,"wins":0,"draws":0,"losses":0,"trades":0,"profit_factor":0.0},{"date":"17/08/2025","date_ts":1755388800000,"profit_abs":0.0,"wins":0,"draws":0,"losses":0,"trades":0,"profit_factor":0.0},{"date":"18/08/2025","date_ts":1755475200000,"profit_abs":4403.97102574,"wins":1,"draws":0,"losses":2,"trades":3,"profit_factor":25.30989554},{"date":"19/08/2025","date_ts":1755561600000,"profit_abs":-505.81898866,"wins":1,"draws":0,"losses":2,"trades":3,"profit_factor":0.21066908},{"date":"20/08/2025","date_ts":1755648000000,"profit_abs":0.0,"wins":0,"draws":0,"losses":0,"trades":0,"profit_factor":0.0},{"date":"21/08/2025","date_ts":1755734400000,"profit_abs":0.0,"wins":0,"draws":0,"losses":0,"trades":0,"profit_factor":0.0},{"date":"22/08/2025","date_ts":1755820800000,"profit_abs":0.0,"wins":0,"draws":0,"losses":0,"trades":0,"profit_factor":0.0},{"date":"23/08/2025","date_ts":1755907200000,"profit_abs":0.0,"wins":0,"draws":0,"losses":0,"trades":0,"profit_factor":0.0},{"date":"24/08/2025","date_ts":1755993600000,"profit_abs":0.0,"wins":0,"draws":0,"losses":0,"trades":0,"profit_factor":0.0},{"date":"25/08/2025","date_ts":1756080000000,"profit_abs":0.0,"wins":0,"draws":0,"losses":0,"trades":0,"profit_factor":0.0},{"date":"26/08/2025","date_ts":1756166400000,"profit_abs":-1185.55704456,"wins":0,"draws":0,"losses":1,"trades":1,"profit_factor":0.0}],"week":[{"date":"30/06/2025","date_ts":1751241600000,"profit_abs":-2209.10758035,"wins":0,"draws":0,"losses":11,"trades":11,"profit_factor":0.0},{"date":"07/07/2025","date_ts":1751846400000,"profit_abs":-1268.85305088,"wins":0,"draws":0,"losses":5,"trades":5,"profit_factor":0.0},{"date":"14/07/2025","date_ts":1752451200000,"profit_abs":0.0,"wins":0,"draws":0,"losses":0,"trades":0,"profit_factor":0.0},{"date":"21/07/2025","date_ts":1753056000000,"profit_abs":0.0,"wins":0,"draws":0,"losses":0,"trades":0,"profit_factor":0.0},{"date":"28/07/2025","date_ts":1753660800000,"profit_abs":24115.44529423,"wins":2,"draws":0,"losses":5,"trades":7,"profit_factor":34.39119647},{"date":"04/08/2025","date_ts":1754265600000,"profit_abs":-1489.50724505,"wins":0,"draws":0,"losses":7,"trades":7,"profit_factor":0.0},{"date":"11/08/2025","date_ts":1754870400000,"profit_abs":-320.10590016,"wins":1,"draws":0,"losses":2,"trades":3,"profit_factor":0.3881394},{"date":"18/08/2025","date_ts":1755475200000,"profit_abs":4403.97102574,"wins":1,"draws":0,"losses":2,"trades":3,"profit_factor":25.30989554},{"date":"25/08/2025","date_ts":1756080000000,"profit_abs":-505.81898866,"wins":1,"draws":0,"losses":2,"trades":3,"profit_factor":0.21066908},{"date":"01/09/2025","date_ts":1756684800000,"profit_abs":-1185.55704456,"wins":0,"draws":0,"losses":1,"trades":1,"profit_factor":0.0}],"month":[{"date":"30/06/2025","date_ts":1751241600000,"profit_abs":-2209.10758035,"wins":0,"draws":0,"losses":11,"trades":11,"profit_factor":0.0},{"date":"31/07/2025","date_ts":1753920000000,"profit_abs":22740.22606133,"wins":2,"draws":0,"losses":12,"trades":14,"profit_factor":11.84195318},{"date":"31/08/2025","date_ts":1756598400000,"profit_abs":1009.34802933,"wins":3,"draws":0,"losses":12,"trades":15,"profit_factor":1.25789163}],"year":[{"date":"31/12/2025","date_ts":1767139200000,"profit_abs":21540.46651031,"wins":5,"draws":0,"losses":35,"trades":40,"profit_factor":3.62037288}]},"backtest_best_day":0.465138531245881,"backtest_worst_day":-0.09633221527051898,"backtest_best_day_abs":23453.07232469,"backtest_worst_day_abs":-1557.26950491,"winning_days":3,"draw_days":49,"losing_days":10,"daily_profit":[["2025-06-26",-315.46988864],["2025-06-27",0.0],["2025-06-28",-1557.26950491],["2025-06-29",-336.3681868],["2025-06-30",0.0],["2025-07-01",-672.37465645],["2025-07-02",-596.47839443],["2025-07-03",0.0],["2025-07-04",0.0],["2025-07-05",0.0],["2025-07-06",0.0],["2025-07-07",0.0],["2025-07-08",0.0],["2025-07-09",0.0],["2025-07-10",0.0],["2025-07-11",0.0],["2025-07-12",0.0],["2025-07-13",0.0],["2025-07-14",0.0],["2025-07-15",0.0],["2025-07-16",0.0],["2025-07-17",0.0],["2025-07-18",0.0],["2025-07-19",0.0],["2025-07-20",0.0],["2025-07-21",0.0],["2025-07-22",0.0],["2025-07-23",0.0],["2025-07-24",0.0],["2025-07-25",23453.07232469],["2025-07-26",0.0],["2025-07-27",0.0],["2025-07-28",662.37296954],["2025-07-29",-106.36618202],["2025-07-30",0.0],["2025-07-31",0.0],["2025-08-01",-1383.14106303],["2025-08-02",0.0],["2025-08-03",0.0],["2025-08-04",0.0],["2025-08-05",0.0],["2025-08-06",0.0],["2025-08-07",-320.10590016],["2025-08-08",0.0],["2025-08-09",0.0],["2025-08-10",0.0],["2025-08-11",0.0],["2025-08-12",0.0],["2025-08-13",0.0],["2025-08-14",0.0],["2025-08-15",0.0],["2025-08-16",0.0],["2025-08-17",0.0],["2025-08-18",4403.97102574],["2025-08-19",-505.81898866],["2025-08-20",0.0],["2025-08-21",0.0],["2025-08-22",0.0],["2025-08-23",0.0],["2025-08-24",0.0],["2025-08-25",0.0],["2025-08-26",-1185.55704456]],"wins":5,"losses":35,"draws":0,"winrate":0.125,"holding_avg":"1 day, 4:34:00","holding_avg_s":102840.0,"winner_holding_min":"0d 03:15","winner_holding_min_s":11700.0,"winner_holding_max":"23d 03:00","winner_holding_max_s":1998000.0,"winner_holding_avg":"7d 10:06","winner_holding_avg_s":641160.0,"loser_holding_min":"0d 00:15","loser_holding_min_s":900.0,"loser_holding_max":"3d 04:00","loser_holding_max_s":273600.0,"loser_holding_avg":"0d 07:12","loser_holding_avg_s":25920.0,"max_consecutive_wins":1,"max_consecutive_losses":16,"max_drawdown_account":0.034779606312300024,"max_relative_drawdown":0.034779606312300024,"max_drawdown_abs":3477.9606312299998,"drawdown_start":"2025-06-26 07:15:00","drawdown_start_ts":1750922100000.0,"drawdown_end":"2025-07-02 12:00:00","drawdown_end_ts":1751457600000.0,"max_drawdown_low":-3477.9606312299998,"max_drawdown_high":-56.34551675,"csum_min":96522.03936877,"csum_max":123413.00214656}},"strategy_comparison":[{"key":"VATSMStrategy","trades":40,"profit_mean":0.0090652789558501,"profit_mean_pct":0.91,"profit_total_abs":21540.466510309998,"profit_total":0.21540466510309997,"profit_total_pct":21.54,"duration_avg":"1 day, 4:34:00","wins":5,"draws":0,"losses":35,"winrate":0.125,"cagr":2.2763136313969166,"expectancy":538.5116627577501,"expectancy_ratio":2.2928262742258463,"sortino":31.14274922670535,"sharpe":1.8077499274627309,"calmar":197.20849777659782,"sqn":0.8864,"profit_factor":3.6203728848295382,"max_drawdown_account":0.034779606312300024,"max_drawdown_abs":"3477.961"}]}